100
5701 4686 4249 3452 4470 4489 4839 4734 4721 7534 3866 5089 4489 3725 4102 4614 4015 5154 -1 4792 3574 3884 3866 4356 4412 6027 2962 4019 2935 2994 4337 3557 1216 5119 -1 5963 3491 4466 -1 -1 4205 4233 6033 3460 -1 3745 4667 4910 4224 2946 5356 3242 1696 -1 2845 4882 3320 4194 3439 4662 5455 4324 5981 -1 6292 5004 5344 4156 4731 4217 3107 4213 3374 4030 4044 4235 2837 4761 4239 6751 5416 4585 3580 5096 4040 6478 -1 3889 4703 5033 5895 2903 5487 3176 5551 4022 3068 3936 5987 3311
4568 2909 -1 5089 5820 3976 2629 4665 3537 4877 3654 3480 2986 4626 3253 4359 5513 4061 1841 4726 3918 3333 3711 4555 5037 3034 -1 5485 3086 3690 4627 4109 4249 3868 4004 4273 5677 4915 5074 5822 4910 4691 4385 6165 4564 4108 2544 4947 4956 3682 4189 4553 3872 4828 4167 4313 2185 6034 3655 3308 6105 4439 4642 7180 2368 4116 4978 4185 3731 -1 6332 7567 3885 -1 3074 3658 -1 4043 4451 3750 3416 4948 3506 2452 5530 5197 6089 4375 4711 2905 2828 4796 3967 4456 4186 4132 5735 3717 -1 -1
2562 2498 3061 2920 2145 4230 1533 1785 3079 3154 3632 2595 3375 2877 1891 3675 1978 3065 -1 1595 2067 2928 1522 3183 3486 2346 2740 3748 3622 3965 2790 1804 2933 1577 -1 1790 2212 2614 -1 -1 3424 2780 1743 2510 -1 1052 1918 2901 3053 1661 1016 2381 2473 -1 3192 1505 2679 2597 1981 2673 4966 1500 3456 -1 1699 2494 3131 2214 1895 3990 1042 2415 4326 2356 2133 1693 1312 1775 2888 1871 3020 2618 2114 2360 2386 3277 -1 1805 2973 2667 2394 1704 2643 2648 1985 2604 2902 3781 2829 838
2355 2227 -1 2737 2421 1244 1520 433 2287 3596 495 4059 1183 2297 2923 3189 3355 2565 2328 1451 2728 836 1425 543 3563 3083 -1 2315 4793 2110 2215 2494 2354 2944 3199 2740 2317 3261 3751 214 2359 2285 1317 2125 1138 3186 2981 3542 2303 1941 1611 1024 2394 1787 2434 1615 1964 612 3125 1790 3127 3058 1623 2903 2239 1525 1981 2273 4946 -1 2888 3512 2573 -1 2925 2968 -1 2836 3240 2852 2384 1653 2615 3171 3111 978 2072 2588 2657 1244 2996 3179 1394 2490 6182 2779 2166 3125 -1 -1
0 3376 2616 2366 3389 2882 3753 3221 2243 5056 2947 3610 3313 2809 3036 1622 2949 3809 -1 3727 2095 2334 2521 2877 3318 4735 2043 3117 4150 1515 3272 758 3407 3823 -1 4251 2572 3330 -1 -1 3140 2600 3554 2395 -1 3157 3422 3845 3078 1467 3891 2177 217 -1 1366 3763 1841 2561 2094 3597 2014 2845 4636 -1 4376 4085 4425 4114 2815 3196 1762 3119 1895 2551 2197 3170 1918 3429 3174 4273 2938 3240 2515 3546 2695 4756 -1 2824 2704 3554 2903 1424 4130 1697 4486 2106 2003 2871 4892 1966
4322 0 2813 2976 3170 3601 3140 5174 3212 6025 3383 4283 3929 3778 2705 3217 2618 3691 -1 4316 3840 3303 2215 3380 3099 4450 2479 2958 4431 1707 2940 1727 3101 5144 -1 4566 3028 3830 -1 -1 3729 3465 4382 2984 -1 4902 3116 3436 2827 2636 3657 1845 3581 -1 4730 4790 2806 3426 1788 3265 5234 1958 4647 -1 5628 4521 3753 3955 4067 3754 2644 2900 2860 2564 3922 3611 2374 3912 2842 5242 3907 3122 2183 3815 2389 3768 -1 2492 4299 4185 4498 3071 2264 3178 4154 3358 2592 2381 4432 1660
4245 2367 0 2551 3666 3271 3938 5056 4323 6100 2965 4779 4259 3939 2389 3713 2302 3515 -1 3891 4951 2515 2778 1776 3595 4592 2061 3322 3492 2818 3156 2838 3664 4218 -1 5062 2590 3565 -1 -1 3304 3135 4489 2559 -1 2844 2954 3914 1977 2769 3392 2341 4144 -1 4345 3981 2449 3096 2351 1607 5048 2109 4382 -1 5728 4103 4443 3255 4167 3129 2019 3396 1632 3127 3143 1916 1936 3860 3058 5255 5018 3497 2679 3727 2952 4860 -1 2988 4661 2896 4994 2726 3394 2893 4650 3458 2167 727 2778 2223
3249 2309 2067 0 3756 2199 1387 3421 3798 4612 2414 4234 3705 3388 3291 3803 3204 3923 -1 4902 4426 2445 2801 3224 3159 3371 2615 3029 3859 2293 1507 2313 3687 4099 -1 4637 3614 2886 -1 -1 4315 2063 4968 2035 -1 3616 3702 4022 3413 1975 1904 2431 3466 -1 3923 3199 2349 2024 2374 3674 3810 1584 2894 -1 5652 3552 2680 4026 4091 3379 2594 3486 2403 3150 4399 1858 2960 1309 3428 5828 4350 3708 2769 3657 2638 4234 -1 3078 3604 4062 5084 1932 2869 3025 4740 3382 3178 2794 4448 2246
1490 3637 1886 1707 0 3062 3094 4656 3204 5699 1862 3932 3156 3020 2541 2729 2454 3150 -1 4308 3082 1951 1862 3027 3091 4097 958 2950 3655 1699 2932 1719 1434 3115 -1 3966 1487 2462 -1 -1 2964 1870 2488 2976 -1 1741 2763 3351 2819 1666 3551 1837 1707 -1 2856 3195 1346 1831 1435 2873 3504 990 3977 -1 3929 3000 3340 3902 2368 2213 1103 2892 1400 2211 2040 3186 833 3016 2834 5234 3899 2581 2175 3163 2036 3779 -1 2484 3558 3059 4010 1623 2275 1977 3715 1659 2584 2613 4024 1307
5103 4764 4415 4664 4902 0 4872 4915 4944 7442 3898 4171 3703 4846 4437 4949 4350 5243 -1 6004 5234 4633 3947 5112 4831 4829 4211 4690 2790 3439 4146 3459 4833 4384 -1 6298 4760 4849 -1 -1 5417 4840 6114 4672 -1 6151 4848 4988 4559 4368 5389 3577 5313 -1 3643 4960 4538 4801 3520 4629 6156 2730 6379 -1 7089 5036 5504 5687 5528 5486 4376 4632 535 4296 5654 4313 4106 2767 4048 6974 5043 4674 3915 3185 4121 4495 -1 4224 4105 2194 6230 4803 4015 4625 5886 4819 4280 4848 4711 3392
2404 922 2079 2465 2836 2211 0 2034 2591 3225 1742 3052 3595 2494 2371 2883 2284 2536 -1 3805 3055 2541 1881 2893 1868 3314 1228 1642 2472 1373 120 1393 2767 4111 -1 3250 2694 1499 -1 -1 3218 2075 4048 648 -1 3087 2782 3102 2493 2287 517 1511 2621 -1 2536 1812 2472 2036 1454 2900 2423 664 1507 -1 4265 2880 3438 2639 2704 3391 2310 2566 1990 1780 3301 471 2040 3456 2508 4621 2963 2788 1849 3023 1562 2847 -1 2158 2763 3649 4164 2244 1949 1862 3820 1995 2081 2806 3061 1326
2388 3249 2704 2644 1337 2836 4031 0 4082 5908 2799 4747 4093 4044 2900 4010 3257 2999 -1 4602 4106 2929 2579 3523 3796 3545 1895 2579 2954 3034 3076 2597 2196 4052 -1 4903 2424 3138 -1 -1 3901 2700 2054 3270 -1 2678 2211 2744 3040 2603 4488 3052 2605 -1 3754 3445 2283 2661 2372 3382 2484 2327 4780 -1 5266 3937 3496 4542 3705 3150 2040 4107 2337 3148 2977 2798 1770 3953 2978 6112 4054 2430 3204 4141 2044 4892 -1 3513 1390 3996 5291 2560 3612 2150 3378 2996 2878 3431 4700 2244
1992 2315 1285 2134 3669 1799 3521 3574 0 2813 2742 3943 3305 3432 3135 2270 3048 2163 -1 3894 2643 2778 2796 2824 2759 3120 1892 2252 3083 2347 3279 2441 3682 3699 -1 3860 2421 1087 -1 -1 3307 1663 3335 2562 -1 2675 3697 1908 3025 1940 3891 2344 2209 -1 3358 2988 1940 1624 2369 2892 4006 2057 3743 -1 5213 3517 4274 3249 3871 2979 2037 3399 1994 2551 2974 1864 1767 3044 3181 2030 695 1594 2682 2287 2970 4846 -1 2651 3320 3653 3551 1897 3342 1999 4145 3162 2170 2012 2649 2241
3804 3083 1678 2716 3415 1810 3791 4199 3822 0 2753 3954 3316 3267 2061 4639 1974 1716 -1 4817 3411 2775 2871 2488 2770 3131 2660 2994 3754 2151 3290 2337 3757 3710 -1 5310 3189 1855 -1 -1 3973 1674 5038 3139 -1 3227 2626 1461 2689 1493 4308 3267 2031 -1 2456 2999 1493 1635 2444 3285 4046 2477 3754 -1 5273 3891 4196 4699 4082 2990 2112 3145 1547 3220 3742 2632 2535 3812 3192 5615 4401 1147 3605 3987 3045 4359 -1 3320 3483 3158 5920 1450 3236 2636 4331 3930 3093 2405 3417 2316
4679 4651 2284 3194 4878 2416 4397 4807 3872 5427 0 4560 3922 3465 3133 4928 3046 3454 -1 5835 4500 3713 3349 2974 3376 3737 2631 2928 4247 1619 1523 2535 4235 4316 -1 3977 4611 4003 -1 -1 4451 2280 5114 1566 -1 3833 3698 5035 3175 1971 4894 3556 4715 -1 4111 3605 1938 2241 2922 3891 4652 3083 4360 -1 5751 1138 5241 3925 4527 3596 2590 4608 1992 3698 4582 4200 3994 4503 3798 5902 4567 4068 3894 4925 2855 4250 -1 4203 3681 3651 6209 2913 4368 3148 5417 3967 4201 3011 5062 2794
3260 3371 1936 3031 3267 3058 3237 4270 3163 5976 3285 0 3283 2928 2802 3130 2715 3023 -1 4413 3791 2863 1569 3477 3196 2911 2381 3055 4135 1804 3037 1824 3198 1905 -1 4663 3125 3053 -1 -1 3826 2922 4479 2982 -1 4233 3213 2768 2924 2657 3643 1942 3338 -1 4487 4078 2800 2883 1885 3362 4238 1095 4633 -1 5579 4423 3869 4052 3185 3537 2427 2997 2421 2661 3873 3431 2471 849 2939 5193 3858 2454 2280 731 2486 3884 -1 2589 3144 3539 4411 2614 2380 2171 4251 3309 2689 2663 4615 1757
1400 2261 2456 2937 3710 2588 4145 3140 3643 4848 3072 4732 0 1269 2356 3022 2269 2011 -1 4336 3495 3070 3092 2783 3548 3909 2168 2991 3505 641 2088 2158 3978 4488 -1 4599 2717 2150 -1 -1 3749 2452 4954 2616 -1 3738 2921 1756 2984 1788 4662 2401 1617 -1 2766 2457 1788 2413 2665 2571 3414 2003 4532 -1 5568 4210 4491 3988 4215 3443 2333 3440 1842 3441 3597 1810 2063 4107 1990 5673 4338 1442 2216 3926 2668 4628 -1 2512 402 3453 4303 1745 3288 3097 4174 3506 2612 3183 2117 2537
3947 3554 1187 2263 2457 1319 3300 4065 2558 5230 2262 3463 2825 0 1992 2504 1905 3837 -1 3603 3186 2649 2775 2344 2279 2640 2933 2245 3556 1867 2227 1798 3279 3219 -1 3853 3551 3504 -1 -1 3016 1183 4436 2271 -1 2736 2557 4182 2114 1923 3817 1132 3759 -1 4375 2508 2857 1144 2511 2552 3555 1986 3263 -1 4974 3400 4760 3242 3413 2499 2287 2187 1854 3287 3268 3103 2897 3487 2129 4588 3253 3765 1470 3861 1758 4463 -1 1779 3227 3513 3785 2440 3271 2145 3441 2704 1879 1914 3965 2383
4154 2158 3002 2945 4128 2197 4258 3401 2848 5449 3573 4437 3322 2513 0 4064 3307 3260 -1 4094 3476 2616 1608 1877 4057 3295 3223 933 3372 3165 3966 2088 2494 4437 -1 3507 2870 2689 -1 -1 4010 2951 3775 3265 -1 4277 565 2638 2078 2507 3297 2916 2974 -1 4123 4185 2199 2912 1181 3546 4581 2645 4287 -1 5264 4711 3585 2896 3703 3451 2341 3858 2253 1957 2676 3367 3369 4078 3868 4878 3543 2691 3254 3828 1782 2471 -1 2773 3724 3578 5345 2464 3088 2119 3676 2994 2873 2824 4251 1053
2080 2941 2788 3371 4390 3492 4326 4296 4227 5600 3506 4855 4396 3922 3036 0 2949 2691 -1 3614 3984 2807 3526 3463 4319 4304 2602 3338 3939 2893 2768 2838 2917 5068 -1 2629 3151 2780 -1 -1 4442 2772 1932 3296 -1 4325 2970 2436 3664 2468 4843 3530 2297 -1 3446 2891 2468 2733 3099 3251 4094 2683 5436 -1 2943 4644 5004 4758 4744 3877 2767 4120 2522 3875 4066 2490 2497 4680 2670 6257 4922 2122 2896 4019 3700 5472 -1 3205 1082 4133 1281 2425 3968 2028 4137 4186 3305 3515 3990 2971
4241 2245 3089 3032 4215 2284 4345 3488 2935 5536 3660 4524 3409 2600 87 4151 0 3347 -1 4181 3563 2703 1695 1964 4144 3382 3310 1020 3459 3252 3821 2129 2581 4524 -1 3594 2957 2776 -1 -1 4097 3038 3862 3352 -1 4364 652 2725 2165 2594 3384 3003 3061 -1 4210 4272 2286 2999 1268 2272 4668 2732 4374 -1 5351 4798 3672 2983 3790 3538 2428 3945 2340 2044 2763 3454 3456 2849 3723 4965 3630 2778 3341 3915 1869 2558 -1 2860 3811 3665 5432 2551 3175 2206 2790 3081 2960 2911 4338 1140
3496 3363 2444 2088 2090 3163 3475 4110 3684 5989 1575 3203 2096 3365 1581 4195 1494 0 -1 3428 3441 2161 2782 1422 2019 4484 2495 2514 2472 2062 3098 3065 3040 4904 -1 5085 3577 2451 -1 -1 2841 3027 4321 2096 -1 3831 2146 3852 1623 1404 3992 2823 3520 -1 2559 2837 386 2988 2355 2377 4980 3080 4064 -1 5184 2713 4759 4112 2975 3133 2023 1820 440 3065 3523 2912 2923 3397 3820 5714 3076 3501 3161 3373 2956 4052 -1 1604 2498 2099 5458 1361 4365 2837 3266 3741 1704 2572 4013 2227
-1 -1 -1 -1 -1 -1 -1 -1 -1 -1 -1 -1 -1 -1 -1 -1 -1 -1 -1 -1 -1 -1 -1 -1 -1 -1 -1 -1 -1 -1 -1 -1 -1 -1 -1 -1 -1 -1 -1 -1 -1 -1 -1 -1 -1 -1 -1 -1 -1 -1 -1 -1 -1 -1 -1 -1 -1 -1 -1 -1 -1 -1 -1 -1 -1 -1 -1 -1 -1 -1 -1 -1 -1 -1 -1 -1 -1 -1 -1 -1 -1 -1 -1 -1 -1 -1 -1 -1 -1 -1 -1 -1 -1 -1 -1 -1 -1 -1 -1 -1
3287 3053 1066 1533 4037 1198 2920 3415 2147 4024 2141 3342 2704 1842 3455 3274 3368 3898 -1 0 1904 1367 2654 2223 2158 2519 2433 3478 3435 1746 2678 1143 1743 3098 -1 5402 3323 486 -1 -1 3982 1062 3024 3206 -1 2615 3110 3643 2424 2181 3437 2712 2223 -1 3184 2387 2927 1023 2390 2673 3383 1865 3142 -1 4474 3279 4213 3318 2913 2090 2147 3767 1733 2360 1986 2602 2669 2443 2580 4177 2842 3329 3050 2579 2822 4627 -1 3359 2289 3392 4555 3029 3150 2024 4277 2204 2845 1793 3844 2262
2670 2914 2221 1803 2627 2503 3190 4313 1864 4504 2204 3740 2633 2430 2453 2965 2366 2753 -1 3143 0 1228 1101 2996 2556 3827 1786 2706 2332 694 1607 1104 2478 2436 -1 4314 2315 2778 -1 -1 2556 1125 2584 1811 -1 1062 2493 3026 2575 2244 1796 1593 2887 -1 3010 2450 2174 2166 1404 3013 1881 2656 2786 -1 4243 3342 3808 3703 2682 3041 1593 2357 2228 456 2574 2463 1661 3112 2590 3894 2559 2184 1931 2440 2005 3074 -1 2240 1672 3071 4246 2405 3691 2680 3660 1973 1419 2287 4338 1276
3564 1686 2626 2712 3600 3362 3570 5095 3642 6455 2867 4565 3764 3258 3135 3611 3048 3504 -1 4746 4270 0 2050 3359 3529 4880 1963 3388 4616 2137 3370 2157 3531 4778 -1 4996 2492 3643 -1 -1 3969 3226 4812 3414 -1 4452 3546 3249 3257 2671 4087 2275 3781 -1 4930 4551 2351 3187 2218 3215 5578 1428 4982 -1 6058 4005 4202 4385 3666 3218 2108 3330 2405 2994 4352 1235 1838 4021 3272 5672 4337 2935 2613 1212 2819 4217 -1 2922 4166 4020 4892 2628 2713 2652 4584 3788 3022 2335 4386 2090
3114 2980 2242 3159 3742 2374 4355 4545 2074 4887 3227 4518 1714 2983 2717 3201 3146 1652 -1 5080 2934 1294 0 2424 3334 3695 2360 3638 2566 2355 3262 2273 4200 4274 -1 5246 3208 2837 -1 -1 4416 2238 5133 3748 -1 3791 3282 3470 2625 3056 4632 3569 3331 -1 3419 2948 2038 2199 1932 3849 4513 2722 4318 -1 4401 4365 5061 3245 2840 3554 2555 3472 2092 3390 3536 2529 2554 2470 3704 4013 2769 1083 3907 2506 3488 4781 -1 3256 2116 1970 4482 3013 4007 3200 4918 2131 3356 2969 3831 2759
3819 1941 3365 3434 3855 2537 3825 3741 3188 6001 2781 4777 4020 2756 3390 3455 3303 1924 -1 4937 3816 739 2789 0 3784 3911 1877 2239 3712 2392 2707 1826 3778 4990 -1 3847 3231 3761 -1 -1 4350 3481 4687 3235 -1 3916 3793 3988 201 3257 4185 2530 4036 -1 4483 4525 2310 3442 2473 2679 4066 1683 5175 -1 4655 3919 4457 2690 3094 3957 2830 3585 2364 3249 3898 1490 2577 4597 3527 5218 3883 3107 2868 1951 3074 4472 -1 3113 2972 4023 4036 3285 2968 2459 4775 2385 3213 1799 3850 2345
4444 2792 425 2976 4091 3696 4363 4976 2767 5580 3390 1184 4467 4005 2553 4138 2466 3940 -1 4316 4975 2940 2753 2201 0 4095 2486 3486 3917 2988 3581 3008 4089 3089 -1 5487 3015 3854 -1 -1 3729 3560 4914 2106 -1 3269 3118 3952 2402 3194 3817 2766 4522 -1 4770 4406 2874 3521 2776 2032 5315 2279 4807 -1 5660 4528 4868 3680 4369 3554 2444 3821 2057 3552 3568 2341 2361 2033 3483 4797 3462 3638 3104 1915 3377 5024 -1 3413 4221 3321 5419 3151 3564 3318 5075 3883 2592 1152 3203 2648
4110 2883 3089 1649 2764 3221 3036 4154 3501 5900 2063 3877 3357 3556 2299 2811 2212 2370 -1 2989 4065 2081 2063 3001 2693 0 1159 2552 3856 2525 2252 2626 2949 3316 -1 4160 1688 2509 -1 -1 2402 3085 4230 1657 -1 1942 2864 2115 2421 1867 3553 1439 2685 -1 3834 3079 1547 3046 1636 2859 4146 2625 4178 -1 5619 3201 3541 2353 4058 2414 1304 2494 1601 2412 2241 2432 1034 2958 2436 5531 4196 1801 1777 3293 2237 4675 -1 2086 3759 3260 4092 1824 3684 2178 3748 3349 1265 2133 4071 1508
4122 4281 2986 3218 2632 3320 3382 5416 3454 6267 904 3745 4171 4020 2947 3459 2860 3933 -1 4558 4082 3545 2457 3451 2561 4641 0 3156 4673 1949 2427 1969 3343 5220 -1 4808 3270 4072 -1 -1 3971 3184 4624 2470 -1 4373 2788 3678 3069 2875 3899 2087 3823 -1 4588 4509 2415 3145 2030 3507 5476 2200 4889 -1 5870 2042 4014 4197 4309 3996 2886 2362 2469 2806 4164 3853 2616 4154 3084 5484 4149 3364 2425 4057 2631 4029 -1 2734 4541 4128 4740 3313 2525 3420 4396 3600 2834 3702 5634 1902
4259 2984 2336 2506 4037 2468 3893 4359 4138 5294 3411 4612 2859 1580 3572 4084 3485 4699 -1 4326 3312 3418 3465 3493 3428 3789 2561 0 4705 3016 3807 3378 4351 4368 -1 5433 3090 1756 -1 -1 3739 2332 5632 2994 -1 3344 4137 4444 3694 3269 4410 2712 4476 -1 4372 3657 2949 2293 3038 3943 3648 2726 4412 -1 6101 4186 4943 4822 4533 3648 2706 3767 3003 3768 1743 2533 2436 3615 3709 5158 4833 4130 3050 4630 3338 5515 -1 3359 3261 4662 5365 3226 4011 3294 5021 3831 2602 3063 3318 2910
4479 3108 3343 1874 2989 3524 3261 5123 3726 6486 1108 4102 5030 3781 2524 3036 2437 3587 -1 3214 4354 2306 3833 3226 2918 4449 3015 2777 0 2727 2631 2851 4423 5424 -1 4385 3564 3193 -1 -1 2627 3388 4968 1882 -1 4730 3089 3332 2646 2455 3778 1664 3902 -1 853 3304 3046 3349 3406 3084 5091 2850 4768 -1 5979 2246 4554 3774 4581 3618 3074 2719 3100 4182 4436 2657 2910 3183 2661 5756 4421 3018 2002 3518 3963 4900 -1 2311 3997 4759 4317 3321 4135 2997 3973 3872 1490 2358 4409 3278
5148 5784 5076 3475 4956 5208 4862 3619 5756 7523 5165 5391 5396 5382 4003 6112 4459 5334 -1 4815 6454 4681 3682 5282 5723 5917 4616 4936 4057 0 4982 4452 4568 5604 -1 7461 4944 5301 -1 -1 4228 5072 5673 3483 -1 5399 4568 5653 4143 3135 5379 4740 5048 -1 4910 6180 4246 5033 4086 3764 6103 3950 6369 -1 6915 6303 5659 6632 6026 4864 3754 5524 4209 4862 5698 5333 4491 4784 5215 7695 5157 4765 5078 4405 3147 5715 -1 2991 4859 5652 7322 3829 5235 4628 4653 5317 3091 3959 6010 3958
3641 3762 2671 2804 3740 3110 3881 3769 2471 3904 2012 4060 4297 2427 3696 3514 3888 2416 -1 5445 3099 2521 2959 2773 3669 3194 1108 1522 2995 2977 0 1497 3449 4273 -1 3130 3677 3278 -1 -1 4061 2655 4730 528 -1 3931 3464 3986 2974 2790 3856 3115 3858 -1 3848 3712 2802 2616 2532 4072 3737 2268 4846 -1 4714 3150 4749 2519 3153 3971 2200 3470 2856 3308 3181 3311 3023 4113 3491 4501 3166 3513 3453 3733 3011 2727 -1 3762 2643 4515 4795 2747 3553 1742 4501 2444 3862 3080 4785 2404
3477 3262 1858 1608 3991 2124 2995 4115 1485 4298 2210 3204 3311 2051 2734 2701 3462 3051 -1 4249 2113 1576 1763 2928 3084 3977 1860 3032 4215 2622 3115 0 2649 3417 -1 5330 3025 2572 -1 -1 2865 1842 3930 3446 -1 3175 2664 3393 2933 2069 3452 3183 3129 -1 4068 3167 2354 1803 1336 3216 3994 3004 3878 -1 3901 3348 3740 3527 2340 3158 1004 3721 2408 2112 2195 2811 2894 2917 3360 3515 2180 2482 3521 2788 1937 4281 -1 3830 3713 3733 3982 2026 4289 2804 3831 1631 3054 2585 4134 1208
4485 3470 3033 2236 3254 3273 3623 3518 3505 6318 2650 3873 3658 3200 2886 3398 2799 3938 -1 3576 2358 2668 2650 3140 3280 4811 1746 3139 4413 1778 3121 2341 0 3903 -1 4747 2275 3250 -1 -1 2989 3017 4817 2244 -1 2529 3451 3694 3008 1730 4140 2026 480 -1 1629 3666 2104 2978 2223 3446 4239 3108 4765 -1 5076 3788 4128 2940 3515 3001 1891 3081 2158 2814 2828 3019 1621 3545 3023 5535 4200 3369 2364 3880 2824 5262 -1 2673 3487 3817 4679 1687 4271 1960 4335 2806 1852 2720 4771 2095
3250 2376 1631 1591 2029 1860 2978 3888 1258 4071 1983 3142 1941 1824 2321 2474 2234 2757 -1 3821 1886 1349 1746 2162 1958 3181 1633 2906 3435 1410 1384 498 2632 0 -1 4514 2482 1148 -1 -1 2848 1579 3913 1912 -1 2736 2647 2070 2363 752 3435 2271 2640 -1 3299 2904 1126 1576 1319 1867 3767 2118 3804 -1 3674 3121 3723 3300 2113 2481 987 1759 1180 2095 1968 1925 1828 2697 1286 3288 1953 2465 2609 989 1920 4054 -1 2918 2343 2839 3755 709 3403 2185 3814 1404 2097 2358 2710 1191
-1 -1 -1 -1 -1 -1 -1 -1 -1 -1 -1 -1 -1 -1 -1 -1 -1 -1 -1 -1 -1 -1 -1 -1 -1 -1 -1 -1 -1 -1 -1 -1 -1 -1 -1 -1 -1 -1 -1 -1 -1 -1 -1 -1 -1 -1 -1 -1 -1 -1 -1 -1 -1 -1 -1 -1 -1 -1 -1 -1 -1 -1 -1 -1 -1 -1 -1 -1 -1 -1 -1 -1 -1 -1 -1 -1 -1 -1 -1 -1 -1 -1 -1 -1 -1 -1 -1 -1 -1 -1 -1 -1 -1 -1 -1 -1 -1 -1 -1 -1
2393 3254 2709 1904 3858 2841 3291 2521 3592 5900 2804 4752 3773 4158 2250 4015 2163 3004 -1 4545 4220 2830 2059 2091 3801 3550 1900 2584 2959 1339 3081 2832 2201 3665 -1 0 2429 3120 -1 -1 3161 2705 3482 2327 -1 2683 2216 2749 2292 681 3748 3057 2610 -1 3228 3450 1055 2666 1632 3387 2489 2469 4174 -1 4461 3906 3501 4306 3644 2410 1300 3725 1109 2408 2982 2803 1775 3213 2983 5622 4059 2435 3209 4042 2049 4721 -1 3518 1395 2768 5296 638 3754 2114 3383 3738 2883 3436 4682 1504
3885 3670 1871 2226 4399 2003 3613 4523 1893 4706 2618 4147 3509 2459 2168 3109 2081 3669 -1 4867 2521 1984 2381 2621 2963 3324 2268 3101 3894 1869 2935 1133 3267 3418 -1 5447 0 1291 -1 -1 3483 1867 4548 2857 -1 2044 2733 3801 2822 1211 4070 3517 3747 -1 3758 3192 1585 1828 1954 1386 4239 2670 3947 -1 4309 3756 4358 3935 2748 2940 1622 4129 1639 2730 2603 3219 2643 3248 2837 3923 2588 3100 3390 3196 2555 3780 -1 3699 3911 3298 4390 1168 3955 2644 4449 2039 3462 2598 4542 1826
3515 2947 580 1047 3551 712 2434 4468 2931 3538 1655 2856 2218 2345 2969 3598 2882 3661 -1 4471 3438 2317 2168 1737 1672 2033 2415 3055 2949 1260 2192 1930 2672 2612 -1 4947 2944 0 -1 -1 3884 576 3953 2720 -1 2129 2687 3575 1938 1695 2951 2226 3152 -1 2698 1901 2441 537 1904 2187 2948 1379 2656 -1 5310 2793 3727 3835 3680 1892 2314 3281 1247 2680 2912 2496 2290 1957 2094 4517 3626 3251 2564 3529 2505 4141 -1 2873 2620 2906 4879 2543 2664 1538 3854 3040 2747 1307 3358 1776
-1 -1 -1 -1 -1 -1 -1 -1 -1 -1 -1 -1 -1 -1 -1 -1 -1 -1 -1 -1 -1 -1 -1 -1 -1 -1 -1 -1 -1 -1 -1 -1 -1 -1 -1 -1 -1 -1 -1 -1 -1 -1 -1 -1 -1 -1 -1 -1 -1 -1 -1 -1 -1 -1 -1 -1 -1 -1 -1 -1 -1 -1 -1 -1 -1 -1 -1 -1 -1 -1 -1 -1 -1 -1 -1 -1 -1 -1 -1 -1 -1 -1 -1 -1 -1 -1 -1 -1 -1 -1 -1 -1 -1 -1 -1 -1 -1 -1 -1 -1
-1 -1 -1 -1 -1 -1 -1 -1 -1 -1 -1 -1 -1 -1 -1 -1 -1 -1 -1 -1 -1 -1 -1 -1 -1 -1 -1 -1 -1 -1 -1 -1 -1 -1 -1 -1 -1 -1 -1 -1 -1 -1 -1 -1 -1 -1 -1 -1 -1 -1 -1 -1 -1 -1 -1 -1 -1 -1 -1 -1 -1 -1 -1 -1 -1 -1 -1 -1 -1 -1 -1 -1 -1 -1 -1 -1 -1 -1 -1 -1 -1 -1 -1 -1 -1 -1 -1 -1 -1 -1 -1 -1 -1 -1 -1 -1 -1 -1 -1 -1
4281 3353 2705 2986 3685 2222 4373 4409 3622 5663 3165 4366 3691 3067 2958 4838 2871 1986 -1 5027 3681 3497 3141 2758 3182 4158 2930 3891 4072 2421 3702 2137 4027 4737 -1 5580 3459 2125 -1 -1 0 2086 5308 3409 -1 3639 3523 1731 2959 1763 4496 3942 2301 -1 3450 3282 1763 2047 2714 3976 4377 3095 4781 -1 5543 4303 4466 4969 4352 3402 2382 3415 1817 3490 4012 2902 2805 4082 3604 5652 4317 1417 4280 4709 3315 5429 -1 3203 3283 3476 6119 1720 4380 3048 4865 3768 3303 3432 3687 2586
3615 4288 3363 2342 4751 3495 3729 5355 3382 5520 1079 5507 2215 3484 2881 4509 2794 3254 -1 4983 4715 2602 2497 3392 4455 4366 2724 3138 2373 2037 1616 3113 3383 5395 -1 4746 3759 3393 -1 -1 3489 0 4664 2144 -1 4912 3398 2999 3593 1119 4186 3426 3569 -1 3226 1325 2356 3320 2070 2099 5353 2579 4612 -1 4899 2217 4474 4135 4148 2848 1738 4481 2193 2846 4797 3837 3955 2304 1518 5412 4077 2685 3764 3814 2671 4343 -1 4073 2617 3852 5790 2988 3864 2612 4565 3439 3863 4090 4332 1942
4001 2561 856 2367 3066 2063 3386 3552 2295 4887 1919 2923 3055 1990 2713 3422 2626 3810 -1 3822 2052 875 2432 2554 2995 3916 1873 3204 3210 1620 2456 1973 3347 3136 -1 4812 2422 2051 -1 -1 3235 840 0 2490 -1 2393 3278 3682 2755 1144 3848 2091 3827 -1 3691 2162 1518 801 2034 2463 3212 1244 4539 -1 4622 3057 4018 2826 3061 2156 1763 2796 1572 2508 2134 2110 1768 3144 2358 4325 2990 3241 2429 2087 2635 4033 -1 1998 3003 3231 4172 1101 2529 96 3660 2352 2098 1583 3613 1906
3113 3974 2827 2577 3978 3093 3964 3241 2454 5267 3179 4173 3984 1899 3168 3670 3382 1888 -1 5218 3082 2545 2732 2660 3907 4270 2620 3304 3679 3591 3801 969 2921 4386 -1 5628 3149 2958 -1 -1 3834 2811 4202 0 -1 3403 2936 3469 2861 3038 3328 3031 3330 -1 4447 3184 2274 2772 2305 4107 3209 3655 4318 -1 4870 4317 4221 4496 3309 3875 1973 3708 2328 3081 3164 3523 2495 3886 3703 4484 3149 3155 3369 3757 2769 5250 -1 3492 2115 3987 4951 2995 4318 3639 4103 2600 3592 3554 4520 2177
-1 -1 -1 -1 -1 -1 -1 -1 -1 -1 -1 -1 -1 -1 -1 -1 -1 -1 -1 -1 -1 -1 -1 -1 -1 -1 -1 -1 -1 -1 -1 -1 -1 -1 -1 -1 -1 -1 -1 -1 -1 -1 -1 -1 -1 -1 -1 -1 -1 -1 -1 -1 -1 -1 -1 -1 -1 -1 -1 -1 -1 -1 -1 -1 -1 -1 -1 -1 -1 -1 -1 -1 -1 -1 -1 -1 -1 -1 -1 -1 -1 -1 -1 -1 -1 -1 -1 -1 -1 -1 -1 -1 -1 -1 -1 -1 -1 -1 -1 -1
3315 3263 1634 1473 3289 2295 2860 4127 2632 3958 1628 3701 2483 2765 2307 2477 2220 2421 -1 3255 2830 1890 769 1934 3218 3004 724 2038 3250 2090 2751 1872 1655 1374 -1 3732 1253 2228 -1 -1 2730 1618 2936 2729 -1 0 1670 3117 1939 1432 2458 2511 2135 -1 1948 2943 1112 1579 342 2639 3711 2891 3448 -1 3677 2766 2746 4001 2116 1979 869 3019 1166 1118 1806 3005 599 2782 2660 4662 3327 1852 2849 2363 943 4057 -1 3158 2885 2739 3758 1389 3249 1743 2837 1407 2337 2361 3781 214
4275 1593 2656 2616 3676 1632 3693 2836 2283 5096 3008 3872 3227 1948 3211 3499 3124 3236 -1 4032 2911 2051 2771 1312 3605 3006 2658 368 2807 2789 3401 1523 3657 3872 -1 2942 3458 2124 -1 -1 3445 2640 4890 2700 -1 3712 0 3059 1513 2352 3505 2351 3629 -1 3660 3620 2976 2601 2344 2981 4016 2080 3916 -1 4699 4146 4748 2331 3138 3956 2012 3406 2167 2165 2111 2802 2804 3925 3303 4313 2978 3325 2689 3263 2364 4196 -1 2208 3315 3826 4780 2559 3365 1554 3870 2429 2308 3111 3686 2216
4183 3100 2452 2463 2777 2584 3850 4318 3595 4312 2262 3890 2783 3290 2268 3902 2181 687 -1 4080 2448 2198 2618 1459 2706 3905 1694 3201 3031 1868 3625 2431 3504 4176 -1 5251 2243 1872 -1 -1 3493 2448 4785 2748 -1 3460 2833 0 1660 1820 4244 2530 570 -1 1719 1983 1073 2409 2191 3064 4329 2842 4528 -1 5166 3400 4096 4149 3605 2969 1859 2507 1127 2904 3434 2649 1589 3772 3527 5625 3763 3337 2868 3410 2792 4739 -1 2291 3185 2786 5183 1777 4127 2050 3953 2896 2356 3179 3434 2063
3769 2224 3164 3233 3813 3749 4108 3897 3110 5923 2580 4609 3819 2555 3260 3254 3173 1723 -1 4762 3738 538 2588 3145 3742 4619 1676 3926 4195 2675 2506 1625 3577 4822 -1 5534 3030 3560 -1 -1 4175 3467 4486 3034 -1 3715 3592 3787 0 3127 3984 2813 3986 -1 4282 4560 2109 3428 2756 2478 3865 1966 4974 -1 4454 3718 4740 2489 2893 3756 2629 3543 2163 3532 3820 1773 2376 4542 3810 5140 3805 2906 3151 1750 3357 4755 -1 3327 2771 3822 3835 3084 3251 3190 4759 2184 3038 1598 3649 2628
3924 3532 2446 1223 3898 2578 2610 4644 3452 5219 3388 4722 3092 3545 2349 4492 3077 2666 -1 3864 4312 2272 1378 2543 3538 3613 3270 2647 3329 2935 2730 2615 2264 4478 -1 5221 2640 3448 -1 -1 2480 2309 3545 1646 -1 3862 2279 4211 2548 0 3067 3120 2744 -1 3893 3559 1969 2270 951 4026 4409 2641 3493 -1 3780 3225 3355 4223 4053 1729 619 3628 1074 1727 3780 3081 3165 2532 3827 5391 4147 2097 3458 3484 1552 4820 -1 3767 3494 2733 5569 2234 3926 1493 3446 3509 2946 3173 5010 823
1887 2210 1562 1948 3434 1694 3335 3469 3144 2708 1993 2535 3200 2839 3370 2548 3283 3224 -1 3288 2538 2024 2691 2393 1351 3015 1707 3912 2343 2242 3174 2645 2488 3594 -1 4795 2316 982 -1 -1 2701 1558 3769 1956 -1 2570 3592 2969 2594 1916 0 2799 2104 -1 2019 1295 2175 1519 2264 3169 1906 1952 990 -1 3748 3131 4169 3975 2187 2874 1932 3164 2229 1263 2869 1759 1662 2939 3076 5174 2446 2655 3137 3236 2865 4128 -1 2546 3602 3888 3829 1873 3237 2520 4208 1478 1564 2289 2544 2136
2815 3018 1679 1131 1325 2298 2518 4261 2062 4875 2787 2438 3804 2628 860 1372 773 2705 -1 2471 2690 1520 2169 2364 1254 2785 2203 1113 2586 1516 1095 1302 2759 3864 -1 2721 2812 2869 -1 -1 1884 2162 3304 1139 -1 3066 1425 3498 982 791 3035 0 3032 -1 3439 3399 1835 2123 1742 1420 4348 1859 4025 -1 4315 3925 3811 2110 2917 2520 1410 1055 1865 2518 2772 2755 2158 2440 997 4092 2757 2888 338 2732 2343 3331 -1 647 2454 3524 2653 2338 3144 1333 2309 2208 747 1615 3666 1614
4005 3404 2553 2170 3172 2793 3557 3956 3025 5838 3459 3393 3178 2720 2819 3332 2732 3883 -1 3510 1878 2245 2628 2660 3101 4646 2555 3073 3933 1298 3055 1861 3514 3606 -1 4681 3763 3435 -1 -1 2923 2537 4462 2178 -1 2940 3384 3628 2861 1250 3674 1960 0 -1 1149 3546 1624 2498 2201 3380 3759 2628 4664 -1 4596 4475 4605 4070 3035 2979 1869 2902 1678 2334 2864 2953 3109 3212 2957 5055 3720 3314 2298 3457 2802 4952 -1 2607 3007 3337 4613 1207 3913 1480 4269 2326 1786 2654 4705 2073
-1 -1 -1 -1 -1 -1 -1 -1 -1 -1 -1 -1 -1 -1 -1 -1 -1 -1 -1 -1 -1 -1 -1 -1 -1 -1 -1 -1 -1 -1 -1 -1 -1 -1 -1 -1 -1 -1 -1 -1 -1 -1 -1 -1 -1 -1 -1 -1 -1 -1 -1 -1 -1 -1 -1 -1 -1 -1 -1 -1 -1 -1 -1 -1 -1 -1 -1 -1 -1 -1 -1 -1 -1 -1 -1 -1 -1 -1 -1 -1 -1 -1 -1 -1 -1 -1 -1 -1 -1 -1 -1 -1 -1 -1 -1 -1 -1 -1 -1 -1
3626 2255 2490 1021 2136 3052 2408 4270 2873 5633 3066 3249 4439 2928 1671 2183 1584 2734 -1 2361 3501 1453 2980 2373 2065 3596 2162 1924 3397 2327 1906 1998 3570 4675 -1 3532 2711 2340 -1 -1 1774 2916 4115 1029 -1 3877 2236 2479 1793 1602 2925 811 3049 -1 0 2451 2511 2877 2553 2231 4238 1997 3915 -1 5126 4204 3701 2921 3728 2765 2221 1866 2565 3329 3583 1804 2057 2330 1808 4903 3568 2165 1149 2665 3154 4047 -1 1458 3144 4176 3464 2468 3282 2144 3120 3019 637 1505 3556 2425
3319 2963 2225 2922 3628 2357 4309 4412 2057 4838 2156 4182 3634 3480 2274 3184 2187 1929 -1 4262 3624 1277 3084 2701 3317 3678 2343 3207 1048 2364 3245 2550 3295 4257 -1 5433 3402 2068 -1 -1 3675 2221 4576 2930 -1 3656 2839 1674 2902 1706 4773 2712 2244 -1 1901 0 1706 2182 2657 3832 4136 2705 4301 -1 4384 3294 4409 3228 2823 3435 2325 3358 1760 3433 3955 2512 2748 4025 3709 4087 2752 1360 3050 2489 3258 3590 -1 3359 2321 3371 4465 1663 3990 3039 4477 2114 2538 2952 3630 2529
4346 3293 2645 2170 2940 2777 3557 3724 3762 5603 3417 4053 2946 3708 1195 3809 1108 3684 -1 3987 3621 1875 2396 2428 2869 4098 2870 2128 2309 1676 3532 3169 3282 4677 -1 4702 3399 2065 -1 -1 3400 2641 4563 2655 -1 3653 1760 3833 2629 1018 4074 2437 3762 -1 3162 3966 0 2602 1969 3380 5013 3035 4511 -1 4798 4243 4373 3826 3981 2747 1637 2670 54 2745 3871 2842 2745 3479 3434 5792 3926 3115 2775 3087 2570 3666 -1 3084 3348 1713 5090 975 4283 2451 3898 3521 2263 3131 3627 1841
3200 3466 2767 2381 3971 3033 3768 4438 2394 4086 1118 2914 2254 2960 2920 3573 2833 3283 -1 4847 3022 1780 1631 2940 3900 4357 2201 3177 2412 819 1655 1634 3008 2966 -1 4785 2750 2360 -1 -1 3528 39 3948 2183 -1 1592 3023 3038 3141 1158 4050 2996 3417 -1 3265 1364 1904 0 1934 2138 2411 2149 4651 -1 4773 2256 4338 3731 3212 1355 1777 3701 1958 2710 3104 3015 2096 2343 1557 4424 3089 2714 3334 2992 2535 3604 -1 3643 2202 3601 4854 2006 3434 1001 4190 2503 3208 3494 3922 1806
3573 3439 2701 3188 3958 2833 4575 4742 2533 5346 3686 3961 2173 3442 2213 3660 2126 2111 -1 5005 3393 1753 459 2883 3793 4154 2819 3146 3025 2694 3721 2732 4300 4733 -1 5705 3667 3083 -1 -1 4418 2697 5581 3673 -1 4250 2778 3929 3084 2036 5091 3455 3790 -1 3878 3407 1018 2658 0 4308 4972 3181 4777 -1 4860 4824 5391 3704 3299 3765 2655 3688 1072 3763 3995 2988 3013 2929 4163 4472 3228 1542 3793 2965 3588 4684 -1 3715 2575 2429 4941 1993 4466 3469 4916 2590 3281 3428 4290 2859
4936 2940 3784 3406 4910 2979 4793 4183 3630 5453 3561 5219 4104 3295 782 4819 695 3965 -1 4876 4095 3398 2390 2659 4839 4077 2657 1715 4154 1970 1549 2824 3276 5219 -1 4289 3652 3471 -1 -1 4663 3733 4557 2077 -1 5059 1347 3420 2860 2183 4079 3698 3756 -1 4462 4967 2289 3694 1963 0 5286 3427 5069 -1 5963 4699 4367 3678 4485 3912 2802 4640 2343 2739 3458 4149 4151 3544 1451 5660 4325 3473 4036 2420 2564 3253 -1 3555 4192 4002 6100 2140 3870 2901 3485 3776 3655 3606 5033 1835
5413 4974 4326 4793 4858 4458 5608 5993 5204 7284 3130 4795 5964 5221 4735 3440 4648 4390 -1 6784 5283 4746 4683 5162 4787 5282 2226 5382 6428 4175 4653 4195 5569 4810 -1 6069 5080 3746 -1 -1 5868 4322 5372 4696 -1 5334 5014 4135 5295 4167 6125 4313 4705 -1 5854 5647 4167 4283 4256 5733 0 3771 6402 -1 4640 4268 6240 6423 3079 5638 4384 4588 4221 5032 5365 4523 4426 5644 5310 7234 5899 3821 4651 4334 4857 5020 -1 4960 4522 5832 4721 4124 4751 4564 6622 2370 5060 5053 5308 4128
3343 3041 1815 1978 2172 2603 2142 4176 2214 5027 2385 3285 2931 2780 1707 2219 1620 2693 -1 3318 2842 2305 1217 2382 2101 3452 1481 1960 3433 709 1942 729 2103 4146 -1 3568 2030 2832 -1 -1 2731 2467 3384 1986 -1 3904 2118 2438 1829 1638 2659 847 2583 -1 3732 3792 1808 2428 790 2267 4236 0 3649 -1 4630 3523 2774 2957 3069 2756 1646 1902 1326 1566 2924 2613 1376 2914 1844 4244 2909 2124 1185 2359 1391 2789 -1 1494 3301 2985 3500 2073 1285 2180 3156 2360 1594 2462 4394 662
4598 2720 2691 3746 4447 2823 4604 3110 4062 6428 1003 4329 4329 4130 3494 3750 4049 3507 -1 5780 4690 1034 3084 3848 3145 4144 2172 3931 3548 2622 2524 3191 4059 4723 -1 4980 3526 4056 -1 -1 5003 2687 4982 2231 -1 4240 4059 4283 3634 2974 5121 3309 4539 -1 4401 4012 2941 2648 3252 3976 916 2462 0 -1 4950 2141 5150 2985 3389 4003 3142 4364 2995 4028 4772 2269 2872 4991 4205 5468 4648 3402 3647 2246 2638 5251 -1 3956 4346 4654 4331 3320 3747 3649 5241 2680 4056 3369 3554 3124
-1 -1 -1 -1 -1 -1 -1 -1 -1 -1 -1 -1 -1 -1 -1 -1 -1 -1 -1 -1 -1 -1 -1 -1 -1 -1 -1 -1 -1 -1 -1 -1 -1 -1 -1 -1 -1 -1 -1 -1 -1 -1 -1 -1 -1 -1 -1 -1 -1 -1 -1 -1 -1 -1 -1 -1 -1 -1 -1 -1 -1 -1 -1 -1 -1 -1 -1 -1 -1 -1 -1 -1 -1 -1 -1 -1 -1 -1 -1 -1 -1 -1 -1 -1 -1 -1 -1 -1 -1 -1 -1 -1 -1 -1 -1 -1 -1 -1 -1 -1
2882 3025 2810 2684 2690 2942 3909 1353 3490 5257 2899 4641 3130 3132 1737 3846 2914 3068 -1 4024 4315 2415 1416 3016 3457 3651 2350 2670 1791 74 3569 2202 2302 4507 -1 5195 2678 3531 -1 -1 3437 2806 3407 2692 -1 3133 2302 3387 1877 1606 4426 2474 2782 -1 2644 4114 1980 2767 2481 2219 3837 1767 4886 -1 0 4037 3393 4366 3760 3259 2149 3258 2034 3257 3432 2574 2225 3886 3471 5429 2891 2499 2812 3627 881 4208 -1 3065 2743 3386 5056 1563 3052 3023 3484 3051 2300 3168 5093 2353
3541 3777 3056 2056 3740 1459 3443 3669 2734 4289 2397 4328 3746 2327 1995 3790 1908 2316 -1 4697 3362 2575 2211 1836 3669 3462 1493 1790 3109 481 385 1397 3097 4541 -1 3398 3473 2865 -1 -1 3313 3040 3976 428 -1 3831 2560 3897 2037 833 3756 2418 3577 -1 2973 3612 800 3001 1784 3838 3637 2536 4326 -1 4613 0 4103 2787 3389 2562 1452 3470 854 2560 3444 3326 2923 3365 3415 4764 3429 2930 2756 3787 2385 3112 -1 3065 2543 2513 5071 1775 3821 2010 4279 2829 3063 3465 4427 1656
569 3945 3185 2935 3958 3451 4322 3790 2812 3871 3516 4179 3882 3378 3605 2191 3518 4378 -1 4296 2664 2903 3090 3446 3887 5304 2612 3686 4719 2084 3841 1327 3976 4392 -1 4820 3141 3899 -1 -1 3709 3169 4123 2964 -1 3726 3991 4414 3647 2036 4460 2746 786 -1 1935 4332 2410 3130 2663 4166 2583 3414 5205 -1 4945 4654 0 4683 3384 3765 2331 3688 2464 3120 2766 3739 2487 3998 3743 4842 3507 3809 3084 4115 3264 5325 -1 3393 3273 4123 3472 1993 4699 2266 5055 2675 2572 3440 5461 2535
4477 2902 2757 1776 3580 3457 3163 5197 3622 5642 3713 3200 3645 4165 2675 3627 2588 3111 -1 4417 3018 2504 1931 2516 3509 2334 2809 3200 3789 1764 1738 2137 2817 3413 -1 4868 3193 2987 -1 -1 3033 3321 4098 2266 -1 4080 2832 2424 2717 1106 3620 2255 2994 -1 3653 3098 1480 3282 1504 2221 4899 1408 4046 -1 4886 4331 3908 0 3797 2835 1172 3310 1534 2280 4332 2451 2704 3085 1640 5652 4038 2650 2593 1343 2105 3524 -1 2902 4047 3193 4908 1063 2693 2539 3999 3768 3002 3484 4549 1376
3773 1895 1247 1714 3809 1379 3101 4206 2125 4205 2301 1716 2885 2142 3035 3341 2968 3352 -1 4550 2204 1667 2064 2404 2339 2700 1472 3333 3616 1927 2859 1365 2950 1929 -1 4480 2001 667 -1 -1 3166 1243 4231 3006 -1 2255 2965 3365 2605 2180 3618 2484 3430 -1 3283 2568 1860 1204 1637 2854 3615 1637 3323 -1 4541 3097 3854 3618 0 2559 1305 3539 1914 2413 2286 1444 1347 2565 2761 4155 2820 2783 2822 2447 2238 4426 -1 3131 3287 3573 4622 2137 2922 2205 4132 2271 3145 1974 2229 1509
4404 4727 4079 3552 4986 2955 4939 5165 4230 5225 3893 5824 4992 3823 3491 5286 3404 2896 -1 6193 4858 4071 3707 3332 4915 4958 2989 3286 4605 1977 1881 2893 4593 5269 -1 4894 4452 3499 -1 -1 4809 4075 4106 1924 -1 5087 4056 5393 3533 2329 5252 3914 4621 -1 4469 4192 2296 4036 3280 4980 5133 4032 5822 -1 6109 1496 5599 4283 4885 0 2948 4716 2350 4056 4940 4276 3798 4861 4399 6260 4925 2327 4252 5283 2869 4608 -1 4500 4039 4009 6567 3271 5317 3506 5775 4325 4559 4806 5061 3152
3305 2913 2153 604 3279 2285 1991 4025 2833 4600 3018 4293 2473 3598 1730 3873 2458 2047 -1 3245 3693 1880 759 1924 3208 2994 2954 2028 3240 2316 2111 2668 1645 4185 -1 4602 2021 2874 -1 -1 1861 2149 2926 2639 -1 3702 1660 3592 1929 1658 2448 2501 2125 -1 3274 3343 1350 2110 332 3407 3790 2188 2874 -1 5160 4098 2736 3991 3434 2602 0 3009 1404 1108 3161 2462 2949 1913 3498 4772 3528 1478 2839 3092 933 4201 -1 3148 2875 2729 5154 1615 3473 2366 2827 2890 2327 2880 4436 204
1760 2991 624 1977 270 3059 2208 4242 2966 5433 2132 1383 3426 3290 2752 2999 2665 3420 -1 4515 3352 2221 2132 2400 199 4294 1228 2761 3925 1969 2328 1989 1704 3288 -1 4236 1757 2732 -1 -1 3234 2140 2758 2305 -1 2011 3033 3621 2601 1936 2725 2107 1977 -1 3126 3465 1616 2101 1705 2231 3774 1260 3715 -1 4199 3270 3610 3758 2638 2483 1373 0 1670 2481 2310 2540 1103 2232 3104 4996 3661 2851 2445 2114 2306 4049 -1 2754 3828 3329 4280 1893 2545 2247 3985 1929 2791 1351 3402 1577
4568 5363 4891 4129 4537 5147 5516 4380 4878 6907 3363 5650 3168 4437 4764 5291 4692 4996 -1 5469 5888 4098 4443 5481 4466 5645 5164 5032 2255 3809 4886 5106 5329 7047 -1 6640 5705 5135 -1 -1 4882 4799 6382 4137 -1 6160 5329 4741 4901 4633 6033 3919 4785 -1 3108 5559 4773 4760 5508 5246 6582 4794 6511 -1 7205 4501 6420 6029 5644 5873 5176 4267 0 6284 5970 4912 5165 5438 4916 6908 5523 4427 4257 5310 3908 7155 -1 4566 3570 1659 6572 4590 6079 5252 6228 4935 3745 4613 4176 5380
3227 2458 2525 3288 2171 3034 4109 4809 3765 4048 3333 3284 2177 3446 3907 3888 3820 4188 -1 4628 3522 772 2822 3733 2100 4355 2735 4160 3683 2818 4142 2929 3605 4934 -1 5768 3264 2322 -1 -1 4041 2898 4659 3296 -1 3910 4318 3933 3934 3256 1340 3047 3444 -1 3359 2635 3123 2859 2990 3987 3246 2200 2330 -1 5088 4471 4974 4936 3527 3990 2880 1901 3177 0 3604 2007 2610 4133 4044 5795 3157 3619 3385 1984 3591 4989 -1 3694 2579 4792 5169 3213 3485 3424 5279 2818 2904 3107 3884 2862
2516 2477 2712 1243 2358 3274 2630 2616 3095 5691 3288 3471 1116 2385 1893 2405 1806 2956 -1 2583 2336 1675 1850 2595 2287 3818 2384 2146 3619 1757 2128 2220 2736 4772 -1 3754 2933 2562 -1 -1 1996 3138 4017 1251 -1 3398 2458 2701 2015 1824 3147 1033 2733 -1 3882 2673 2441 3099 1423 2453 1905 2147 3965 -1 5348 4426 3827 3143 3950 3553 1091 2088 2495 2199 0 2026 2279 1872 2030 3415 3172 2387 1371 2887 2024 4269 -1 1680 1518 3820 3686 2690 3432 2366 3342 3241 859 1727 3233 1295
2329 451 2008 2171 2365 2127 2335 4369 2407 5220 2578 3478 3124 2023 1900 2412 1813 2886 -1 3511 3035 2498 1410 2575 2294 3645 1674 2153 3626 902 2135 922 2296 4339 -1 3761 2223 3025 -1 -1 2924 1991 3577 2179 -1 3544 2311 2631 2022 1831 2852 1040 2546 -1 3695 3316 2001 1952 983 2460 4343 193 3842 -1 4823 3716 2967 3150 3262 2949 1839 2095 1519 1759 3117 0 1569 3107 2037 4437 3102 2317 1378 2552 1584 2982 -1 1687 3494 3178 3693 2266 1478 2373 3349 2553 1787 2655 4587 855
3076 3183 2097 874 2757 2229 2261 4237 2547 4870 1029 3870 2743 3113 1708 3584 1621 2317 -1 3515 3175 1923 1029 2194 2686 3264 125 2298 2822 1491 2381 1787 1915 4072 -1 4872 654 1945 -1 -1 2131 2093 3196 2479 -1 2698 1930 2518 2199 833 2718 2212 2395 -1 3380 3210 513 2054 602 2040 4060 2292 3144 -1 4613 2167 2507 3874 3402 1380 270 2487 567 1378 3257 2732 0 2183 3209 4577 3242 1748 2550 3135 1203 4154 -1 2859 3145 2226 4865 790 2650 1144 2882 2693 2597 2824 4140 474
2411 3316 2090 2253 2447 2209 2417 3421 2489 5302 2660 3560 3206 2079 1982 2494 1895 2968 -1 3593 3117 2580 1492 2657 2376 2062 1756 2235 3708 984 2217 1004 2378 4421 -1 3843 2305 3107 -1 -1 3006 2073 3659 2261 -1 3384 2393 2713 2104 1913 2934 1122 2628 -1 3777 3398 2083 2034 1065 2542 3389 275 3924 -1 4905 3798 3049 3232 3344 3031 1921 2177 1601 1841 3199 2888 1651 0 2119 4519 3184 2399 1460 2634 1666 3064 -1 1769 2295 3260 3775 2348 1560 2455 3431 2635 1869 2737 4669 937
3739 3521 2769 2902 3778 3208 3979 3867 2569 4002 2110 4158 3784 2525 1363 3612 1276 2514 -1 4825 3197 2613 2971 1874 3707 3292 1206 1620 3093 519 98 1595 3547 4371 -1 3228 3775 2903 -1 -1 4159 2753 4014 626 -1 4029 1928 4001 2075 1856 3954 2456 3956 -1 3011 3810 838 2714 2544 581 3835 2366 4944 -1 4812 3248 4847 2617 3251 3585 2298 3508 892 3320 3279 3364 3121 4125 0 4599 3264 3611 2794 3001 3109 2825 -1 3103 2741 2551 4893 1813 3651 1840 4066 2542 3101 3178 4465 2416
3635 2559 1654 1325 2440 1786 2712 3433 3025 4569 1568 3553 2698 3232 1975 2487 1888 2876 -1 2665 3653 1293 1588 2677 2369 3107 664 2228 1854 2050 2210 2265 2474 3686 -1 3836 1213 2504 -1 -1 2078 1650 2106 1333 -1 3203 2489 2783 2097 1392 1861 1115 2954 -1 2707 2755 1072 1611 1161 2535 3419 2301 2851 -1 4494 2706 3066 3225 3698 1939 829 2170 1126 521 3735 2108 559 2634 2112 0 3520 2307 1453 2505 1762 4351 -1 1762 3100 2785 3768 1349 3189 1703 3424 3171 941 1809 3860 1033
3623 3093 3328 1859 2974 3890 3246 4394 3711 6471 3496 4087 4980 3766 2509 3021 2422 3572 -1 3199 4339 2291 3818 3211 2903 4434 3000 2762 2388 3165 2744 2836 3431 4410 -1 4370 3549 3178 -1 -1 2612 3480 2640 1867 -1 3913 3074 3317 2631 2440 3763 1649 3840 -1 3241 3289 3349 3441 3391 3069 4222 2835 4753 -1 5964 4634 4539 3759 4566 4169 3059 2704 3403 4167 4212 2642 2895 3168 2646 5741 0 3003 1987 3503 3922 4885 -1 2296 2625 5014 4302 3306 4120 2736 3958 3857 1475 2343 4394 3263
3334 2880 2334 2345 2659 2466 3732 3462 2675 5292 2144 3772 2665 2120 2150 3891 2063 569 -1 3997 3303 2080 2500 1341 2588 3787 1576 2555 2913 2631 3667 1190 3142 4185 -1 4163 2125 1754 -1 -1 3410 2330 4423 2665 -1 3342 2715 3539 1542 1973 3549 3252 3551 -1 3128 1865 955 2291 2073 2946 3430 2724 4410 -1 5091 3282 3978 3552 3530 2851 1741 2389 1009 2849 3385 2531 1471 3654 3848 4705 3370 0 3590 3292 2674 4621 -1 2173 2336 2668 5172 1930 4009 2615 3835 2821 2273 3061 3316 1945
3914 3102 1828 793 4351 1960 2180 4042 3255 5405 2903 4104 3466 2700 1864 4471 1777 2689 -1 2133 3883 2656 1831 2985 2920 3281 3408 2797 3782 1900 2300 1770 2717 3860 -1 4979 3093 2619 -1 -1 1546 1824 3998 801 -1 3377 2429 3277 2118 453 2697 3224 3197 -1 4346 3149 2422 1785 1404 1082 4010 2377 3687 -1 4233 3678 3473 4607 4110 2182 1072 4081 1527 2180 3965 2651 3296 2102 2533 5285 3950 2550 0 3502 2005 4335 -1 309 2916 3186 5752 2687 3662 1946 1971 3401 409 1277 3328 1276
3952 2640 1414 3190 3991 2679 4577 3883 2912 5620 2554 3353 2552 3821 3264 2399 3177 2292 -1 4791 3772 2132 838 3064 3484 4053 1650 2381 3404 1258 4077 2570 4167 3566 -1 3989 3765 2431 -1 -1 4204 3007 4331 3459 -1 4019 3829 2037 3265 1967 2912 3241 2607 -1 3756 3506 2069 2968 2770 3021 4818 2588 3902 -1 5239 3692 4772 3378 2454 3696 2586 3721 2123 3694 4040 3208 3111 3172 4238 4851 3607 1723 3579 0 3411 4994 -1 3255 2954 2808 3680 2026 3873 1440 4917 2969 3067 2141 3993 2790
4053 3220 2953 1948 2647 3085 3335 3184 3469 5944 3576 3760 2653 3551 2294 4250 2207 2719 -1 4380 3998 1534 2103 2135 2576 4338 2672 3227 3408 1383 3455 2621 2989 4429 -1 4961 3238 3164 -1 -1 3205 2949 4270 2371 -1 3724 2859 4409 996 725 3792 3221 3469 -1 3272 4224 1099 2910 1676 3329 4861 2962 4218 -1 4505 3950 4080 3485 3688 2454 1344 2377 1153 2452 4023 2769 2584 3257 4218 5499 3633 2822 3559 2746 0 4765 -1 2556 3055 2812 4831 682 4247 2158 4171 3180 2656 2594 4645 1548
3957 4379 3993 2839 4870 3144 4226 3760 3795 6608 4169 3786 4532 4361 2735 3990 2648 3795 -1 5095 4423 3845 2994 4097 4799 2106 3265 2846 4319 3060 3502 3035 3880 3999 -1 4454 3794 3413 -1 -1 4096 3491 3399 3763 -1 3428 3300 3540 4164 3436 4683 3545 4110 -1 5172 4202 3572 3950 2567 1953 4247 3592 5109 -1 6211 5307 3388 3843 4650 4202 2235 4600 3626 3343 3803 3928 3140 4148 3404 5825 4490 3226 3883 3329 3168 0 -1 3491 4038 4528 5271 3529 1899 3066 5062 3941 3371 353 2404 2439
-1 -1 -1 -1 -1 -1 -1 -1 -1 -1 -1 -1 -1 -1 -1 -1 -1 -1 -1 -1 -1 -1 -1 -1 -1 -1 -1 -1 -1 -1 -1 -1 -1 -1 -1 -1 -1 -1 -1 -1 -1 -1 -1 -1 -1 -1 -1 -1 -1 -1 -1 -1 -1 -1 -1 -1 -1 -1 -1 -1 -1 -1 -1 -1 -1 -1 -1 -1 -1 -1 -1 -1 -1 -1 -1 -1 -1 -1 -1 -1 -1 -1 -1 -1 -1 -1 -1 -1 -1 -1 -1 -1 -1 -1 -1 -1 -1 -1 -1 -1
3605 2793 2551 484 4042 2683 1871 3733 2946 5096 2898 4665 3236 2391 1555 4162 1468 2380 -1 1824 3574 2347 1522 2687 3643 3757 3099 2488 3473 1591 1991 1461 2408 4583 -1 5062 2784 2310 -1 -1 1237 2453 3689 492 -1 3895 2120 2968 1809 144 2388 2915 2888 -1 4037 3676 2113 2414 1095 773 3701 2068 3378 -1 3924 3369 3164 4298 3801 1873 763 3772 1218 1871 3656 2342 2987 1793 2224 4976 3641 2241 3253 3193 1696 4026 -1 0 2607 2877 5443 2378 3353 1637 1662 3092 100 968 3019 967
998 1859 2328 2535 3308 2460 3743 4092 3241 4518 2670 4421 3314 3160 1954 2620 1867 1609 -1 3947 3093 2668 2690 2381 3237 3781 1766 2887 3103 2044 1686 1756 3576 4360 -1 4816 2315 1748 -1 -1 3360 2324 4552 2214 -1 3336 2519 1354 2582 1386 4260 2448 1215 -1 2364 2055 1386 2285 2263 2169 3012 1601 4404 -1 5166 3808 4089 4205 3813 3041 1931 3038 1440 3039 3195 1408 1661 3705 1588 5271 3936 1040 1814 3880 2864 4390 -1 2123 0 3051 3901 1343 2886 2695 3785 3104 2223 3055 3310 2135
2909 3704 3232 2470 2878 3488 3857 2721 3219 5248 1704 3991 1509 2778 3105 3632 3033 3337 -1 3810 4229 2439 2784 3822 2807 3986 3505 3373 596 2150 3227 3447 3670 5388 -1 4981 4046 3476 -1 -1 3223 3140 4723 2478 -1 4501 3670 3082 3242 2974 4374 2260 3126 -1 1449 3900 3114 3101 3849 3587 4923 3135 4852 -1 5546 2842 4761 4370 3985 4214 3517 2608 3168 4625 4311 3253 3506 3779 3257 5249 3864 2768 2598 3651 2249 5496 -1 2907 1911 0 4913 2931 4420 3593 4569 3276 2086 2954 2517 3721
4544 3212 1507 3018 3717 2714 4037 3015 2946 5538 2570 3574 3706 2641 3364 4073 3277 3863 -1 2333 2703 1526 3078 3205 3646 4567 2524 3855 3453 1736 3107 2624 1636 3787 -1 5463 3073 2702 -1 -1 3886 1491 651 3141 -1 3044 3929 4333 3406 1795 4499 2742 2116 -1 3265 2813 2169 1452 2685 3114 3863 1895 5190 -1 1662 3708 4669 3477 3712 2807 2414 3447 2223 3159 2785 2761 2419 3795 3009 4976 3641 3892 3080 2738 2543 4684 -1 2649 3654 3244 0 1752 3180 747 4311 3003 2749 2234 4264 2557
3967 3394 2489 1266 3357 2621 2653 4141 2954 5262 3430 4470 3135 3520 1612 4010 1525 2709 -1 3907 3582 2192 1421 1453 3286 3656 2526 2545 2726 701 2773 2194 2307 4521 -1 4279 2683 2482 -1 -1 2523 2352 3588 1689 -1 3905 2177 4062 1654 43 3110 2638 2787 -1 2590 3542 417 2313 994 3797 4452 2624 3536 -1 3823 3268 3398 3668 3006 1772 662 3087 471 1770 3664 2943 3148 2575 3635 4984 3649 2140 2976 3404 1595 4083 -1 3285 3537 2130 5291 0 3909 1476 3489 3100 2680 3216 4044 866
2058 4101 3363 2760 4262 2963 4147 4520 3195 5360 3906 4960 2633 2890 3797 3680 3710 4203 -1 4487 2952 2415 2915 4080 3923 3610 3481 4050 4866 3274 4032 2816 3801 5173 -1 5658 4177 3689 -1 -1 3900 2827 4903 3155 -1 4014 3816 4389 3919 1537 4604 2937 2275 -1 3424 4152 3506 2788 2488 3457 3809 3843 5030 -1 5317 4762 1489 4366 3961 3266 2156 3992 2611 3264 1904 3650 3976 3776 3934 5225 3890 3634 3275 3627 3089 1504 -1 3584 3035 4270 4961 3482 0 3030 4983 3252 2763 1857 3908 2360
4343 2465 2535 2271 2970 2667 3290 3754 3362 5493 2681 4083 2976 3928 2617 3367 2530 3714 -1 4466 3511 779 2365 2458 2899 3988 1777 3108 3114 1706 2747 1877 3251 4567 -1 4716 2326 1955 -1 -1 3528 2531 4532 2694 -1 3474 3182 3586 2659 1048 3807 1995 3731 -1 3595 2066 1422 2492 1938 3415 3457 1148 4541 -1 4695 3819 3922 2730 3134 2777 1667 2700 1476 2714 3842 2014 1672 3580 2992 5392 3956 3145 2333 1991 2539 3937 -1 2642 3378 3135 4076 1005 2433 0 4304 2425 2742 3114 3517 1810
2621 2371 2300 2463 2657 2419 2627 4044 2699 5512 2727 3770 3416 2315 2192 2704 2105 1870 -1 3803 3327 685 1702 2867 2586 3937 1823 2445 3918 1194 2427 1214 2588 4631 -1 4053 2515 3095 -1 -1 3216 2283 3869 2471 -1 3836 2603 2701 147 2123 3144 1332 2838 -1 3987 3608 2256 2244 1275 2625 4012 485 4134 -1 4601 3865 3259 2636 3040 3241 2131 2387 1811 2051 3409 1920 1861 3399 2329 4729 3394 2387 1670 1897 1876 3274 -1 1979 2918 3470 3982 2558 1770 2665 0 2331 2079 1745 3796 1147
3150 2604 1956 2423 2861 2088 3611 3623 2834 4914 1133 2425 3594 2851 2365 1070 2278 2020 -1 4684 2913 2376 2686 2792 2790 3409 229 3298 4058 2012 2656 2074 3572 2638 -1 3699 2710 1376 -1 -1 3875 1952 3002 2699 -1 2964 2930 1765 2993 1797 4128 2316 2335 -1 3484 3277 1797 1913 2259 3563 4324 2346 4032 -1 2270 2271 4243 4327 709 3268 2014 2591 1851 3035 2995 2153 2056 3274 3313 4864 3529 1451 2654 1964 2860 2650 -1 2963 2152 3462 2351 1754 2754 2194 4625 0 3063 2683 2938 2131
3505 2693 2451 384 4140 2583 1771 3633 2846 4996 2798 4565 4089 2291 3560 4062 3588 2280 -1 1724 3474 2829 3124 3052 3543 3755 2999 3413 4071 2677 1891 1361 3313 4483 -1 5021 3541 2210 -1 -1 1137 2447 4594 392 -1 3795 3328 2868 3253 2359 2288 2815 3438 -1 4307 3576 2666 2408 2697 4058 3601 1968 3278 -1 5262 3936 3064 4410 3701 3763 2365 3870 2720 3473 3556 2242 2887 1693 3812 4876 3541 2554 3153 4041 3022 4618 -1 3462 2507 4379 5343 2316 3253 3409 4495 2992 0 868 2919 2569
5533 4809 4161 3343 5141 4293 4730 4361 5548 7119 4464 6254 5147 4993 4414 5616 4327 3442 -1 4962 5137 4392 3498 4214 5070 5614 3560 4767 4771 3877 4850 4063 4384 6193 -1 6965 4109 3581 -1 -1 4375 4157 5665 3630 -1 5169 4399 3187 4415 3219 5187 4244 3757 -1 4906 3849 3219 4118 3071 3911 6303 3397 5613 -1 6999 5345 5475 6300 4899 3849 2739 4871 3273 3847 5468 4358 3455 4652 5241 7511 6127 2873 4582 5604 3672 6186 -1 3138 5209 4175 5868 3176 4682 3613 4800 5623 3238 0 2051 2943
3482 2758 2110 1571 3090 2242 2958 2310 3497 5068 2966 4203 3096 2942 2363 3565 2276 1391 -1 2911 3086 2902 2546 2163 3019 3563 2335 3296 2720 1826 3078 2012 3432 4142 -1 4914 2864 1530 -1 -1 2324 2106 4364 1579 -1 3118 2928 1136 2364 1168 3475 2193 1706 -1 2855 2687 1168 2067 2119 1860 4252 1346 4186 -1 4948 3960 3871 4303 3757 2897 1787 2820 1222 2895 3417 2307 2210 2880 3190 5527 4076 822 2531 3705 2720 4135 -1 1087 3158 2124 3817 1125 2631 2601 2749 3572 1187 2055 0 1991
3101 3049 1949 1892 3075 2081 3279 3913 2629 4396 3024 4089 2269 3404 2341 3669 2254 2207 -1 3041 3489 1676 555 1720 3004 2790 2750 1824 3036 2112 3392 2806 1441 3981 -1 4398 1817 2670 -1 -1 3149 1945 2722 2515 -1 3498 1456 3965 1725 1454 2244 2297 1921 -1 3070 3270 1146 1906 128 3203 4150 2748 3234 -1 4956 3894 2532 3787 3230 2398 1288 2805 1200 904 2957 2911 3062 3025 3294 4568 3324 1638 2635 2888 729 4812 -1 2944 2671 2525 4950 1411 3362 2162 2623 2686 2123 2676 4232 0
2961 1276 -1 1648 3342 1318 3396 3186 2058 3155 2309 2001 1379 3939 1774 2880 4418 2145 362 2879 2573 1726 2078 3076 3799 1555 -1 3007 2021 2571 2170 3044 3184 2318 2659 2640 4345 3282 3988 4465 2026 2969 3028 5330 3207 2763 1450 3853 2703 2444 3027 3459 3005 3390 2929 3248 3900 4689 2736 1829 4551 2806 3285 4702 889 2637 2984 3049 2252 -1 5341 6272 3071 -1 1595 2025 -1 2564 2604 2751 2351 3710 1873 1387 3052 3718 4378 3459 3366 1884 1349 3620 1168 3457 2948 2525 4256 2238 -1 -1
3148 2245 -1 5355 2627 2287 3795 5061 3539 3575 2003 3333 2348 3444 3010 3149 4615 3397 3726 4154 2267 2695 3047 4951 3640 2654 -1 3976 3801 3643 2833 4062 2775 3287 3541 2722 4728 3817 4598 2618 2689 3455 1181 5830 1360 2457 2796 5199 4656 2285 2075 4805 3855 3528 2770 3689 4070 4383 3192 3704 4924 3003 1438 4652 2536 4382 3647 3549 3879 -1 5997 6012 3249 -1 3222 2994 -1 3885 3220 2307 3369 3551 2842 3167 4021 4542 5031 2526 3248 2442 4079 4236 2137 3013 2789 3244 4525 3185 -1 -1
2818 3138 -1 5141 3738 3398 1728 4636 2870 3259 2566 900 3459 3154 3076 2690 1802 3497 4289 3825 2830 3464 3940 4526 4136 3555 -1 4051 2185 2789 3068 3208 3253 2499 2916 3175 4538 3487 4173 3729 3197 2745 2292 5264 2471 3020 3359 5762 4538 2781 3186 4206 2971 3680 3266 1994 1284 4946 2754 3279 4465 190 2549 5763 2889 4168 3882 3284 3554 -1 5431 4358 2984 -1 2897 3887 -1 4837 3550 2684 2515 4047 3735 1551 3230 4424 5188 3637 3072 1817 3749 3603 3248 3390 3285 2914 4066 3441 -1 -1
1746 2269 -1 4069 3213 2873 3358 3566 3386 3507 2589 2509 2934 3070 2282 3735 3869 3421 3611 2420 2853 3281 3071 3456 2747 2063 -1 2563 2579 3322 3164 4072 3361 2429 3491 2103 2225 2415 1622 2706 3275 4041 1767 4886 1946 3043 1958 4361 2903 2356 2661 3967 2102 3818 2841 1469 3351 4969 3778 2209 2653 2257 2024 5238 1397 3096 3738 2605 2760 -1 3771 5343 3822 -1 2103 3018 -1 3188 2996 2893 3926 3622 2866 3618 2608 2789 4357 3112 3480 2392 2677 4012 2723 1611 2860 1842 5052 2746 -1 -1
2609 546 -1 3138 2619 2279 625 3995 2338 2708 1650 2200 1590 2476 1973 2796 3688 1698 1852 2722 1914 1937 1348 4566 3632 2185 -1 3654 2345 2851 2825 2623 2690 1935 2000 1910 3932 2552 3329 2610 2681 2914 1173 4161 1352 2104 2080 4483 4193 2277 2067 3929 1868 358 2762 3176 2403 4030 1651 3319 3821 2076 1430 4644 1519 2903 3585 2181 2451 -1 4328 6244 1881 -1 1794 1295 -1 2886 2447 1768 3247 3543 1143 2283 3699 4237 4678 2518 2707 901 2484 3241 2129 2474 2781 2705 3656 2437 -1 -1
4880 3977 -1 6604 4359 4019 5234 5024 4986 5307 3735 5046 4080 4216 4216 4881 4446 4858 4762 4549 3999 4025 4487 4914 2315 4934 -1 5708 4298 3768 4565 4187 4327 4617 5273 4073 3683 5549 6286 4350 4421 5007 2913 5904 3092 4189 3133 4521 4397 4017 3807 3837 5304 5260 4502 2927 5211 6115 4924 3667 6094 4605 3170 6384 4268 5631 4099 4568 5297 -1 6071 6837 4268 -1 4640 4455 -1 3125 4952 4039 3494 5283 4303 3664 3622 4283 2158 4258 4800 4174 4277 2901 3869 4745 4521 4619 6257 4917 -1 -1
1758 882 -1 3977 2293 1666 1971 2725 2223 3044 1669 2017 1727 2150 2594 2815 3881 2034 2766 3820 1933 2074 1684 2615 2324 2375 -1 1176 1192 2640 2499 2685 2441 2525 3052 2115 3807 2427 1718 1319 2355 3121 847 3499 1026 2123 2012 3050 1516 969 1741 4021 715 2431 1454 549 3363 4049 2858 1368 4157 2269 1104 4318 1709 3108 2351 1218 2435 -1 3666 3956 2817 -1 2415 1631 -1 3134 2886 1973 2612 2235 1479 2365 1221 1402 3745 2192 2093 2108 2689 3577 1516 2679 1473 1854 3665 2851 -1 -1
2383 1883 -1 4036 3956 3157 1562 1352 2511 3291 2367 2936 2614 3813 2910 2244 3347 3035 2750 3659 1362 2961 2372 1242 4113 2857 -1 3859 2896 2253 2598 1943 2083 2913 2937 2740 4570 3052 4266 3458 2454 2763 2510 5098 2689 1552 2752 3532 1998 2872 2752 4761 2805 1695 3357 2815 3165 3060 2588 3371 4019 2894 2767 5981 2191 3733 3412 2857 3187 -1 5265 4438 2557 -1 2530 2632 -1 3931 3384 2705 1979 4138 2480 2262 3904 1884 4806 2280 2556 1838 3314 4265 3007 2248 3376 2479 1631 3128 -1 -1
1346 2049 -1 3640 1099 2276 1559 3282 2360 3627 2584 2100 2337 3543 2247 1536 3087 3201 2354 3656 2848 2684 2851 3782 2934 2028 -1 764 2188 2267 1305 2663 1247 2762 2934 1703 3960 2015 3756 3677 1161 1927 2240 3087 2419 3038 1923 4326 3056 1579 2290 3932 1882 2289 2064 1942 2569 4594 2081 2535 3311 1475 2078 2459 1362 2696 1939 806 2023 -1 3254 5496 1721 -1 1694 2798 -1 3492 2596 2522 2518 2845 2646 1554 809 2942 3333 2741 1720 1835 2277 3612 2126 3228 2083 1442 2912 2292 -1 -1
1357 2817 -1 3680 4106 2897 2327 3445 2997 2931 2659 1653 2958 3826 1800 3805 2064 3412 2176 3090 2923 2849 3619 3335 4125 1581 -1 2576 2971 1820 2755 660 800 2778 3009 1714 4210 2026 3965 4097 2869 1480 2660 3855 2839 3113 1476 3879 3681 3029 2319 3485 2650 3773 3514 2362 2962 4780 2267 2088 5369 1868 2089 6131 915 2707 3569 1574 694 -1 4022 6036 1274 -1 1247 3566 -1 3503 2607 2551 3441 4295 3414 2477 2621 3977 3968 2770 1273 1910 2288 3623 2747 3257 3533 1453 5181 1845 -1 -1
1963 2854 -1 4286 4712 2947 3853 3643 3509 4003 3137 2098 3008 4395 1268 4283 4086 3857 4860 5264 3401 3197 3656 3533 3610 3044 -1 4278 3577 3539 4085 4234 4374 3697 3487 2320 5210 2632 4571 4703 3941 3943 3266 6003 3445 3591 2939 5342 4289 2255 4038 4948 3960 4968 2740 2968 3568 5351 3772 2286 5847 2474 2695 6331 2378 3313 3603 3722 2349 -1 6170 6642 4039 -1 1692 3603 -1 4109 3213 3255 3898 3521 3451 3585 4323 4175 4574 4115 3011 2388 2894 4229 2797 1828 2759 2059 4691 3727 -1 -1
3245 2196 -1 4686 1959 2238 3316 3106 2532 3672 2100 2836 2299 2021 2964 3246 3738 3348 3483 2631 2364 2255 2998 2996 2735 2888 -1 3927 3816 2886 2165 3305 2107 2847 3324 1619 1765 3914 4512 2715 2021 2787 1278 5053 1457 2554 1995 4398 3752 2382 2172 2825 3534 3625 2867 1009 3220 4480 3289 1749 2641 2126 1535 4749 2222 3713 2979 2772 3211 -1 5220 6192 2581 -1 2554 2945 -1 646 2574 2404 2612 3648 2793 3182 3972 3638 3388 2623 2580 2225 1823 3590 2088 3110 2886 2701 4622 3152 -1 -1
2135 2676 -1 3048 3632 2718 2622 3740 3427 3027 2880 1948 2779 3489 2095 4026 2359 3545 1762 3385 3144 3126 3478 3630 3056 1876 -1 2871 3421 1265 2044 955 1095 3073 3230 2492 4306 2804 3529 3623 1900 1775 2186 3310 2365 3334 1771 4086 2622 2318 1764 3780 2945 3537 2803 1888 3740 5075 2562 2383 5058 2646 2443 5281 1210 3485 1505 1869 2199 -1 3477 5062 1569 -1 1542 3425 -1 3866 3385 1294 991 3584 3273 2787 2569 2508 2899 1919 1568 2131 2749 307 2568 2000 2822 2231 4771 2140 -1 -1
866 1591 -1 3189 3615 1633 2915 3308 2506 2862 2726 2087 1694 3335 2297 2778 2989 2743 2926 2278 2445 2041 2393 4238 2927 2571 -1 3181 2480 2442 1616 3381 3521 2633 3184 1223 4141 1535 2260 3606 2800 2882 2169 5156 2348 2635 2466 2817 3547 1572 2941 4343 2863 2815 2057 1871 2471 4561 2631 2991 4553 1377 1598 5017 1905 2216 2430 3223 3268 -1 4409 5545 2942 -1 2611 2340 -1 3012 2116 25 3215 2838 2188 2738 3226 3433 3477 650 3716 2340 1797 3132 1483 731 2076 962 4154 3254 -1 -1
2681 1881 -1 4957 3947 1923 3161 3842 2480 870 1396 2274 1984 3366 2814 2542 4712 3033 3119 3015 1660 2294 2683 4643 2581 2595 -1 3400 2217 2993 952 3562 3702 2600 3238 2991 2149 2753 3995 2269 808 2846 2828 4689 3007 1850 2189 4417 2883 1226 3492 4198 3484 3798 1711 3445 3463 3776 4033 3454 4317 3139 3085 5307 1929 3984 1766 2408 3292 -1 4856 5323 2108 -1 2635 2630 -1 3391 2613 2538 2869 2492 2478 2560 3445 2769 3160 3163 2817 2139 3565 3629 1773 2546 1730 2777 3918 2578 -1 -1
3039 3356 -1 3728 4312 3398 3252 3986 2389 3906 3314 2628 2492 4169 2775 3003 3039 4074 2442 4065 2121 2839 2250 3876 4406 2556 -1 3551 3655 1699 3357 1635 1775 2791 3664 2812 5185 3708 4993 4303 3213 2455 2866 4780 3045 2311 2451 4854 3778 3617 2198 4460 3575 4693 4102 2568 3886 4237 3242 3063 4778 2978 2624 5961 1890 3805 2855 2499 2879 -1 4947 6218 2199 -1 2222 3920 -1 3809 4289 2430 1671 4883 3953 3021 1725 3664 4249 2649 2248 2565 3386 3821 3248 3007 4121 3135 4379 2820 -1 -1
2768 1968 -1 5044 4034 2010 3248 3929 2567 957 1483 1617 2071 3453 2901 2629 4799 3120 3206 3102 1747 2381 2770 4730 2668 2682 -1 3487 2304 3080 1039 3649 3789 2687 3325 3078 2236 2840 4082 2356 895 2933 2915 4776 3094 1937 2276 4504 2970 1313 3579 4285 3571 3885 1798 3009 3550 3239 726 3541 4404 3226 3172 5394 2016 4071 1853 2495 3379 -1 4943 5410 2195 -1 2722 2717 -1 3478 2700 2625 2956 2579 2565 2647 3532 2856 3247 3250 2904 2226 3652 3716 1860 2633 1817 2864 4005 2665 -1 -1
2710 2636 -1 4956 4601 3319 2715 4173 3198 2451 2570 546 1949 3924 1711 3716 4246 2305 3665 2722 2834 2296 3438 4063 4159 1492 -1 4448 2667 2473 2533 3051 3191 2145 2920 3067 3730 3379 3710 3850 2389 2391 3263 4451 3442 2396 151 2554 3592 2804 2964 2160 3246 2448 3289 2990 3728 4733 2220 2816 4741 2634 2926 6143 826 3983 3347 2170 797 -1 4042 6203 2973 -1 140 3377 -1 3645 3787 2688 2997 4070 3233 2033 4465 4188 4741 1094 3541 1821 2943 2403 3188 3092 3308 2806 4817 2175 -1 -1
-1 -1 -1 -1 -1 -1 -1 -1 -1 -1 -1 -1 -1 -1 -1 -1 -1 -1 -1 -1 -1 -1 -1 -1 -1 -1 -1 -1 -1 -1 -1 -1 -1 -1 -1 -1 -1 -1 -1 -1 -1 -1 -1 -1 -1 -1 -1 -1 -1 -1 -1 -1 -1 -1 -1 -1 -1 -1 -1 -1 -1 -1 -1 -1 -1 -1 -1 -1 -1 -1 -1 -1 -1 -1 -1 -1 -1 -1 -1 -1 -1 -1 -1 -1 -1 -1 -1 -1 -1 -1 -1 -1 -1 -1 -1 -1 -1 -1 -1 -1
745 1661 -1 3068 3246 1703 2461 2251 2385 3026 2605 1966 412 3214 2748 2689 2868 2243 2368 2668 2261 759 2463 2141 3513 3160 -1 2911 2359 2321 3452 2842 2982 1351 3044 1102 3359 1414 3155 3485 3308 3192 2048 2486 2227 1099 2592 4238 2897 3152 2820 4601 2038 3775 3637 1750 2350 3959 3487 894 4186 1256 1477 4606 2494 2095 3730 2851 1422 -1 2653 5337 2821 -1 2681 1840 -1 2891 1995 1867 2878 4418 2258 2229 2956 2783 3356 2492 3455 2598 1676 3011 1553 1795 3656 841 4065 3787 -1 -1
2582 897 -1 1515 2963 939 1453 1634 3041 1473 1619 2435 1000 2552 2755 785 3629 2012 3032 3256 1644 1347 1683 3778 2654 2536 -1 2455 1437 2041 2037 2225 2365 1939 2490 1165 2752 2903 2997 2598 1893 2517 2839 3482 3018 1834 688 2979 3795 2033 2540 2697 1189 2985 2518 2541 3447 3760 2479 2531 2560 2411 3096 4323 1870 542 2678 2497 3233 -1 3649 5918 2541 -1 2576 1646 -1 3095 2106 2455 1767 3299 1494 803 2500 3681 4072 2810 2310 1729 2819 2940 789 2530 2537 2146 2161 2801 -1 -1
3578 2675 -1 5212 2440 2717 3336 5233 3013 4005 2433 2639 2778 2914 2978 3579 4428 3827 3926 4584 2697 2736 3477 5123 4026 3369 -1 4406 1641 3526 2646 4004 2588 3328 3005 2100 4937 4247 4334 3048 2502 3268 1611 5643 1790 2887 3226 5298 4577 2715 2505 3306 4015 3958 3200 1313 2892 4813 2656 3876 5354 1798 1868 5082 2703 4259 3460 3362 3456 -1 5569 5966 3062 -1 2799 3424 -1 3519 3055 2737 3402 3981 3272 3159 4451 4463 3869 2956 3061 1906 2304 4071 2567 3443 3219 3005 4955 3442 -1 -1
1921 2132 -1 4244 3173 1901 3309 3381 3561 3180 3102 2198 1962 3715 3363 3610 3524 2170 3476 3250 3366 686 2934 3271 4320 3144 -1 2838 2442 1756 2691 2669 2809 1278 3452 2278 3386 2590 4529 4342 3235 1416 2905 4837 3084 3556 1803 3248 4027 2965 2255 3613 1965 4100 3450 2607 3526 5089 3372 2024 5385 2432 2653 4533 2478 3271 3219 2556 2449 -1 5004 6467 2256 -1 1792 1767 -1 3510 1005 2487 2705 4231 2729 3440 2883 3913 4532 2706 1209 2622 2852 2021 2300 3193 3469 2017 4986 1781 -1 -1
3622 2221 -1 5331 3179 2263 2800 2934 2820 3434 2688 2470 2324 3160 2301 3762 3077 2424 4181 4540 2944 2618 3023 2824 2921 3416 -1 3952 2380 3333 1292 3349 3327 723 3649 2839 3674 4227 5016 3303 3241 969 1866 5761 2045 3134 2075 4478 3223 1566 2760 2430 3897 4138 2051 1568 2356 4642 3395 1577 5496 1262 2123 5337 2750 4358 2106 3480 2721 -1 5928 5430 3414 -1 2064 2970 -1 3731 3794 2781 3209 2832 2818 2623 3997 3109 3500 3018 3233 2645 3043 2946 2113 3487 2070 3260 5087 3805 -1 -1
3243 3380 -1 5566 3143 3422 2153 4183 3295 3423 2991 1325 3483 3205 3501 3115 2227 3922 4667 3815 3255 3439 4182 4073 3919 3980 -1 3531 2610 3214 3349 3633 3291 2924 3341 2803 2949 3912 4598 3899 3205 3170 2462 5146 2641 3445 3179 5582 4458 3206 3356 4009 3396 4105 3691 2193 1709 5371 3179 2826 3825 615 2719 5226 3314 4593 3341 3573 3979 -1 5313 4783 3409 -1 3322 4129 -1 1830 3758 3109 2940 4472 3977 1976 3576 4344 4572 3807 3497 2242 3007 2143 3272 3815 3710 3339 4491 3866 -1 -1
2768 2236 -1 5091 4028 2576 826 3734 2539 3074 1851 2281 2637 2823 2174 2997 3710 3388 2830 2923 2115 2749 3038 3624 3234 2235 -1 3855 1283 1887 3251 2306 1454 2065 2201 3125 3874 3437 3271 4019 3107 2134 2582 4362 2761 2305 2130 4533 3636 1879 2386 4130 2069 3122 2364 2510 382 4231 1852 2377 4302 3279 2839 5960 1569 4118 3786 2228 2558 -1 4529 5764 1928 -1 1901 2985 -1 4044 2648 1969 1613 3145 2833 649 3900 3522 4286 2837 1927 1102 3686 3664 2426 2675 2383 2864 4373 2499 -1 -1
2867 2487 -1 5190 2869 2529 3257 4547 3781 3817 2245 2575 2590 3686 1745 3391 4788 3639 3968 4396 2509 2937 3289 4437 3882 3444 -1 4218 4043 3885 3075 4304 3017 3529 3783 2983 4989 3536 4840 2860 2931 3697 1423 6072 1602 2699 3038 5441 4898 2527 2317 5047 4097 2990 3012 3872 4270 4625 3434 3190 5166 3176 1680 4894 2778 4217 3889 3791 2826 -1 6239 7333 3491 -1 2169 3236 -1 4127 3462 2549 3611 3793 3084 3409 4263 4784 5273 2768 3490 2684 3798 4478 2379 2732 3031 2963 4767 3427 -1 -1
2015 2718 -1 4338 4355 3213 2228 4457 3655 4296 3253 3236 3274 4212 3576 4097 4138 3870 4506 2425 3517 3621 3520 4961 4507 4055 -1 4330 2620 3224 3196 3643 3783 3402 3603 2372 4531 2684 3062 4346 4380 4462 2909 3756 3088 3707 3359 4393 5110 3152 3723 5368 2551 4395 3637 2611 3620 5633 3254 3714 5159 2526 2747 6380 3389 3365 4010 1475 2692 -1 3923 6694 1175 -1 3397 3467 -1 4161 2150 1605 2950 4418 3315 1986 3770 5013 4436 2230 4256 2504 2946 3166 3063 2311 3656 2111 5473 4040 -1 -1
3071 2759 -1 5394 4479 2801 3614 3959 3358 3299 3621 2506 2862 4244 2376 4767 3935 3911 4047 4144 3885 3209 3561 3849 3459 3452 -1 4437 1508 2112 3052 2531 2671 2290 3971 3428 4099 3740 3496 4470 3332 3351 3033 5193 3212 4075 3347 5750 4605 2104 2611 4875 3976 3347 2589 2735 4627 5667 3163 2602 4527 3533 3290 6185 2786 4421 3866 2912 3457 -1 5360 5989 2612 -1 2800 3508 -1 4269 4321 2843 1838 3370 3356 874 4482 4491 4511 3062 3144 2872 4002 4513 2651 2936 2608 3167 5799 3716 -1 -1
4755 4204 -1 6796 5579 5012 4283 4821 4989 4873 3470 4406 5073 5311 4179 4616 5666 5356 5193 5895 3734 4368 5006 4861 3535 3960 -1 5474 4584 4988 4955 5407 5298 4665 4651 5112 5700 5424 5097 5570 4811 4911 4133 7301 4312 3924 3855 4635 3101 5180 5027 5864 5526 4016 5665 3918 5311 5850 5185 4203 6128 5204 4313 7604 3294 6105 1984 5516 4657 -1 7246 5541 5488 -1 4000 4953 -1 4345 4687 4419 4714 6446 4801 3950 4842 2987 3378 5478 4891 3552 5411 5703 4862 4620 5684 4851 5250 4643 -1 -1
3189 1331 -1 4614 3570 1546 2815 2605 2103 3493 2747 1897 1607 2989 2853 3497 4335 2483 4003 3863 2615 1954 2133 2495 2204 2878 -1 3235 3710 2520 3776 3185 3325 2505 2932 2695 3687 3337 4426 3888 3632 3197 2451 5278 2630 2805 2567 4785 3251 849 3019 4576 3233 3445 1334 3389 3576 4313 3841 1248 4606 2861 2708 4930 2212 3641 4410 2997 3213 -1 5445 5691 2697 -1 2556 2080 -1 3014 3588 2452 2492 2115 1928 3424 3280 3137 5268 3077 1973 3091 3269 4026 1396 3158 1353 2753 4873 3561 -1 -1
2203 518 -1 3628 2584 560 2899 3747 3165 2680 1551 2603 621 3533 2376 2697 3660 1670 3274 2877 1815 968 1320 4066 3887 2157 -1 2249 2724 3101 2790 2595 2732 1560 1901 1882 3833 2524 3230 4254 2646 2211 3187 4572 3366 2005 2052 4455 3597 3064 3600 4061 2247 2632 3549 2889 3142 3931 3269 2819 3793 2048 2935 3944 1491 2655 3424 2291 2854 -1 4739 6216 3206 -1 2197 1267 -1 2158 2602 2076 3402 4330 1115 2438 2294 4209 4282 2701 2608 2294 2456 3213 410 2701 3218 1767 4073 2733 -1 -1
3352 1693 -1 3873 4604 2760 1413 3449 2321 3661 2438 2264 1770 3410 2037 3143 4297 2845 625 3510 2702 2117 2495 3339 3821 1818 -1 4269 1870 2474 3411 2893 3033 2652 2788 3057 4461 3699 3858 4606 3694 3475 3169 4949 3348 2892 1713 4116 3918 2466 2973 3722 2656 3612 2951 3097 969 4818 2439 2092 4889 3223 3426 5964 1152 2900 3762 2969 2515 -1 5116 6351 2669 -1 1858 2442 -1 2827 3235 2556 2200 3732 2290 1236 4314 3981 4873 3424 3495 1689 1612 3965 2751 3262 2970 2916 4519 2501 -1 -1
1407 291 -1 3401 2217 333 1620 3520 2546 2453 1534 1286 394 116 1059 2671 3433 1443 2785 2650 1798 741 1093 3839 3241 1930 -1 2022 2115 2719 2423 2368 2365 1333 1884 1619 3613 2076 3213 3179 2279 1984 2301 3148 2480 1988 90 2493 3370 2233 3195 2099 1943 2387 2718 2003 2915 2781 2646 2592 3566 1821 2139 3717 1264 2428 3197 867 1537 -1 3315 5989 2839 -1 880 1040 -1 2652 1232 1849 2445 3152 888 1481 2067 3982 3646 2474 2314 1169 2081 2248 183 2555 1811 1503 4047 1523 -1 -1
-1 -1 -1 -1 -1 -1 -1 -1 -1 -1 -1 -1 -1 -1 -1 -1 -1 -1 -1 -1 -1 -1 -1 -1 -1 -1 -1 -1 -1 -1 -1 -1 -1 -1 -1 -1 -1 -1 -1 -1 -1 -1 -1 -1 -1 -1 -1 -1 -1 -1 -1 -1 -1 -1 -1 -1 -1 -1 -1 -1 -1 -1 -1 -1 -1 -1 -1 -1 -1 -1 -1 -1 -1 -1 -1 -1 -1 -1 -1 -1 -1 -1 -1 -1 -1 -1 -1 -1 -1 -1 -1 -1 -1 -1 -1 -1 -1 -1 -1 -1
2388 2625 -1 4041 4098 2667 1567 1357 2475 3120 1847 1215 2728 3781 988 2249 3352 2974 2755 3664 1367 2745 3427 1247 3991 2161 -1 3851 2901 2258 2362 1948 2088 2814 2197 2745 4129 3011 3526 3463 2459 2768 2652 5103 2831 1557 2056 3537 2003 2636 2757 4065 2810 2918 3121 2354 3170 3065 2593 3047 4024 2899 2909 6051 1495 3738 3176 2839 1466 -1 5270 4443 2562 -1 809 3374 -1 4314 3064 1965 1984 3902 3222 2267 3896 1889 4570 3208 2561 1098 3319 3475 2517 2253 3140 2484 3625 1452 -1 -1
1550 926 -1 3873 2992 968 2435 3992 3005 3038 2169 1745 1029 2933 1518 3306 3673 2078 3892 3285 2433 1376 1728 4474 4295 2565 -1 2657 2648 3126 2892 3003 3140 1968 2519 1907 4164 2219 3848 4290 2976 2619 2853 3291 3032 2623 2460 4863 4005 3166 3625 4469 2171 3040 3651 2555 3155 4549 2807 3227 4201 2061 2282 4352 1899 2900 3706 2699 1996 -1 3458 6229 3614 -1 1339 1675 -1 3287 2800 2303 3810 4432 1523 2846 2702 4617 4161 3109 3226 1628 2481 3621 818 3009 3670 1646 4682 1982 -1 -1
259 1964 -1 2582 3008 2006 2308 2701 1899 2540 2119 1480 2067 2728 2262 2720 2382 3010 3297 3467 1838 2414 2766 4104 3027 2674 -1 2574 1873 1835 3029 2774 2914 2301 3211 616 2873 928 2669 2999 2930 2706 1562 2000 1741 2028 2569 3752 3950 2666 2334 4167 2256 3909 3151 1264 1864 3954 3108 2857 3700 770 991 5033 2008 1609 3244 2616 936 -1 2167 4938 2335 -1 2195 2713 -1 2405 1509 2203 3095 3932 2561 2131 2619 3836 2870 2785 3377 2112 1190 2525 1856 2658 3170 355 4096 3301 -1 -1
-1 -1 -1 -1 -1 -1 -1 -1 -1 -1 -1 -1 -1 -1 -1 -1 -1 -1 -1 -1 -1 -1 -1 -1 -1 -1 -1 -1 -1 -1 -1 -1 -1 -1 -1 -1 -1 -1 -1 -1 -1 -1 -1 -1 -1 -1 -1 -1 -1 -1 -1 -1 -1 -1 -1 -1 -1 -1 -1 -1 -1 -1 -1 -1 -1 -1 -1 -1 -1 -1 -1 -1 -1 -1 -1 -1 -1 -1 -1 -1 -1 -1 -1 -1 -1 -1 -1 -1 -1 -1 -1 -1 -1 -1 -1 -1 -1 -1 -1 -1
-1 -1 -1 -1 -1 -1 -1 -1 -1 -1 -1 -1 -1 -1 -1 -1 -1 -1 -1 -1 -1 -1 -1 -1 -1 -1 -1 -1 -1 -1 -1 -1 -1 -1 -1 -1 -1 -1 -1 -1 -1 -1 -1 -1 -1 -1 -1 -1 -1 -1 -1 -1 -1 -1 -1 -1 -1 -1 -1 -1 -1 -1 -1 -1 -1 -1 -1 -1 -1 -1 -1 -1 -1 -1 -1 -1 -1 -1 -1 -1 -1 -1 -1 -1 -1 -1 -1 -1 -1 -1 -1 -1 -1 -1 -1 -1 -1 -1 -1 -1
2384 2655 -1 4092 4721 2697 2597 3245 3016 3828 2929 1923 2758 4581 2070 4075 3388 3682 2446 4668 3193 3105 3457 3135 4537 1851 -1 4084 3345 2090 3025 2486 1070 3481 3279 2126 4998 3053 4608 4633 3766 1280 3278 4125 3457 3383 1746 4149 3891 3299 2589 3755 2868 4043 3784 2980 3989 4953 3597 1888 5639 2895 3116 6081 1185 3119 3839 1844 2174 -1 4292 6331 1544 -1 1517 3404 -1 3915 3634 2821 3872 4565 3252 3410 4129 3777 4380 3040 1543 2180 2700 3998 2547 3527 3803 1865 5451 2115 -1 -1
3042 2947 -1 5263 4208 3162 3865 4221 2973 3751 2285 2516 3223 3646 1686 3431 3602 3478 3714 4086 2549 1994 3749 4111 3820 3119 -1 4114 3750 3358 3785 2198 2338 2586 2635 40 3220 3711 3964 4199 3641 3018 2762 5393 2941 2739 3014 5417 4837 2465 3656 4564 3273 5061 2950 2464 4352 4665 3520 2864 3926 3553 3019 4949 2453 4392 3720 3112 2767 -1 5560 7277 2812 -1 2110 3075 -1 4461 3502 2403 3206 3731 3544 3247 4159 4723 5114 4107 2811 1536 3973 2522 3012 2907 2969 3138 4807 3383 -1 -1
2142 2228 -1 2846 2873 2270 2523 2965 457 2804 2249 1678 560 2730 1451 2837 2658 2391 3972 2816 2513 907 318 4457 3886 934 -1 2838 2516 970 2825 3035 3021 859 2660 880 4060 2811 3989 2864 2935 3523 1427 4051 1606 2703 1127 3530 3034 2531 1469 3136 2186 3424 3016 2188 2140 4629 2586 3210 4612 1046 1684 4754 566 1873 3409 1770 1929 -1 4218 5214 1470 -1 1272 1988 -1 1877 2541 1701 3341 3797 2825 2377 2883 3207 4221 1920 3367 1561 1454 2211 2120 2407 3035 1706 4213 1915 -1 -1
2765 1487 -1 4597 3553 1529 2287 2077 4000 3649 2520 2434 1590 4502 3345 2969 4072 2639 3475 3846 2087 1937 2289 1967 4826 3126 -1 3218 3621 1992 3323 2668 2808 2529 2870 2851 4802 3434 4159 4130 3179 3180 3216 4958 3395 2277 2039 4257 2723 3471 2491 4048 3216 3601 3956 3540 3890 3785 3313 720 4744 3017 3473 4913 2460 3624 4137 2677 2685 -1 5125 5163 2492 -1 2028 2236 -1 3127 3571 1924 2704 4737 2084 2987 3263 2609 5251 2549 1445 2563 3425 4182 1379 2630 3975 2736 4345 3702 -1 -1
-1 -1 -1 -1 -1 -1 -1 -1 -1 -1 -1 -1 -1 -1 -1 -1 -1 -1 -1 -1 -1 -1 -1 -1 -1 -1 -1 -1 -1 -1 -1 -1 -1 -1 -1 -1 -1 -1 -1 -1 -1 -1 -1 -1 -1 -1 -1 -1 -1 -1 -1 -1 -1 -1 -1 -1 -1 -1 -1 -1 -1 -1 -1 -1 -1 -1 -1 -1 -1 -1 -1 -1 -1 -1 -1 -1 -1 -1 -1 -1 -1 -1 -1 -1 -1 -1 -1 -1 -1 -1 -1 -1 -1 -1 -1 -1 -1 -1 -1 -1
1842 294 -1 3624 3591 1707 391 3743 2104 2456 557 1602 1338 1490 1739 1703 3436 1446 2280 2488 821 1455 1096 4040 3572 1756 -1 2561 604 2525 2057 2371 2456 2047 1766 1658 3698 2300 3095 3260 1913 2185 2147 2420 2326 1011 1350 3753 3609 2331 2143 3359 127 2408 2816 2847 2624 2937 1417 2793 3478 1824 2404 5091 1090 2651 2492 1947 2217 -1 2587 5992 1647 -1 1560 1043 -1 2655 1774 1534 2685 3597 891 1721 2606 3495 3585 2594 1978 667 2232 2790 1557 1707 2835 1938 3079 1739 -1 -1
2383 1316 -1 4426 3382 1358 2596 3277 1915 3478 2559 1709 1419 2801 2909 3696 4147 2468 3774 2793 2823 1766 2118 4078 2016 2690 -1 3047 1652 2428 387 2997 3137 2035 2744 2680 4757 2188 3430 1704 243 2281 2263 4124 2442 3013 2397 3852 2318 661 2927 3742 2919 3233 1146 2880 3388 4939 3622 2889 4591 2574 2520 4742 2024 3453 1201 1843 3060 -1 4291 4758 1543 -1 2730 2065 -1 2826 2518 1973 2304 1927 1913 2354 3092 2204 2595 2598 3228 2769 3254 3534 1208 2679 1165 2479 4467 3373 -1 -1
2131 1783 -1 3963 4471 2991 2344 3539 2411 3138 2406 1233 1860 4292 2127 3233 4254 2935 715 3369 2670 2207 2585 3429 4234 1908 -1 4359 2374 791 2751 2856 2996 2182 2756 2488 4417 2800 4085 2902 3076 2428 3025 3872 3204 2860 838 3241 3800 2970 1290 2847 2667 3135 3455 2727 3736 4786 2407 2182 4584 2642 2863 5607 1242 2990 2683 1591 1484 -1 4039 6240 1291 -1 827 2532 -1 2917 3381 1522 2704 4236 2380 1740 3886 3686 4077 1741 244 1657 1702 3090 2841 2228 3474 2227 4609 2591 -1 -1
3421 2143 -1 5253 2978 2185 2599 2733 3551 3233 2971 2269 2246 2959 3421 3561 2876 2223 4131 4339 2743 2417 2945 2623 3833 3215 -1 3874 2179 3579 3184 3148 3126 522 3526 2638 3473 4090 4815 3586 3040 768 2149 5560 2328 2933 1874 4277 3379 3253 3043 2229 3696 4171 3738 1851 2155 4441 3194 1376 5336 1061 2406 5569 2549 4280 3943 3279 2520 -1 5727 5229 3600 -1 1863 2892 -1 3563 3593 2580 3360 3744 2740 2422 3919 3265 4407 2817 3032 2444 2842 2745 2035 3286 3757 3392 4886 3604 -1 -1
2125 2850 -1 4315 4270 2892 3677 3723 1854 3219 1166 2811 2953 4127 2584 2312 4248 3383 2889 3643 1430 2064 3652 3613 3970 2365 -1 3170 2964 2367 2666 3987 3550 2256 1516 2349 3448 2794 2845 3869 2522 2430 2824 5448 3003 1620 1959 4362 4126 2940 2866 3445 3265 4256 3425 2692 3233 3546 3803 2366 3876 2636 2857 5911 1699 3342 3101 3167 3062 -1 4994 6566 2867 -1 2405 3145 -1 4138 2383 1284 3294 4206 3447 2330 3215 4012 4194 3317 2223 417 2923 3399 2742 1990 2833 2221 3688 2348 -1 -1
1241 365 -1 3460 3581 2838 1454 3683 2881 2527 2479 1673 1409 3438 2223 3287 3364 1517 2249 3551 2743 1756 1167 3923 3385 2004 -1 659 675 2817 3597 2168 2308 2008 2829 1598 3806 1910 1201 802 3643 2988 2135 2982 2314 1844 1495 3898 2951 3239 3029 3504 198 2479 3724 1837 2846 4859 2480 2676 3640 1752 1973 4919 1338 2591 1834 701 1918 -1 3149 5391 2710 -1 2044 1114 -1 2726 2491 2519 3004 4505 962 2040 704 2837 3228 3480 2781 1730 2172 3060 2838 2540 3743 1337 4663 2687 -1 -1
1845 1095 -1 4168 3161 1137 1950 3216 1694 1730 1957 1488 1198 2580 1165 3103 3481 2247 3177 3454 2221 1545 1897 3106 1795 2469 -1 2826 3077 2207 1812 2776 2916 1504 2307 2202 3009 2514 2753 3129 1668 1750 2042 4869 2221 2411 2364 4767 3743 440 2706 3211 2824 1683 925 2600 2963 4012 1499 1859 3784 1869 1969 4521 1803 3195 2626 2588 2246 -1 4902 5246 2288 -1 1589 1844 -1 2605 3095 2075 2083 1706 1692 3015 2871 3629 4020 2902 2584 1208 2776 3397 987 1710 944 1941 4479 3139 -1 -1
2872 1213 -1 3393 4124 2421 3179 2969 1841 3351 2416 1784 1290 3722 1557 2663 4231 2365 145 3546 2680 1637 2015 2859 3755 1338 -1 3789 1804 2354 2931 2827 2967 2229 2766 2577 4128 3219 3792 4248 3627 3629 2811 5360 2990 2870 1233 3636 3438 2400 2810 3242 2916 3327 2885 3031 3837 4677 3458 1612 4438 2743 3068 5484 672 2420 3282 3154 2035 -1 5124 6055 2854 -1 1378 1962 -1 2347 3271 2534 2134 3666 1810 1170 3834 3501 4676 3261 3440 1667 1132 3485 2271 3240 2904 2436 4039 2021 -1 -1
-1 -1 -1 -1 -1 -1 -1 -1 -1 -1 -1 -1 -1 -1 -1 -1 -1 -1 -1 -1 -1 -1 -1 -1 -1 -1 -1 -1 -1 -1 -1 -1 -1 -1 -1 -1 -1 -1 -1 -1 -1 -1 -1 -1 -1 -1 -1 -1 -1 -1 -1 -1 -1 -1 -1 -1 -1 -1 -1 -1 -1 -1 -1 -1 -1 -1 -1 -1 -1 -1 -1 -1 -1 -1 -1 -1 -1 -1 -1 -1 -1 -1 -1 -1 -1 -1 -1 -1 -1 -1 -1 -1 -1 -1 -1 -1 -1 -1 -1 -1
2599 1906 -1 4922 3626 1948 2761 3106 2505 2446 2768 1653 2009 3391 1976 3914 3082 3058 3194 3291 3032 2356 2708 2996 2606 2599 -1 3584 655 1259 2199 1678 1818 1437 3118 2956 3246 3268 2643 3617 2479 2498 2180 4340 2359 3222 2494 4897 3752 1251 1758 4022 3123 2494 1736 1882 3774 4814 2310 1749 3674 2680 2437 5332 1933 3949 3013 2059 2922 -1 4507 5136 1759 -1 2265 2655 -1 3416 3849 1990 985 2517 2503 21 3629 3638 3658 2209 2291 2019 3530 3660 1798 2521 1755 2695 5290 2863 -1 -1
1904 2115 -1 4227 3156 3110 2540 3418 3345 3144 2872 1866 3159 3698 2013 3343 2277 2153 2389 3303 2461 669 2917 3548 2695 1794 -1 2789 2425 2033 2968 873 1013 1261 3222 2261 4423 2573 4512 4325 3082 1693 2888 4068 3067 2651 1689 4092 3894 3152 2532 3698 1948 3986 3637 2590 3509 4577 2480 2301 2601 2415 2636 3624 1128 3254 3782 1787 2117 -1 4235 6583 1487 -1 1460 1750 -1 3136 3154 2764 2886 4418 2712 1922 2834 4190 4515 2983 1486 2123 2835 3484 2960 3347 3656 2000 4719 2058 -1 -1
2324 2962 -1 4647 4315 3004 2537 4732 2812 2065 2184 1552 2799 4296 1325 3330 4447 3311 3907 4210 2448 2374 3764 4622 3776 1106 -1 4188 2281 2885 2147 3304 3444 1859 2534 2681 3344 2993 3792 3464 2003 3397 3218 4065 3397 2638 1001 3404 3206 2421 2578 3010 2860 3298 2906 2920 3929 4347 1834 3375 4823 2835 3056 6221 440 3674 2961 1784 1803 -1 4232 6356 3303 -1 1146 3455 -1 3560 3401 2302 2611 3687 3559 1647 4079 3802 4355 3029 3241 1435 2557 2420 2854 3008 2925 2420 4706 1789 -1 -1
2619 1427 -1 2045 3493 1469 1983 2164 1362 2003 2149 2064 1530 3082 1725 3056 3641 2542 3562 3786 2174 1877 2229 4150 3859 2137 -1 2037 2196 1298 2567 2237 2377 1764 2674 79 3259 3288 4003 3769 2423 3047 2332 4012 2511 2364 2032 4435 3920 2504 1797 4041 1719 3541 2989 2503 3977 4290 2914 2903 3965 2957 2589 4853 1471 1072 2803 2079 2315 -1 4179 6360 1798 -1 1658 2176 -1 1868 2636 2029 2791 3770 2024 3074 2082 3806 4197 2248 2840 1575 653 2561 1319 2735 3008 2676 4432 2820 -1 -1
2380 2591 -1 4703 3632 2360 3555 3840 3830 3083 3202 2570 2421 4174 2343 4069 3983 2629 3935 3709 3466 1145 3393 3730 4779 2124 -1 3297 2901 2215 3150 3128 3268 1737 3552 2737 3845 3049 4810 4482 3021 1875 3364 5083 3543 3656 2019 3707 4224 3424 2714 4028 2424 4316 3909 3066 3985 5365 2852 2483 5841 2891 3112 4992 1458 3730 3678 2802 2821 -1 5250 6926 2715 -1 2164 2226 -1 3969 1464 2946 3164 4690 3188 2665 3342 4372 4991 3165 1668 2453 3311 2480 2759 3652 3928 2476 5445 2240 -1 -1
3463 2663 -1 5610 3648 2705 3943 4154 3262 1652 2178 2312 2766 1547 1619 3324 4775 3815 3901 3797 2442 3076 3465 4044 3363 3377 -1 4182 2999 3775 1734 4344 3796 3382 3699 3308 2931 3535 4777 3051 1590 2667 3610 5471 3789 2632 2971 4593 3665 2008 4274 4514 4266 4580 2493 3704 4245 3934 1421 2797 5099 3921 3867 6089 2711 4637 2548 3190 2700 -1 5638 6105 2890 -1 2043 3412 -1 4173 3395 3320 3651 3274 3260 3342 4227 3551 3942 3945 3522 2600 3512 4411 2555 3328 2512 3559 4700 2954 -1 -1
4005 4237 -1 6328 5095 3730 4218 6119 4925 3419 4471 4327 3791 4926 3971 5617 4738 2409 4850 5564 4735 4138 5039 6009 4292 4255 -1 5250 5018 4494 5301 3334 3474 4730 5020 4362 4698 4674 6415 5086 5157 4154 3649 5746 3828 4925 4150 6553 5475 4753 4543 6159 4541 5216 5238 4601 5610 6851 4941 4762 7392 4516 3906 7120 3589 5355 6115 3465 4578 -1 5913 7915 3948 -1 3921 4986 -1 3749 5255 4775 4580 4203 4834 5608 5165 5361 6616 4994 3947 4494 4216 6271 4129 4958 5257 4101 6993 4519 -1 -1
2150 1247 -1 4357 1629 1289 2797 4063 2541 2577 1005 2335 1350 1486 2012 2151 3617 2399 2728 3156 1269 1697 2049 3953 2642 2204 -1 2978 2803 2645 1835 3064 1777 2289 2543 1743 3749 2819 3600 1620 1691 2457 183 4832 362 1459 1798 4201 3658 1287 1077 3807 2857 2530 1772 2691 3072 3385 2194 2706 3926 2005 440 3654 1538 3384 2649 2551 2881 -1 4999 6093 2251 -1 2224 1996 -1 2887 2222 1309 2371 2553 1844 2169 3023 3544 4033 1528 2250 1444 3081 3238 1139 2015 1791 2246 3527 2187 -1 -1
2370 3095 -1 4693 3474 3137 3774 4308 4010 3729 2961 3101 3198 3455 2271 4107 4493 2719 4430 5454 3225 3545 3897 4198 4329 3451 -1 4685 2675 3946 3680 3644 3622 1018 4039 2727 5008 3039 211 4082 3536 3735 2645 6056 2824 3415 3346 4126 2592 3258 3539 4340 4367 3507 3743 2347 3926 5341 3690 2951 5882 2832 2902 6116 2785 3720 4187 3775 3352 -1 2360 5032 4096 -1 2695 3844 -1 4059 3620 1529 4405 4240 3692 3441 4006 2478 4903 3990 3528 2940 3301 3241 2987 2235 3762 2466 4741 4100 -1 -1
-1 -1 -1 -1 -1 -1 -1 -1 -1 -1 -1 -1 -1 -1 -1 -1 -1 -1 -1 -1 -1 -1 -1 -1 -1 -1 -1 -1 -1 -1 -1 -1 -1 -1 -1 -1 -1 -1 -1 -1 -1 -1 -1 -1 -1 -1 -1 -1 -1 -1 -1 -1 -1 -1 -1 -1 -1 -1 -1 -1 -1 -1 -1 -1 -1 -1 -1 -1 -1 -1 -1 -1 -1 -1 -1 -1 -1 -1 -1 -1 -1 -1 -1 -1 -1 -1 -1 -1 -1 -1 -1 -1 -1 -1 -1 -1 -1 -1 -1 -1
2489 1938 -1 4530 3396 2762 2017 2705 3384 2607 1204 2140 2823 3253 1913 2350 3453 3090 2927 4114 1468 2102 2740 2595 3609 1694 -1 3208 2318 2922 2689 3296 3436 2399 3046 2846 3886 3158 4306 3387 2545 1345 1950 5531 2129 1658 1589 2369 835 2914 2844 3598 3260 1750 3399 1652 3045 3584 3043 1953 4125 2938 2207 5421 1028 3839 2058 3250 2391 -1 5480 3275 3273 -1 1734 2687 -1 4148 2421 2814 2648 3655 2535 1684 3253 721 3452 3295 2625 1947 3145 3437 2612 2354 3418 2585 2984 2377 -1 -1
2958 1716 -1 4877 3833 1809 2715 2505 2371 2865 1999 960 1870 3257 130 3145 4500 2719 3722 4126 2263 2059 2518 2395 2472 1906 -1 3498 3081 2420 2947 3096 3236 2559 2349 3080 4072 3627 3678 4156 2803 2805 2719 4865 2898 2453 1801 4204 3151 1117 2919 3810 3338 3830 1602 3404 3844 4213 2634 1148 4709 3098 2738 5193 1240 3904 2465 2584 1211 -1 5032 5591 2920 -1 554 2465 -1 3282 3216 2117 2760 2383 2313 2447 3543 3037 3617 2977 1873 1250 3357 3220 1659 2823 1621 3016 3553 2589 -1 -1
3530 1845 -1 2217 3911 1887 3965 3755 2627 3724 2878 2570 1948 4508 2343 3449 4987 2714 931 3448 3142 2295 2647 3645 4368 2124 -1 3576 2590 3140 2739 3613 3753 2887 3228 3209 4914 3851 4557 5034 2595 3538 3597 5899 3776 3332 2019 4422 3272 3013 3596 4028 3574 3959 3498 3817 4469 5258 3305 2398 5120 3375 3854 5271 1458 3206 3553 3618 2821 -1 5910 6841 3640 -1 2164 2594 -1 3133 3173 3320 2920 4279 2442 1956 3621 4287 4947 4028 3935 2453 1918 4189 1737 4026 3517 3094 4825 2807 -1 -1
3004 2655 -1 4533 2571 2697 3160 4343 2900 3545 1719 1640 2758 470 1413 2865 3475 3399 3139 4196 1983 2617 3457 4233 1344 2586 -1 3723 3517 1906 2777 2325 2465 2488 2069 2231 4001 3673 3398 3028 2633 2983 1591 4987 1770 2173 2481 3516 4679 2587 2405 3437 3782 3938 3072 2529 2716 4099 3314 2986 4429 2947 1848 5062 1920 3560 3591 2706 1891 -1 5154 7115 2406 -1 1234 3404 -1 2154 2936 2390 1632 1255 3252 2883 3768 4565 4000 2856 2668 1523 2435 3900 2547 2869 3091 3100 4241 1877 -1 -1
926 1158 -1 3249 3224 651 1139 3368 2566 3207 1852 2147 712 2045 2487 2989 3049 2310 3575 2968 2116 1059 1960 4157 3694 2797 -1 2889 1939 2502 3352 3235 2704 1651 2202 1283 3481 1595 3336 3257 3208 2302 1820 2667 1999 2306 2019 4419 3688 2924 2714 4028 1462 3272 3409 1522 2531 4232 2165 2910 4357 1437 1658 4584 2131 2276 3787 386 1603 -1 2834 5605 2395 -1 2308 1907 -1 670 2176 2167 2636 4190 1755 2529 2681 4503 3537 2792 2909 1415 1857 3192 1050 2873 3428 1022 4365 2951 -1 -1
3758 3212 -1 6052 5329 3305 3971 4001 3867 4361 3495 2456 3366 4753 1626 4641 4768 4215 4766 5578 3759 3555 4014 3891 3968 3402 -1 3176 4577 3000 3935 4592 4732 4055 1746 4115 5568 4427 5174 5652 4299 2660 4215 5499 4394 3949 3047 5450 4647 2613 3499 5056 4294 5326 3098 4354 5033 5709 4130 2644 6205 4269 4234 6689 2736 5108 3961 3218 2707 -1 5666 7087 3500 -1 2050 3961 -1 4778 4712 3613 4256 3879 3809 3943 3221 4533 5113 3950 2453 2746 4689 4716 3155 4319 3117 3854 5049 3025 -1 -1
1832 2813 -1 4155 3817 2660 3058 3776 2727 2600 547 2192 2721 3674 1965 1693 3899 2764 2270 3024 811 1445 3244 3666 3351 1746 -1 2551 2345 2151 2047 3368 2931 2037 897 2189 2829 2501 2226 3250 1903 1811 2371 4874 2550 1001 1340 3743 3507 2321 2650 3349 2646 3637 2806 2073 2614 2927 3184 2419 3257 2343 2564 5292 1080 3182 2482 2593 2443 -1 4375 5947 2651 -1 1786 2526 -1 3792 1764 2157 2675 3587 3410 1711 2596 3393 3575 3101 1604 1290 2763 2780 2839 1697 2214 1928 3069 1729 -1 -1
2879 816 -1 3408 2889 2549 895 4265 2608 2978 1920 1524 1860 2746 2243 3066 2426 1968 2122 2992 2184 2207 1618 4272 3443 2455 -1 3384 2615 3121 1814 2893 2960 2205 2270 2180 3148 2822 3599 2880 2951 3184 1443 4431 1622 2374 2350 4753 3724 2088 2337 4199 2138 628 2573 2392 1908 4300 1921 3025 4024 814 1700 4914 1789 3173 2628 2451 2721 -1 4598 4982 2151 -1 2064 1565 -1 2029 2717 2038 3139 3354 1413 2175 3429 3610 4022 2788 2977 1171 2754 2342 2399 2744 2592 2975 3926 2707 -1 -1
4694 4936 -1 6216 5890 5056 5044 5732 5613 5554 4231 4761 4396 6280 4631 5377 5344 4974 4930 6370 4495 3490 5738 5622 5115 4721 -1 5642 3763 4367 5212 3940 4080 4082 6073 4839 6354 5363 5751 6414 5068 4760 4977 5369 5156 4685 2598 5001 3862 4359 4866 3302 4769 4777 4844 4679 6027 6611 5418 4857 5559 5081 5234 7337 4055 5832 3564 4854 5184 -1 5536 6302 4554 -1 4527 4571 -1 5925 5448 4462 4093 5625 5533 3129 4628 3748 4958 5087 4553 4974 5413 2366 4906 5168 4863 4790 5959 5125 -1 -1
2581 1705 -1 4800 3212 3419 2794 5023 3785 3867 3205 3013 2030 3686 3563 3998 4327 2857 3589 4286 3469 2377 2507 5263 4246 3344 -1 1999 2015 3442 3418 3132 3272 2969 3777 2872 5049 3250 2541 2142 3274 3952 2383 4322 2562 3184 232 2635 4291 3487 3277 2241 1538 2529 3972 2085 3664 5585 3428 4016 4980 2570 2640 5854 2678 3931 3174 2041 3258 -1 4123 6731 3746 -1 3384 2454 -1 3930 3827 3471 3168 4753 2302 2598 2044 4177 4568 3728 3745 2678 3076 2484 3269 3880 3554 2677 4898 4027 -1 -1
2821 2128 -1 3851 3776 2170 2983 3328 2727 2668 1638 1875 2231 3613 2198 2784 3304 3280 2878 682 1902 2536 2930 3218 2828 2821 -1 3642 877 1481 2845 1900 2040 1659 1988 3178 2788 3490 2865 3767 2701 2720 2330 4426 2509 2092 1616 2650 3738 1473 1980 3625 3345 2716 1958 2032 3705 4018 2532 1971 3896 2902 2587 5554 2155 2878 2621 2281 3144 -1 4593 5358 1981 -1 2487 2877 -1 3638 407 2212 1207 2739 2725 243 3685 3624 3880 2431 2513 2241 3752 1423 2020 2743 1977 2917 4160 2820 -1 -1
2343 1440 -1 3977 1822 1482 2990 4116 2734 2770 1198 2528 1543 1679 2205 2344 3810 2592 2691 3349 1462 1890 2242 4146 2835 2397 -1 3171 2996 2441 2028 2860 1970 2482 2736 1936 3942 3012 3793 1813 1884 2650 376 5025 555 1652 1991 4394 3851 1480 1270 4000 3050 2723 1965 78 3265 3578 2387 2899 4119 2198 633 3847 1731 3024 2842 2744 3074 -1 5192 6286 2444 -1 2417 2189 -1 3080 2415 1502 2167 2746 2037 2362 3216 3737 4226 1721 2443 1637 2605 3431 1332 2208 1984 1770 3720 2380 -1 -1
1776 1580 -1 4099 2994 1622 3050 4046 1505 2578 817 1367 1683 3587 1140 1963 3899 2732 2540 3294 1081 1715 2382 3936 3621 1619 -1 2821 2615 2018 2317 3273 1857 1907 1167 2133 3099 2445 2496 2985 2173 2081 1548 3945 1727 1271 1514 3917 3719 2591 2442 3096 2825 3115 3076 2343 2884 3197 818 2689 3527 2287 1805 5006 953 3126 2752 2297 1618 -1 3731 6217 2331 -1 961 2329 -1 3922 2034 935 2945 3857 2177 1981 2866 3663 3845 2893 1874 68 2707 2933 1472 1641 2484 1872 3339 1604 -1 -1
2425 1522 -1 3837 1904 1564 2467 2257 2816 2852 1280 2610 1625 1761 2287 2426 3892 2674 2773 1782 1544 1972 2324 2147 2917 2479 -1 3253 3078 2920 1855 2848 2052 2564 2818 2018 916 3094 3875 1895 1966 2732 458 5107 637 1734 2073 4437 2903 1562 1352 4082 3132 2805 2047 160 2444 3660 2469 900 4201 2280 715 3929 1813 2864 2669 2826 3156 -1 5274 5343 2526 -1 2499 2271 -1 3162 2497 1584 2646 2828 2119 2444 3298 2789 4063 1803 2525 1719 2687 3513 1414 2290 2066 1852 3802 2462 -1 -1
3162 1429 -1 4712 3668 1644 2913 2703 2201 2233 2759 998 1705 2128 168 3595 4433 2581 4101 3961 2713 2052 2231 2593 2302 1944 -1 3333 3119 2618 2315 3283 3423 2597 3030 2793 3512 3435 4524 3566 2171 2843 2549 4903 2728 2903 1839 4242 3349 947 3117 3848 3331 3543 1432 3442 3674 4411 2002 1346 4704 2959 2806 5028 1278 3739 2503 2622 1249 -1 5070 5789 2795 -1 592 2178 -1 3112 3686 2550 2590 2213 2026 2485 3378 3235 3897 3175 2071 2273 3367 3258 1494 3256 1451 2851 3591 2627 -1 -1
1333 2058 -1 3656 2822 2100 3065 3410 2064 2750 1376 1926 2161 3695 1699 307 3386 3210 3099 2339 1640 2274 2424 3300 2176 2178 -1 2520 959 1563 2621 1982 2122 1741 1726 1690 3550 2002 2947 2663 2477 2640 2087 4504 2266 1830 753 3156 2915 1555 260 2762 2059 2798 2040 2186 2938 3756 1377 2053 2082 1844 2065 5484 1512 2683 3311 2363 2177 -1 4290 5440 2063 -1 1520 2807 -1 2617 2583 492 1289 2821 2655 325 2565 3942 3944 711 2433 627 2264 3005 1950 1198 2059 1429 1683 2163 -1 -1
3437 2744 -1 5271 4464 2786 2797 2587 3097 3284 3606 2491 2847 4229 2814 841 3920 3896 3985 4279 2597 3194 2958 3834 2710 3437 -1 4422 1493 2097 3155 2516 2656 2275 3956 3520 4084 4106 3481 4455 3011 3336 3018 5178 3197 2787 3332 5410 3876 2089 2596 4860 3961 3332 2574 2720 4400 4713 3148 2587 2616 3518 3275 6170 2771 4513 3969 2897 1810 -1 5345 5974 2597 -1 3103 3493 -1 3151 4271 2828 1823 3355 3341 859 4467 3762 4496 2866 3129 2857 4094 4332 2636 3359 2593 3533 2217 3701 -1 -1
2013 1708 -1 4336 3774 1750 2226 2298 2976 3020 2288 1115 1811 4022 2280 3190 2441 2860 3696 3251 2308 2158 2510 2188 3237 2061 -1 3439 3026 673 1608 2738 2878 2064 2638 2370 4299 2682 3967 4344 2958 333 2907 3754 3086 2498 720 3123 2944 1882 1172 2729 2549 3017 2367 2609 3618 4006 2289 941 4466 2524 2745 5134 1395 3363 2422 1473 1366 -1 3921 5384 1173 -1 709 2457 -1 3348 3263 1404 2925 3148 2305 2602 3484 2830 3816 1623 126 1539 2944 2972 1600 2110 2386 2109 4566 698 -1 -1
1507 2288 -1 3830 4006 2330 3088 2878 2307 2734 1619 2728 2391 2629 2701 2765 3630 3440 3342 3213 1883 2517 3090 2768 3540 2818 -1 3356 3121 2793 2816 3469 2616 2640 1969 1864 3018 2176 2415 3499 2672 2826 2560 4619 2739 2073 2412 4815 3524 3090 3292 3898 2895 4402 3575 2262 3112 3999 1971 1521 3446 2018 1631 5714 2152 2857 3554 3390 3486 -1 4564 4908 3090 -1 2829 3037 -1 3653 2757 1737 3505 4356 2885 2783 3401 3410 4118 3350 2246 870 2438 3773 2180 1372 3286 1603 4141 2801 -1 -1
2690 2363 -1 5013 1228 2405 2903 4021 1801 4018 3133 2229 2466 3682 2376 4104 3216 3008 2752 4088 3397 1524 3165 3911 2814 2157 -1 3571 3085 2314 1434 2792 1376 2116 3483 888 4088 3359 4113 3714 1290 2056 2771 4431 2950 3523 2052 4086 3365 1708 2813 2094 2803 4280 2193 3286 2698 5513 3903 2664 5064 1604 3028 5371 1491 4040 2248 2150 2480 -1 4598 5772 1850 -1 1823 2605 -1 2307 1843 3045 3351 2974 2960 2451 3616 3251 2657 3264 1849 2384 1092 2859 2255 3751 2212 2786 4751 2421 -1 -1
2632 2669 -1 4955 3974 2711 2608 3729 2519 3164 1891 1259 2506 3955 1032 3037 3872 3018 3614 4364 2155 2081 3471 3619 3100 813 -1 3895 3065 3032 2406 3608 3748 1518 2241 2989 4173 3301 3570 4563 3102 1764 3145 5164 3324 2345 708 3111 2666 2680 2285 2717 3360 3005 3165 2847 2164 4271 2933 2372 4601 2057 3364 5928 147 3982 1549 2883 1510 -1 4599 5106 3532 -1 853 3162 -1 3267 3108 2009 3395 3946 3266 2431 3940 2552 2943 2736 2948 1142 2264 2960 2561 2715 3184 2728 4413 1496 -1 -1
3672 2828 -1 3881 4557 2870 2932 4000 3427 3605 2782 3221 2931 3500 3572 3928 4061 3980 3325 1826 3046 3278 3630 5002 1930 3660 -1 4559 3389 3010 1899 3802 2879 3829 3132 2357 960 4341 4461 5004 3543 3559 3775 5413 3954 3236 3555 5364 3830 2173 3509 5423 3555 4745 2658 3635 2488 5162 3374 4167 5492 4183 4032 6254 2994 2908 2713 3132 3983 -1 5580 3984 3353 -1 3326 3577 -1 2740 3999 3741 3109 3439 3425 2755 2856 3716 4107 3625 3352 2890 4421 4786 2720 3932 2677 3768 2976 3924 -1 -1
-1 -1 -1 -1 -1 -1 -1 -1 -1 -1 -1 -1 -1 -1 -1 -1 -1 -1 -1 -1 -1 -1 -1 -1 -1 -1 -1 -1 -1 -1 -1 -1 -1 -1 -1 -1 -1 -1 -1 -1 -1 -1 -1 -1 -1 -1 -1 -1 -1 -1 -1 -1 -1 -1 -1 -1 -1 -1 -1 -1 -1 -1 -1 -1 -1 -1 -1 -1 -1 -1 -1 -1 -1 -1 -1 -1 -1 -1 -1 -1 -1 -1 -1 -1 -1 -1 -1 -1 -1 -1 -1 -1 -1 -1 -1 -1 -1 -1 -1 -1
2230 1979 -1 4459 3697 2021 2779 2569 1998 2425 1310 2926 2082 2320 2392 2456 4353 3131 3033 2904 1574 2208 2781 2459 3231 2509 -1 3047 3063 2484 2507 3160 2307 2331 1660 2493 2709 2899 2106 3190 2363 2517 2251 4310 2430 1764 2103 4506 3215 2781 2983 3589 2586 4093 3266 1953 3377 3690 2194 1212 3137 2741 1322 5405 1843 3486 3245 3081 3177 -1 4255 4599 2781 -1 2520 2728 -1 3619 2527 1428 3196 4047 2576 2474 3092 3101 4338 3041 1937 561 3067 3543 1871 2095 2977 2326 3832 2492 -1 -1
2007 2274 -1 2646 3230 2316 2220 3338 3025 2824 2478 1546 2377 3087 1693 3624 1957 3143 1360 2983 2742 2724 3076 3228 3890 1474 -1 2469 3019 863 2648 553 693 2671 2828 2364 4103 2676 4157 3221 2762 1373 1784 3748 1963 2932 1369 3772 3574 2535 1362 3378 2543 3666 3020 1486 3612 4673 2160 1981 4656 2518 2041 4879 808 3357 3462 1467 1797 -1 3915 6424 1167 -1 1140 3023 -1 3562 3257 1594 589 3801 2871 2385 2514 3870 4618 1813 1166 1729 2347 3621 2166 2300 3039 2103 5000 1738 -1 -1
3035 3277 -1 4557 4231 3397 3385 4073 3954 3895 2572 3102 2737 4621 2972 3718 3685 3315 3271 4711 2836 1831 4079 3963 3456 3062 -1 3983 2104 2708 3553 2281 2421 2423 4414 3180 4695 3704 4092 4755 3409 3101 3318 3710 3497 3026 939 3342 2203 2700 3207 1643 3110 3118 3185 3020 4368 4952 3759 3198 5123 3422 3575 5678 2396 4173 1905 3195 3525 -1 3877 4643 2895 -1 2868 2912 -1 4266 3789 2803 2434 3966 3874 1470 2969 2089 3299 3428 2894 3315 3754 707 3247 3509 3204 3131 4300 3466 -1 -1
2793 2879 -1 3497 3524 2921 3049 3616 1108 3455 2866 2329 1211 3381 2102 3488 2150 3042 2261 3467 3130 1558 969 4257 4537 1585 -1 3489 3167 1621 3476 3686 3672 1510 3311 1531 4711 3462 4640 3515 3586 3007 2078 4702 2257 3320 1778 4031 2497 3182 2120 3787 2837 3412 3667 2839 2605 5246 3237 3227 5263 1697 2335 5405 1217 2524 3720 2421 2580 -1 4869 4937 2121 -1 1923 2639 -1 2528 3192 2352 3836 4448 3476 2872 3534 2383 4872 2571 3420 2212 2105 2862 2771 3058 3686 2357 4646 2566 -1 -1
2168 1987 -1 4358 4053 2029 2954 3766 1837 2482 1209 577 2090 4110 350 2355 4291 2336 2932 3686 1473 2107 2789 3656 3353 1523 -1 3213 2698 2350 1724 3261 3401 2176 1559 2392 3491 2837 2888 3881 2420 2422 2807 4482 2986 1663 1418 3821 3623 1998 2849 3427 3277 3715 2483 2735 3276 3589 2251 2409 3919 2679 2900 5413 857 3385 2538 2201 828 -1 4649 6095 2850 -1 171 2736 -1 3676 2426 1327 3028 3264 2584 2064 3258 3541 3932 3300 2266 460 2966 2837 1879 2033 2502 2264 3731 814 -1 -1
3042 3253 -1 3706 4294 3376 4161 4586 3391 4301 2703 3779 1460 4836 3832 3737 4992 3291 2420 2586 2967 1807 4055 5122 3434 3613 -1 3959 2781 3385 3403 3588 3728 2399 3053 458 2464 3711 4382 5406 4059 3967 4026 5689 4205 3157 3496 4554 4761 3377 3884 4982 3086 4620 3862 3728 3992 5083 4436 3875 4634 3553 3774 5654 2947 3494 4138 3408 4310 -1 5856 5488 3885 -1 3653 2888 -1 3914 2311 2821 3111 4643 3850 2147 4004 5141 5121 3540 3760 1954 3407 2940 3226 3527 3881 2606 4480 3885 -1 -1
2214 2395 -1 4537 2777 2437 2427 4656 361 3474 2153 1582 2498 2634 1355 3299 4337 2464 3876 3452 2417 2404 3197 4661 3790 1136 -1 4126 2420 874 2729 2939 2925 763 2564 2571 4496 2883 3893 2768 2839 3427 1331 3955 1510 2607 1031 3434 3236 2435 1373 3040 2750 3328 2920 2092 3671 4533 2490 3414 4667 2577 1588 4802 470 3564 3543 1674 1833 -1 4122 6745 1374 -1 1176 3144 -1 3590 3370 1605 3519 3701 2992 3069 3969 4546 4648 1824 3271 1465 2587 2986 2287 2311 2939 2310 4675 1819 -1 -1
2635 1732 -1 4269 2114 1774 2746 2880 3026 3062 1490 2416 1835 1971 2497 2636 3023 2370 2983 3641 1754 2182 2534 2770 3127 2689 -1 3463 2326 3060 2320 1900 2040 669 3028 2228 3620 3304 4085 2105 2176 915 668 5095 847 1944 2021 4424 3526 1772 1562 2376 3342 3015 2257 370 2302 3870 2679 1523 4411 1208 925 4139 2023 3316 3134 2814 2667 -1 3383 5376 2514 -1 2010 2481 -1 3372 2707 1794 2856 3038 2329 2569 3508 3412 4518 2013 2513 1929 2897 2892 1624 2500 2276 2062 4012 2672 -1 -1
1635 1867 -1 3958 3018 1360 1848 3749 2555 1049 2474 1957 1421 2754 1974 3620 2368 39 2480 3194 2738 1768 2669 3639 4111 1885 -1 2880 2648 2124 3059 964 1104 2360 2911 1992 2328 2304 4045 3089 3080 1784 1652 3376 1831 2928 1780 4183 3105 2756 2546 3789 2171 3219 3241 2231 3240 4854 2571 2392 5066 2146 1909 5123 1219 2985 3873 1095 2208 -1 3543 5545 1578 -1 1551 2616 -1 1379 2885 2778 2741 4022 2464 3238 2795 2991 4246 2997 1577 2124 1846 3901 1759 2961 3260 1731 4996 2149 -1 -1
2130 1879 -1 4453 3597 1921 2679 2469 3770 3891 2912 2826 1982 3454 2666 3361 4253 3031 3583 2804 2479 2329 2681 2359 3131 2447 -1 2947 2963 2384 3548 3060 2207 2813 3262 2487 2609 2799 2006 3090 3571 2417 2151 4210 2330 2669 2342 4649 3115 2740 2883 4351 2486 3993 3225 1853 3735 4177 3705 1112 3037 2641 2408 5305 1781 3480 4122 2981 3077 -1 4155 4499 2681 -1 2420 2628 -1 3519 3380 2316 3096 4006 2476 3379 2992 3001 4741 2941 1837 2776 3061 4396 1771 1995 3244 2226 4737 3130 -1 -1
3840 4543 -1 6163 5026 4623 4053 5171 3974 5239 3286 3379 4684 4883 3526 4432 5314 4229 3902 5235 3550 4184 5345 5061 5184 3307 -1 5290 4853 2657 4481 3942 2526 4376 3636 4197 5568 4509 4965 5017 4642 3206 3580 5581 3759 3740 3202 5605 3843 4684 3156 5211 4376 4758 5169 3282 5353 5666 4273 3814 5996 4351 3837 7051 2641 5190 3633 3300 3630 -1 5748 3631 3000 -1 2973 5259 -1 5569 4503 3388 5414 5950 5107 4450 2503 4636 5027 3607 2999 2537 4758 4433 4473 4094 4953 3936 5808 3571 -1 -1
1789 2492 -1 4112 2975 2572 2002 3120 2962 3233 2334 1328 2633 2832 1475 3480 3263 3087 1851 3991 2598 2524 3294 3010 3133 1256 -1 3807 2802 1495 2430 1891 475 2886 2684 2146 3796 2458 3193 2966 3037 1155 1529 3530 1708 2788 1151 3554 1792 2633 1994 3160 2325 2707 3118 1231 3394 4714 3002 1763 4224 2300 1786 5000 590 3139 1582 1249 1579 -1 3697 5139 949 -1 922 3208 -1 3710 3039 2226 3717 3899 3056 2815 452 2585 2976 2445 948 1585 2707 2831 2422 2932 3137 1885 3941 1520 -1 -1
1628 2609 -1 3951 3706 2456 2854 3936 2523 3211 343 1988 2517 4097 1761 1489 3695 2560 2066 3639 607 1241 3040 3826 3358 1542 -1 2347 2141 2311 1843 3164 3304 1833 2185 1985 3941 2297 3445 3046 1699 1971 2260 4670 2439 797 1136 3539 3395 2117 2810 3145 2442 3433 2602 2633 2410 2723 2980 2579 3264 2139 2360 5088 876 2978 2278 2389 2239 -1 4837 5835 2811 -1 1582 2322 -1 3774 1560 1953 2471 3383 3206 1507 2392 3281 3371 3261 1764 1086 2559 2576 2635 1493 2621 1724 2865 1525 -1 -1
0 1705 -1 2323 2749 1747 2049 2442 1640 2281 1860 1221 1808 2469 2003 2461 2123 2751 3038 3335 1579 2155 2507 4302 2768 2415 -1 2315 1614 1576 2770 2515 2655 2042 2952 357 3537 669 2608 2740 2671 2447 1303 4290 1482 1769 2310 3493 3950 2407 2075 3908 1997 3650 2892 1005 1605 3695 2849 3055 4236 511 732 4774 1749 1350 2985 2357 2593 -1 4457 4679 2076 -1 1936 2454 -1 2146 1250 2307 2836 3673 2302 1872 2360 3836 2611 2526 3118 1853 931 2266 1597 2465 2911 96 3837 3042 -1 -1
2626 0 -1 3330 3878 2473 2381 3449 2647 2162 2717 2085 1044 3736 1858 3321 3142 1152 3593 3300 2981 1391 802 4752 3369 1639 -1 3322 3147 2583 3232 2077 2217 1983 3067 1364 3441 2006 3945 4202 3708 2897 2765 4489 2944 3171 1534 3937 3739 3506 3082 3543 2670 2114 3991 3312 2624 5097 2751 3505 3275 1530 3022 5238 973 2357 3893 2208 2336 -1 4656 5698 2691 -1 1679 749 -1 2361 2587 2499 3825 4772 597 2861 3367 3691 4705 3124 2690 1968 1938 2695 2604 3205 4010 2190 4697 2322 -1 -1
-1 -1 -1 -1 -1 -1 -1 -1 -1 -1 -1 -1 -1 -1 -1 -1 -1 -1 -1 -1 -1 -1 -1 -1 -1 -1 -1 -1 -1 -1 -1 -1 -1 -1 -1 -1 -1 -1 -1 -1 -1 -1 -1 -1 -1 -1 -1 -1 -1 -1 -1 -1 -1 -1 -1 -1 -1 -1 -1 -1 -1 -1 -1 -1 -1 -1 -1 -1 -1 -1 -1 -1 -1 -1 -1 -1 -1 -1 -1 -1 -1 -1 -1 -1 -1 -1 -1 -1 -1 -1 -1 -1 -1 -1 -1 -1 -1 -1 -1 -1
2093 1451 -1 0 3476 1493 2306 3412 2050 1507 2694 1844 1554 2936 2200 3831 2826 497 2938 3652 2958 1901 2253 4097 2151 1981 -1 3182 1333 2563 522 1422 1562 2452 2879 2450 2786 2762 2782 3547 378 2242 2110 3834 2289 3148 1876 3987 2453 796 3004 3885 2629 3368 1281 2689 3523 5074 3029 2850 4726 2604 2367 4877 1315 3443 1336 1553 2666 -1 4001 4893 2036 -1 2009 2200 -1 1837 3343 3009 2439 2062 2048 3302 3227 2339 2730 3258 2035 2310 2304 4128 1343 3419 1300 2189 4602 2607 -1 -1
1462 1135 -1 3785 0 1177 1675 2793 1734 2906 2007 1001 1238 2620 1148 2876 1988 2287 1524 3494 2271 1585 1937 2683 1835 929 -1 2866 2371 1168 206 1564 148 2136 2357 1819 4076 2131 3686 3519 62 828 2082 3203 2261 2461 824 3227 2137 480 1667 2833 1998 3052 965 2058 1470 4387 2675 1436 4410 376 2194 4561 263 2812 1020 922 1252 -1 3370 4544 622 -1 595 1884 -1 2645 2712 1899 2123 1746 1732 1737 2896 2023 2414 2118 621 1258 2280 3076 1027 2605 984 1558 4252 1193 -1 -1
1643 507 -1 3068 2573 0 2888 3187 2751 2669 1201 2592 61 3437 2365 2338 3649 1659 2924 2317 1465 408 1309 3506 3876 2146 -1 2238 2164 2687 2701 2584 2721 1000 1551 1468 3483 2312 2880 3904 2557 1651 2627 4561 2806 1655 1994 4285 3037 2975 3186 4003 1687 2621 3460 2329 3131 3581 3258 2259 3782 2037 2375 3933 1480 2095 3136 2280 2843 -1 4728 6205 3187 -1 2186 1256 -1 2868 2042 1516 2842 4222 1104 1878 2283 4047 3722 2141 2258 1944 2042 3058 399 2222 2868 1207 3714 2383 -1 -1
1984 1410 -1 4307 3202 1830 0 4254 1713 2786 1025 1575 1891 2606 1348 2171 4107 2562 2748 2097 1289 1923 2212 4144 3829 1827 -1 3029 1720 2226 2525 3315 2065 2115 1375 2341 3307 2653 2704 3193 2381 2289 1756 3536 1935 1479 1722 4065 3927 2799 2650 3304 1243 3323 2978 2551 3092 3405 1026 2897 3735 2495 2013 5214 1161 3334 2960 1556 1826 -1 3703 6425 1256 -1 1169 2159 -1 3771 1822 1143 2622 3759 2007 1658 3074 3871 4053 3101 2082 276 2915 2838 1680 1849 2692 2080 3547 1812 -1 -1
1031 1620 -1 2684 3268 2040 210 0 1923 1939 1235 1584 2101 2816 1558 892 1995 1963 1398 2307 10 2133 2422 3266 2761 1512 -1 2507 1544 901 1246 591 731 2325 1585 1388 3218 1700 2914 2524 1102 1411 1822 3746 2001 200 1407 3810 3177 1520 1400 3416 1453 3383 2005 1524 1813 2126 1236 2019 2667 1542 1763 4917 846 2381 2060 1505 1835 -1 3913 5617 1205 -1 1178 2369 -1 3177 2032 1353 627 2786 2217 910 2552 3063 3454 1851 1204 486 1962 3048 1890 896 2024 1127 2268 1776 -1 -1
1853 2034 -1 4176 2416 2076 2066 4295 0 3364 1792 2550 2137 2273 2451 2938 3976 3186 3515 3091 2056 2374 2836 4740 3429 2930 -1 3765 2866 513 2622 2578 2564 2966 2478 2210 4410 2522 3807 2407 2478 3244 970 3594 1149 2246 2585 4988 4445 2074 1012 4407 2389 3317 2559 2449 3458 4172 2129 3493 4306 2364 1227 4441 2264 3203 3436 1313 2530 -1 3761 6532 1013 -1 2272 2783 -1 3674 3009 1244 3158 3340 2631 2956 3608 4331 4464 1463 3037 1379 2784 4025 1926 1950 2578 1949 4314 2915 -1 -1
4386 3147 -1 4087 4876 3189 3251 4206 3404 0 3101 3540 3250 4632 3767 4247 5662 4299 4638 2145 3365 3597 3949 5321 3531 4179 -1 4079 3708 3340 2218 4279 3879 3806 3451 2121 1279 5055 4780 5531 4457 4365 4094 6054 4273 3555 3894 5683 4149 2492 3839 5742 3761 5064 2977 4545 2807 5481 4277 4802 5811 4677 4351 6573 3513 3114 3032 4121 4357 -1 6221 5585 3840 -1 3700 3896 -1 3910 4318 4071 4038 3758 3744 3074 4124 4035 4426 4290 4158 3527 2695 4603 3039 4251 2996 4396 4577 4283 -1 -1
1285 2344 -1 3608 3385 2113 2511 3593 2180 3227 0 2410 2174 3754 2910 1146 3352 2217 1723 3462 264 898 2697 3483 3015 2691 -1 2004 1798 1968 1500 2821 2961 1490 1842 1642 3598 1954 3171 2778 1356 1628 2588 4327 2767 454 2015 3460 3431 1774 2467 3771 2177 3637 2259 2290 2067 2380 3453 2236 2921 1796 2017 4745 2025 2635 2314 2046 2661 -1 4494 5871 2468 -1 2004 1979 -1 3431 1217 1610 2128 3040 2941 1164 2049 3317 3708 2918 1421 743 2216 2233 2292 1150 2278 1381 2522 1993 -1 -1
4498 3097 -1 6207 4055 3139 3676 3810 3696 4310 3564 0 3200 4036 3177 4638 3953 3300 5057 5416 3820 3494 3899 3700 3797 4292 -1 4518 3256 4209 2168 4225 4203 1599 4525 3715 4550 5103 5060 4179 4117 1845 2742 6637 2921 4010 2751 5154 4099 2442 3636 3306 4057 5014 2927 2444 3232 5518 3234 2453 6372 2138 2999 6213 3626 5234 2982 4356 3597 -1 6642 6306 4290 -1 2940 3846 -1 4607 4670 3657 4085 3708 3694 3499 4563 3985 4376 3894 4109 3521 3919 3822 2989 4363 2946 4136 5963 4681 -1 -1
1582 1793 -1 3007 2834 2431 2945 3126 2690 2841 3111 2803 0 3376 3053 2277 3705 1831 3631 2256 3136 347 2595 4623 3818 3432 -1 2499 2103 2626 3040 2756 2896 939 3562 1407 4120 2251 3690 4003 2896 3576 2566 4822 2745 2362 2180 4224 4791 3002 3125 4189 1626 3907 3487 2268 3187 5252 3611 3376 4052 2093 2314 4194 2766 2034 3674 2541 3643 -1 4989 6261 3126 -1 2986 1428 -1 3171 1981 1455 2781 4161 2390 1817 2544 4677 3661 2080 3369 2861 1981 2997 2281 2161 3506 1146 3653 3941 -1 -1
2761 2580 -1 4063 2101 2622 3547 3873 2430 3075 1802 1170 2683 0 943 2948 4089 2929 2669 4279 2066 2397 3382 3763 3125 2116 -1 3806 3291 2745 2307 3665 2249 2769 2152 1761 4084 3430 3481 4474 2163 2929 3372 5075 3551 2256 2011 3046 4216 2117 3244 2967 3676 4308 2602 3328 3571 4182 2844 2516 4512 2477 3493 6006 1450 3090 3121 2794 1421 -1 5242 6645 2723 -1 764 3329 -1 3180 2716 1920 3413 3036 3177 2657 3851 4124 3530 3695 2198 1053 1965 3430 2472 2626 2621 2857 4324 1407 -1 -1
2994 1637 -1 4747 3703 1679 3207 4640 3482 2735 2854 830 1740 4866 0 4000 4779 2589 4577 3996 3118 2087 2439 4530 3886 1776 -1 3368 2951 2757 2817 3514 3654 2429 3204 3001 4014 3643 4462 4134 2673 2675 3572 4735 3751 3308 1671 4074 3452 2728 3248 3680 3366 3751 3213 3274 4062 5017 2504 3283 4912 2968 3726 5063 1110 3774 2335 2454 1081 -1 4902 5892 3257 -1 424 2386 -1 3929 3721 2972 3281 3994 2234 2317 3413 3338 3729 3699 3911 2105 3227 3090 1529 3678 3232 2886 3423 2459 -1 -1
2596 1903 -1 4645 3623 1945 2758 3103 2256 2443 2765 1650 2006 3388 1973 0 3079 3055 3191 3438 3029 2353 2117 2993 1869 2596 -1 3581 652 1256 2314 1675 1815 1434 3115 2679 3243 3265 2640 3614 2170 2495 2177 4337 2356 3219 2491 4894 3749 1248 1755 4019 3120 2491 1733 1879 3771 4811 2307 1746 1775 2677 2434 5329 1930 3672 3128 2056 2919 -1 4504 5133 1756 -1 2262 2652 -1 2310 3846 1987 982 2514 2500 18 3626 3635 3655 2025 2288 2016 3253 3491 1795 2518 1752 2692 1376 2860 -1 -1
1016 2721 -1 3339 3484 2763 3065 3458 1068 3297 2860 2237 2824 3341 3019 3477 0 3767 3202 4159 2595 2925 3523 5057 3784 3205 -1 3331 1421 1581 3690 3375 3515 3058 3546 1373 4553 1685 3624 3475 3546 3454 2038 4662 2217 2785 1864 4267 3297 3142 2080 2737 3013 4161 3627 2021 2621 4711 3197 4062 5252 1527 1748 5509 2539 2366 2999 2381 2510 -1 4829 5695 2081 -1 1853 3470 -1 3162 2266 2312 3528 4408 3318 2564 3376 3183 3627 2531 1270 2447 1947 1801 2613 3018 3646 1112 4853 3888 -1 -1
1596 1828 -1 3919 3059 1321 1809 3710 2516 1010 2435 1918 1382 2715 1935 3581 2329 0 2441 3155 2699 1729 2630 3600 4072 1846 -1 2841 2609 2085 3020 925 1065 2321 2872 1953 2289 2265 4006 3050 3121 1745 1613 3337 1792 2889 1741 4144 3946 2717 2507 3750 2132 3180 3202 2192 3201 4815 2532 2353 5027 2107 1870 5084 1180 2946 3834 1056 2169 -1 3504 6275 1539 -1 1512 2577 -1 1340 2846 2739 3306 3983 2425 3199 2886 4242 4207 2958 1538 2085 1807 3862 1720 2922 3221 1692 4957 2110 -1 -1
2727 2234 -1 3248 3979 2276 3034 2824 3835 3206 3267 3948 1145 4285 4092 2518 4819 2976 0 3401 2834 1492 3036 2714 4387 3873 -1 3644 3170 3725 3770 3415 3555 2084 3617 2552 4485 3396 4730 4331 3626 3927 3711 5215 3890 3024 2421 4712 3470 3766 4224 4430 2771 4348 4251 3413 4332 4532 4060 1467 4293 3238 3459 5339 3207 2275 4411 3424 4570 -1 5382 5910 4029 -1 3913 2573 -1 3874 3126 2600 3451 5032 2831 2536 3689 3356 4806 3225 4028 3310 3126 4142 2126 3306 4270 2291 3894 4449 -1 -1
2241 3222 -1 4564 4226 3069 3467 3286 3136 3009 956 2601 3130 4083 2374 2102 4308 3173 2679 0 1220 1854 3653 3176 3760 2155 -1 2960 2754 2560 2456 3777 3340 2446 1306 2598 3238 2910 2635 3659 2312 2220 2780 5283 2959 1410 1749 4152 3916 2730 3059 3689 3055 3629 3215 2482 3023 3336 3593 2828 3666 2752 2973 5701 1489 3591 2891 3002 2852 -1 4784 6356 3060 -1 2195 2935 -1 4201 2173 2566 3084 3996 3819 2120 3005 3802 3984 3510 2013 1699 3172 3189 3248 2106 2623 2337 3478 2138 -1 -1
1021 2165 -1 3344 3770 2207 2247 3463 2572 2963 2881 2242 2268 3490 2855 882 3088 1953 1459 3642 0 2615 2433 3875 2751 2652 -1 3336 1534 2138 1236 2557 2697 2316 3593 1378 4125 1690 3522 2514 1092 2931 2324 4973 2503 190 2547 4514 3167 1510 2637 4392 2988 3373 1995 2026 1803 2116 3189 2628 2657 1532 1753 5591 1986 2371 2050 2692 3349 -1 5140 5607 2392 -1 2692 2914 -1 3167 2271 2822 1864 2776 2762 900 3381 3053 3444 2907 3170 2523 1952 3287 2057 886 2014 1117 2258 3335 -1 -1
1235 1446 -1 3558 2487 2805 2947 3492 2875 2494 3041 2456 2490 3029 3238 2924 3358 1484 3742 4570 2814 0 2248 5071 3903 3085 -1 2152 1756 2811 2693 2409 2549 592 3613 1592 3773 1904 3843 3656 2549 3229 2219 4475 2398 3004 2980 4728 4444 2967 3113 3914 1279 3560 3452 1921 2840 4930 3264 3824 4699 1746 1967 3847 2419 2585 3327 2194 3411 -1 4642 5914 3023 -1 2996 1081 -1 2824 2485 3345 3906 3814 2043 2942 2197 4330 3846 3564 3022 2514 2166 2815 2832 3700 3471 1331 4300 3594 -1 -1
1824 1910 -1 2528 3076 1952 2266 2647 1845 2486 2632 1438 242 2934 2208 2519 2340 2073 3873 2498 2657 589 0 4633 4060 2620 -1 2520 2345 1781 3050 2720 2860 1181 3157 562 3742 2493 3932 4245 2906 3283 2808 4495 2987 2604 2422 4466 3003 2987 2280 4431 1868 3918 3472 2510 1822 4773 3292 3386 4294 728 2556 4436 1954 1555 3091 2562 2798 -1 4662 4896 2281 -1 2141 1670 -1 1559 2223 1697 3023 4253 2507 2059 2565 2889 3903 2322 3323 2058 1136 1893 1802 2403 3491 1388 3895 3303 -1 -1
1141 1730 -1 2794 3317 2150 320 110 2033 2049 1125 1694 2211 2926 1668 1002 2105 2073 1508 2417 120 2023 2532 0 2871 1615 -1 2617 1654 1011 1356 701 841 1984 1695 1498 3328 1810 3024 2216 1212 1521 1871 3856 2050 310 1510 2290 756 1630 1510 3519 1563 1671 2115 1573 1923 1818 1346 2129 2777 1652 1873 5027 949 2491 2170 1615 1945 -1 4023 3196 1315 -1 1288 2479 -1 3287 2142 1463 737 2896 2327 1020 2662 642 3564 1961 1314 596 2072 3158 2000 1006 2134 1237 2378 1886 -1 -1
2793 2360 -1 5116 3815 2402 3006 4657 3199 4143 3068 2865 2463 2185 2346 4214 2131 3512 2447 4006 3332 2810 3162 4547 0 2793 -1 3788 3552 1453 3967 1872 2012 3402 3418 3150 3140 3462 4747 3811 3877 2692 2374 4534 2553 3522 2159 4562 4893 3125 1952 4168 3329 4456 3610 2076 3384 4850 3069 3300 4497 2290 2631 5786 2127 4143 4681 2253 3116 -1 4701 6164 1953 -1 2459 3109 -1 810 3301 2184 1179 4391 2957 3550 3833 5189 5244 2403 2485 2319 3679 3932 2252 2890 3629 2889 5156 3057 -1 -1
2545 2085 -1 4868 4661 3312 3282 3970 3276 4247 2588 3138 3129 3732 2911 3734 4668 3237 4311 3551 2852 3476 2887 3860 5313 0 -1 4592 4159 2262 4088 4162 3628 3678 2938 2902 4870 3214 4267 4652 3944 3852 3215 5343 3394 3042 3285 5688 2100 4319 1472 4867 4138 3015 4804 2917 4150 4968 2589 4460 5298 3056 3277 6686 2724 3895 4523 3062 3389 -1 5502 7056 2762 -1 2732 2834 -1 4446 3795 1704 4597 5585 2682 3752 4637 4502 5156 1923 3645 1839 3476 4704 3162 2410 4255 2641 4249 3375 -1 -1
-1 -1 -1 -1 -1 -1 -1 -1 -1 -1 -1 -1 -1 -1 -1 -1 -1 -1 -1 -1 -1 -1 -1 -1 -1 -1 -1 -1 -1 -1 -1 -1 -1 -1 -1 -1 -1 -1 -1 -1 -1 -1 -1 -1 -1 -1 -1 -1 -1 -1 -1 -1 -1 -1 -1 -1 -1 -1 -1 -1 -1 -1 -1 -1 -1 -1 -1 -1 -1 -1 -1 -1 -1 -1 -1 -1 -1 -1 -1 -1 -1 -1 -1 -1 -1 -1 -1 -1 -1 -1 -1 -1 -1 -1 -1 -1 -1 -1 -1 -1
582 1285 -1 2876 2922 2329 795 3024 2222 2863 1820 1803 2329 2779 2143 2664 2705 2437 1590 2892 2084 2676 2087 4052 2726 2622 -1 0 1595 2158 3128 2709 2360 2624 2170 939 3196 1251 2992 2913 2984 3029 1476 2323 1655 2274 2517 3826 2292 2580 2370 4099 1118 3207 3065 1178 2187 4200 1821 3057 4023 1093 1314 4947 1956 1932 1175 42 1259 -1 2490 4732 2051 -1 1964 2034 -1 2728 1832 1938 3267 3846 1882 2453 45 2178 2569 2821 2833 1071 1513 2848 2179 2644 3084 678 4040 2607 -1 -1
5101 3939 -1 7049 4897 3981 4518 4652 4538 5152 4298 998 4042 4878 4019 5444 4795 4142 5899 6258 4562 4336 4741 4542 4639 5134 -1 5516 0 4700 3010 5067 5045 2441 4648 4557 5392 5770 5977 5021 4959 2687 3584 6842 3763 4752 3749 6152 4941 3284 4478 4148 5055 5832 3769 3286 4074 6360 4232 3295 7008 2980 3841 7055 4468 6076 3824 5198 4439 -1 7009 7148 5132 -1 3782 4688 -1 5449 5194 4416 4927 4550 4536 4341 5561 4827 5218 4736 4153 3549 4761 4664 3831 5122 3788 4978 6805 5480 -1 -1
1340 2043 -1 3663 3680 2339 1553 3782 2303 3376 1615 2165 2400 3537 1938 2761 3463 3195 3338 2578 1879 1861 2845 4734 3887 2417 -1 3619 2353 0 3115 2065 2205 2453 1965 1697 3897 2009 3294 3671 2971 2879 2234 3081 2413 2069 2312 4715 4435 3338 499 3894 1876 3893 3823 1936 2945 3995 1616 3487 3793 1851 2072 4816 1751 2690 3550 800 2017 -1 3248 6019 500 -1 1759 2792 -1 3486 2590 731 3743 4604 2640 2779 3095 4461 3951 950 2672 866 2271 3606 2189 1437 3282 1436 4137 2402 -1 -1
2614 929 -1 4039 2995 971 3100 2890 1528 3091 2172 1322 1032 2414 2522 3309 3760 2081 3895 3288 2436 1379 1731 3691 1629 2303 -1 2660 3135 2041 0 2610 2750 1930 2357 2293 4370 2935 3851 3313 3057 2622 1876 4703 2055 2626 2198 3465 1931 274 2540 4207 2658 2846 759 2748 3001 4552 3657 3033 4204 2459 2133 4355 1637 3066 814 2422 3000 -1 4870 4371 2122 -1 2343 1678 -1 2439 3013 2487 1917 1540 1526 2780 2705 1817 2208 2736 3064 2382 2867 3624 821 3193 778 2178 4080 2986 -1 -1
1454 2157 -1 3616 3794 2237 1667 2785 2472 2271 1999 993 2298 3651 1140 3145 1404 2752 1516 2430 2263 2189 2959 2675 3724 921 -1 1916 2467 1160 2095 0 140 2118 2349 1811 3550 2123 3678 3670 2209 820 2348 3195 2527 2453 816 3219 3021 2369 1659 2825 1990 3113 2854 2050 3059 4120 1607 1428 4709 1965 2186 5621 255 2804 2909 914 1244 -1 3362 5871 614 -1 587 2906 -1 3375 2704 1891 3412 3635 2754 2480 1961 3317 4065 2110 613 1250 2372 3068 2087 2597 2873 1550 4521 1185 -1 -1
1314 2017 -1 3637 3654 2097 1527 2645 2487 2758 1859 853 2158 3511 1000 3005 2788 2612 1376 3598 2123 2049 2819 2535 3584 781 -1 3332 2327 1020 1955 1416 0 2411 2209 1671 3928 1983 3538 3563 2696 680 2208 3055 2387 2313 676 3079 2881 2229 1519 2685 1850 2973 2714 1910 2919 4239 2527 1288 4569 1825 2046 5481 115 2664 2769 774 1104 -1 3222 5731 474 -1 447 2766 -1 3235 2564 1751 3272 3495 2614 2340 3069 3177 3925 1970 473 1110 2232 2928 1947 2457 2733 1410 4381 1045 -1 -1
3297 2691 -1 5228 2456 2733 3352 4589 3029 2711 2449 2655 2794 2437 2899 3595 4030 1701 3942 4600 2713 2752 3493 4479 3311 3385 -1 4422 1657 3057 2662 2626 2604 0 3021 2116 3990 3966 4350 3064 2518 2717 1627 5038 1806 2903 3104 5314 4538 2731 2521 3322 3833 3974 3216 1329 2908 4829 2672 3232 5370 1814 1884 5098 2719 4275 3421 2757 3472 -1 5205 5982 3078 -1 2815 3440 -1 3041 3071 2753 3418 3222 3288 3175 4457 4424 3885 2972 2510 1922 2320 2223 2583 3459 3235 3021 4971 3082 -1 -1
2594 2289 -1 4917 4355 2331 2807 2879 3557 3601 2869 1696 2392 3639 2501 3771 3022 3441 4277 3832 2889 2739 3091 2769 3818 2642 -1 4020 3607 1254 2189 3319 3459 2645 0 2951 4880 3263 4548 4925 3539 914 3488 4335 3667 3079 1301 3704 3525 2463 1753 3310 3130 3598 2948 3190 4199 4587 2870 1522 5047 3105 3326 5715 1976 3944 3003 2054 1947 -1 4502 5965 1754 -1 1290 3038 -1 3929 3844 1985 3506 3729 2886 3183 4065 3411 4397 2204 707 2120 3525 3553 2181 2691 2967 2690 5147 1279 -1 -1
3204 3929 -1 5223 5349 3971 4756 4802 2933 4298 2245 3890 4032 5206 3663 3391 4534 4462 3937 4722 2509 3143 4731 4692 4270 3444 -1 4249 4043 3440 3745 3130 3270 3335 2595 0 4527 3873 3924 4948 3601 3509 3903 5485 4082 2699 3038 5441 4797 4019 3939 4524 4344 5335 4504 3771 4312 4625 4737 3445 4176 3715 3936 6990 2778 4421 3680 4044 4141 -1 5652 7237 3744 -1 3484 4224 -1 4711 3462 2363 3166 5285 4526 3409 4294 4683 5074 4094 3302 1496 4002 2482 3821 3069 3912 3300 4767 3427 -1 -1
3107 1868 -1 2921 3597 1910 1972 3040 2467 2879 1822 2261 1971 3353 3240 2968 4699 3020 3359 866 2086 2318 2670 4042 2568 3021 -1 3599 2429 2980 939 3452 2600 2869 2172 1397 0 3776 3501 4252 3178 3086 2815 4888 2994 2276 2615 4404 2870 1213 3479 4463 2595 3785 1698 3348 1528 4202 2998 3523 4532 3398 3072 5294 2355 1948 1753 3361 3704 -1 5055 5310 3061 -1 3047 2617 -1 3378 3039 3115 2759 2479 2465 1795 3644 2756 3147 3675 2879 2248 3461 3879 1760 2972 1717 3117 4344 3004 -1 -1
3091 1975 -1 4025 3901 2017 3304 3743 3267 3983 3218 2970 2078 1800 2743 3295 3649 3127 3052 2666 3482 2425 2777 3633 3730 3166 -1 3706 2861 2555 2101 2245 2385 1532 3568 3303 2962 0 1939 3941 3190 1778 2504 4600 2683 3672 1774 2824 3912 2375 3054 3239 3627 4071 2860 2206 3165 4465 3852 2386 5070 2071 2761 5401 2500 3052 2795 2551 3221 -1 4088 6239 2859 -1 2564 2724 -1 4336 581 2584 2281 3641 2572 2227 3751 3798 4189 3209 2858 2853 3765 1597 1867 3290 2879 3187 4671 3207 -1 -1
2159 2884 -1 4482 3263 2926 4159 4435 3799 3518 3256 2890 2987 3244 2060 4071 4282 2508 4219 5243 3520 3334 3686 4325 4118 3836 -1 4474 2464 3735 3469 3433 3411 807 3828 2516 4797 2828 0 3871 3325 3524 2434 5845 2613 3710 3731 5652 5081 3047 3328 4129 4156 4488 3532 2136 3715 5636 3479 3078 5846 2621 2691 5905 3170 3509 4228 3564 3141 -1 2149 6789 3885 -1 2484 3633 -1 3848 3409 1318 4225 4029 3481 3982 3795 4967 4692 3779 3317 2729 3090 3030 2776 2024 3551 2255 5447 3889 -1 -1
3042 2166 -1 5261 3673 3880 3255 5484 4246 4328 3666 3474 2491 4147 4024 4459 4788 3318 4050 4747 3930 2838 2968 5724 4707 3805 -1 2460 2476 3903 3879 3593 3733 3430 4238 3333 5510 3711 3002 0 3735 4413 2844 4783 3023 3645 693 3096 4752 3948 3738 2702 1999 2990 4433 2546 4125 6046 3889 4477 5441 3031 3101 6315 3139 4392 3635 2502 3719 -1 4584 6804 4207 -1 3845 2915 -1 4391 4288 3932 3629 5214 2763 3059 2505 4638 5029 4189 4206 3139 3537 2945 3730 4341 4015 3138 5359 3366 -1 -1
2758 1073 -1 4183 3139 1115 3244 3034 1672 3235 2316 1466 1176 2558 2666 3453 3904 2225 4039 3432 2580 1523 1875 3835 1773 2447 -1 2804 3279 2185 144 2754 2894 2074 2501 2437 4514 3079 3995 3457 0 2766 2020 4847 2199 2770 2342 3609 2075 418 2684 4351 2802 2990 903 2892 3145 4696 3801 3177 4348 2603 2277 4499 1781 3210 958 2566 3144 -1 5014 4515 2266 -1 2487 1822 -1 2583 3157 2631 2061 1684 1670 2924 2849 1961 2352 2880 2985 2526 3011 3768 965 3337 922 2322 4224 3130 -1 -1
2653 1375 -1 4485 3441 1417 2175 1965 3176 3537 2408 3460 1478 4390 3233 2857 2108 2527 3363 3734 1975 1825 2177 1855 4714 3014 -1 3106 3509 2866 3211 2556 2696 2417 2758 2739 4690 3322 4047 4018 3067 0 3104 4846 3283 2165 2909 4145 2611 3359 3365 4845 3104 3489 3844 3428 3778 3673 3201 608 4632 2905 3361 4801 2348 3512 4025 2565 3711 -1 5013 5051 3170 -1 3054 2124 -1 3015 3459 1812 2592 4625 1972 2875 3151 2497 5139 2437 3169 2451 3313 3909 1267 2518 3863 2624 4233 3590 -1 -1
1967 1064 -1 4174 1446 1106 2614 3880 2358 2394 822 2152 1167 2263 1829 1968 3434 2216 2545 2973 1086 1514 1866 3770 2459 2021 -1 2795 2620 2462 1652 2881 1594 2106 2360 1560 3566 2636 3417 1437 1508 2274 0 4649 179 1276 1615 4018 3475 1104 894 3624 2674 2347 1589 2508 2889 3202 2011 2523 3743 1822 257 3471 1355 3201 2466 2368 2698 -1 4816 5910 2068 -1 2041 1813 -1 2704 2039 1126 2188 2370 1661 1986 2840 3361 3850 1345 2067 1261 2898 3055 956 1832 1608 2063 3344 2004 -1 -1
1044 1662 -1 3367 3793 1811 3093 2936 2434 2077 1630 2228 1872 3320 2642 2776 3167 2814 3104 2623 1894 2219 2464 2826 2535 2617 -1 3359 2658 2620 1961 2198 1836 2811 3263 1401 3356 1713 2605 3784 2986 2516 2347 0 2526 2084 2512 3162 3153 1180 3119 4521 3041 3160 1665 2049 2649 4010 2976 1579 4551 1555 1776 5195 1951 2394 2775 2610 2232 -1 167 5723 2310 -1 2283 2411 -1 2782 2294 203 2823 2446 2259 2794 1813 3468 3655 995 2304 2373 1975 3095 1661 909 1684 1140 3609 2881 -1 -1
1788 885 -1 3995 1267 927 2942 4060 2519 3047 643 2268 988 2084 2061 1789 3255 2037 2366 2794 907 1335 1687 3950 3102 1842 -1 2616 2441 2283 1473 2702 1415 1927 2181 1381 3387 2457 3510 2218 1329 2095 781 4470 0 1097 1436 3839 3404 1747 715 3445 2614 2999 2232 2712 2710 3023 1832 2703 3564 1643 1038 4252 1176 3022 2287 2189 2519 -1 4637 5811 1889 -1 1862 1634 -1 2525 1860 947 2009 3013 1482 1807 2661 3290 3671 1166 1888 1082 2719 2876 777 1653 2251 1884 3165 1825 -1 -1
831 2337 -1 3154 3580 2578 2057 3273 2382 3112 2691 2052 2414 3300 2681 3292 2898 3489 1269 4154 2410 2761 2243 3983 3599 2462 -1 3146 2445 2407 3601 3346 3486 2784 3432 1188 4368 1500 3439 3571 3502 3278 2134 5121 2313 0 2357 4324 4389 3110 2906 4366 2798 4256 3595 1836 1613 4526 3083 2736 5067 1342 1563 5605 1796 2181 3272 3188 3159 -1 5288 5510 2907 -1 2502 3086 -1 2977 2081 3138 2844 4376 2934 1880 3191 4275 3442 3357 3949 2333 1762 3097 2428 696 3614 927 4668 3145 -1 -1
3380 2485 -1 4805 4558 3187 2564 4924 4277 4639 3589 3193 1798 4415 3912 3766 4095 3629 3707 4054 3853 2145 3287 5341 4014 3821 -1 4297 3000 3210 3483 2900 3040 2737 3939 3205 4817 4049 4124 4549 3845 3720 3112 5255 3291 3438 0 2403 4567 3596 3709 2009 3424 2297 4081 3833 3577 5969 3590 4094 5541 2483 3369 5992 3155 3832 3450 3814 4144 -1 3891 6651 3514 -1 3487 3226 -1 3698 3779 3239 2936 4862 3082 2366 4342 4453 4844 3864 3513 2840 3779 2252 3037 3945 4100 2944 4666 4085 -1 -1
2521 3224 -1 4844 2924 3308 2734 3109 3619 3806 3759 3013 3369 4270 3336 1363 4216 4376 4448 4801 3119 3125 3480 4356 2085 3853 -1 4836 2015 2619 3130 3038 3072 2797 4109 2878 4606 3190 4003 4852 2986 3752 3415 4262 3594 3309 3748 0 4398 2611 3118 5382 3057 3854 3096 3117 4126 5235 3670 3109 3138 3032 3253 6692 3187 3871 3944 1981 2332 -1 4429 6496 3119 -1 3519 3973 -1 2895 3771 3350 2345 3877 3821 1381 4276 4284 5018 3388 3545 3010 3452 4787 3158 3881 3115 2617 2739 4117 -1 -1
2901 1103 -1 3695 2561 2221 1182 1870 2895 3036 1937 2757 2147 2418 2530 2762 3865 2255 2409 3279 1880 2494 1905 1760 3574 2742 -1 3910 2902 2771 2767 2461 2601 3086 2557 2467 4315 3109 3886 2552 2623 3281 1115 4718 1294 2070 2637 4050 0 2219 2009 4486 2425 915 2704 817 3683 3578 2208 3638 4378 2633 1372 4586 2076 3460 3581 2738 3008 -1 4885 4956 2438 -1 2351 1852 -1 3443 3004 2241 2497 3485 1700 2780 3955 2402 4965 2460 2796 1458 3041 3798 2071 2766 2723 2509 2149 2994 -1 -1
2340 655 -1 3765 2721 697 2901 3638 1254 2817 1898 1048 758 2140 2248 3035 3486 1807 3621 3014 2162 1105 1457 3528 1355 2029 -1 2386 2861 1767 2927 2336 2476 1656 2083 2019 4096 2661 3577 3039 2783 2348 1602 4429 1781 2352 1924 4327 3526 0 2266 3933 2384 2769 485 2540 2727 4278 3383 2956 3930 2185 1859 4081 1363 2792 3561 2148 2726 -1 4596 6353 1848 -1 2069 1404 -1 2165 2739 2213 1643 1266 1252 2575 2431 4170 4419 2462 2790 2358 2593 3350 547 2919 504 1904 4411 2712 -1 -1
1073 1798 -1 3396 3273 1840 3122 3515 1804 2877 1116 1666 1901 3542 1439 2262 3196 2950 2839 2079 1380 2014 2600 4235 3841 1918 -1 3120 2687 2317 2616 3572 2156 2206 1466 1430 3398 1742 2795 3264 2472 2380 1827 4244 2006 1570 1813 4216 4018 2890 0 3395 3070 3394 3375 2078 2678 3496 1117 2988 3826 1584 1805 5224 1252 2423 3051 2596 1917 -1 4030 5752 2630 -1 1260 2547 -1 3219 2323 232 3244 4156 2395 2280 3165 3962 3684 451 2173 367 2004 3232 1690 938 2783 1169 3638 1903 -1 -1
1423 1634 -1 3746 2675 2284 3097 3442 2841 2682 3104 1989 2345 3217 2312 3112 3418 1672 2698 3777 3002 188 2436 3332 2005 2935 -1 2340 991 1595 2881 2014 2154 780 3454 1780 3582 2092 2979 3844 2737 2834 2407 4663 2586 1429 2830 4916 4088 1587 2094 0 1467 2830 2072 2109 3028 5118 2646 2085 4010 1934 2155 4035 2269 2773 3515 2382 3258 -1 4830 5472 2095 -1 2601 1269 -1 2815 2673 2326 1321 2853 2231 357 2385 3974 3994 2545 2627 2355 2354 3003 2134 2125 2091 1519 2657 3199 -1 -1
2793 167 -1 3497 4045 2640 2548 3616 2814 2329 2884 1475 1211 3903 2025 3488 3309 1319 3760 3467 3148 1558 969 4817 3536 1806 -1 3489 477 2750 3399 2244 2384 2150 3234 1531 3608 2173 4112 4369 3875 3064 2932 4656 3111 3338 1701 4104 3906 3072 3249 3710 0 2281 3557 3479 2791 5264 2918 3570 3442 1697 3189 5405 1140 2524 4060 2375 2503 -1 4823 5865 2858 -1 1846 916 -1 2528 2754 2666 2806 4338 764 1842 3534 3858 3944 3291 2857 2135 2105 2862 2771 3372 3576 2357 4864 2489 -1 -1
2251 188 -1 2780 3469 2097 267 3637 1980 2350 1292 1842 1232 2873 1615 2438 3330 1340 1494 2364 1556 1579 990 4208 3557 1827 -1 3296 1987 2493 2792 2265 2332 2171 1642 1552 3574 2194 2971 3460 2648 2556 2023 3803 2202 1746 1722 4125 3835 3066 2917 3571 1510 0 3245 2818 2812 3672 1293 2961 3463 1718 2280 5426 1161 2545 3227 1823 2093 -1 3970 5886 1523 -1 1436 937 -1 2528 2089 1410 2889 4026 785 1925 3341 3879 4320 3312 2349 543 2126 2883 1947 2116 2959 2347 3298 2079 -1 -1
2772 2181 -1 5095 2563 2223 2686 3153 3475 3511 1939 2825 2284 1655 2325 3085 3001 3333 3317 4010 2203 2631 2983 3043 870 2490 -1 3767 3143 1432 2456 1851 1991 3195 1598 2677 4010 3441 4534 2554 2312 2512 1117 4513 1296 2393 2385 4701 3799 2221 1931 4394 3308 3464 0 2055 2242 4319 3048 3120 4860 2939 1374 4588 1824 4122 3226 2232 3076 -1 4680 6239 1932 -1 2419 2930 -1 1680 2961 2163 1158 781 2778 2509 3812 3685 4620 2382 2305 2298 3620 3977 2073 2869 19 2868 4461 2877 -1 -1
2265 1362 -1 3899 1744 1404 2912 4038 2656 2692 1120 2450 1465 1601 2127 2266 3732 2514 2613 3271 1384 1812 2164 4068 2757 2319 -1 3093 2918 2760 1950 3179 1892 2404 2658 1858 3864 2934 3715 1735 1806 2572 298 4947 477 1574 1913 4316 3773 1402 1192 3922 2972 2645 1887 0 3187 3500 2309 2821 4041 2120 555 3769 1653 2946 2764 2666 2996 -1 5114 6208 2366 -1 2339 2111 -1 3002 2337 1424 2486 2668 1959 2284 3138 3659 4148 1643 2365 1559 2527 3353 1254 2130 1906 1692 3642 2302 -1 -1
2428 1854 -1 4751 3646 2194 444 3352 2157 2692 1469 1899 2255 2441 1792 2615 3328 3006 3192 2541 1733 2367 2656 3242 2852 2271 -1 3473 901 1505 2869 1924 2064 1683 1819 2785 3492 3097 2889 3637 2725 2506 2200 3980 2379 1923 2166 4509 3254 1497 2004 3748 1687 2740 1982 2128 0 3849 1470 1995 3920 2926 2457 5578 1605 3778 3404 2000 2270 -1 4147 5382 1700 -1 1613 2603 -1 3662 2266 1587 1231 2763 2451 267 3518 3140 3904 2455 2526 720 3359 3282 2044 2293 2001 2524 3991 2157 -1 -1
2688 1995 -1 4737 3646 2037 2850 3195 2348 2535 2857 1742 2098 3480 2065 92 3171 3147 3283 3530 3121 2445 2209 3085 1961 2688 -1 2858 744 1348 2406 1767 1907 1526 3207 2771 3335 3357 2732 398 2262 2587 2269 4429 2448 3311 1091 3494 3841 1340 1847 3100 2397 2583 1825 1971 3863 0 2399 1838 1867 2769 2526 5421 2022 3764 3220 2148 3011 -1 4596 5225 1848 -1 2354 2744 -1 2333 3938 2079 1074 2606 2592 110 2903 3727 3747 2117 2380 2108 3345 3343 1887 2610 1844 2784 1468 2952 -1 -1
3606 1921 -1 5031 3987 1963 4302 4435 4568 3198 2954 3858 2024 3093 3165 2605 5063 3073 4677 4280 3218 2371 2723 4325 4474 3560 -1 3652 3257 3861 3280 3964 4104 2733 3304 3285 4477 3927 4633 2911 3136 2979 2732 5975 2911 3408 3455 5858 5000 3554 3626 4440 3650 4035 4039 2434 4366 2513 0 3078 4380 3272 2989 5347 2894 4058 4094 3694 4246 -1 5447 7440 4361 -1 3589 2670 -1 3561 4005 3479 3587 4820 2518 2623 3697 4967 5488 4077 4011 3697 3859 4616 1813 4104 4058 3170 3981 4136 -1 -1
2045 767 -1 3877 2833 809 1567 1357 3280 2929 1800 2852 870 3782 2625 2249 3352 1919 2755 3126 1367 1217 1569 1247 4106 2406 -1 2498 2901 2258 2603 1948 2088 1809 2150 2131 4082 2714 3439 3410 2459 2460 2496 4238 2675 1557 2301 3537 2003 2751 2757 4310 2496 2881 3236 2820 3170 3065 2593 0 4024 2297 2753 4193 1740 2904 3417 1957 3103 -1 4405 4443 2562 -1 2446 1516 -1 2407 2851 1204 1984 4017 1364 2267 2543 1889 4531 1829 2561 1843 2705 3462 659 1910 3255 2016 3625 2982 -1 -1
2887 2085 -1 4893 3540 2127 3100 4687 3260 3905 2632 2000 2188 1910 1773 3778 2225 3237 2541 2838 2896 2535 2887 4577 94 2887 -1 3816 3646 1547 2911 1966 2106 3127 2982 3200 1972 3556 4311 3905 3602 2786 2468 4628 2647 3086 1884 4287 4842 3185 2046 3893 3423 4181 3670 2170 3109 4575 3163 3330 0 2015 2725 5511 2221 3920 3725 2347 2251 -1 4795 6183 2047 -1 1594 2834 -1 535 3026 2278 1273 4451 2682 3275 3861 4728 4969 2497 2579 1883 3404 4026 1977 2984 3605 2983 2782 2237 -1 -1
3522 2948 -1 5845 4740 3288 1538 4446 3251 3069 2563 2993 3349 2964 2886 2500 4422 3307 4286 3635 2827 3461 3750 4336 3946 3365 -1 3861 1995 2599 3151 3018 3063 2777 2913 3879 4348 4191 3983 4004 3007 3600 3294 5074 3473 3017 3260 5603 4348 2591 3098 4842 2781 3490 3076 3222 1094 4943 2564 3089 4275 0 3551 6672 2699 4872 3965 3094 3364 -1 5241 4168 2794 -1 2707 3697 -1 4647 3360 2681 2325 3857 3545 1361 3040 4234 4998 3549 3536 1814 4453 4376 3138 3387 3095 3618 3876 3251 -1 -1
1868 2584 -1 4191 3995 3054 3094 4310 3308 3810 1128 2773 3115 3852 2546 1729 3935 2800 2306 4424 847 2026 3280 4317 3598 2327 -1 2878 2381 2985 2083 3404 3544 2618 2970 2225 4726 2537 3420 3021 1939 2756 2549 5201 2728 1037 1921 4324 3218 2357 3443 3930 2417 4133 2842 2251 2650 2963 3765 3070 3504 2379 0 5873 1661 3218 2253 2920 3024 -1 5368 5658 3239 -1 2367 3107 -1 4014 2345 2738 2711 3623 3181 1747 2923 3104 3647 3754 2549 1871 2799 3361 2904 1733 2861 1964 3105 2310 -1 -1
1870 676 -1 3872 3856 1832 1888 3911 2389 2425 2652 1984 1720 3275 1860 3147 3183 1828 2586 3976 2265 2067 1478 3801 2248 2315 -1 3521 986 1843 2507 1779 1919 2199 2976 2040 3704 2539 3448 3824 2363 2445 2436 3611 2615 2455 2210 4364 3922 1135 2342 3906 509 1621 1620 2466 3300 4381 2194 2554 3951 2206 2602 0 1649 3033 2999 1330 2547 -1 3778 5941 1030 -1 2284 1425 -1 3037 2121 2574 1815 2159 1273 2351 1869 3808 2364 2793 2392 1903 2614 3107 1682 2405 1639 1966 4523 2964 -1 -1
2703 2522 -1 4893 4421 2564 3125 4301 2372 3017 1744 1112 2359 4398 885 2890 4656 2871 3467 4217 2008 1934 3324 4191 3888 666 -1 3748 3233 2885 2259 3461 3601 2526 2094 2927 4026 3372 3423 4416 2955 2957 3342 5017 3521 2198 561 2964 2766 2533 2138 2570 3213 2858 3018 3270 3811 4124 2786 2944 4454 3044 3435 5781 0 3920 3073 2736 1363 -1 4452 6630 3385 -1 706 3015 -1 3120 2961 1862 3497 3799 3119 2599 3793 4076 4467 2589 2801 995 2117 2813 2414 2568 3037 2799 4266 1349 -1 -1
2040 355 -1 973 2421 397 911 1092 2624 931 1077 2122 458 2010 2213 1984 3087 1470 2490 2714 1102 805 1157 3560 3124 1994 -1 2086 1124 1993 1495 1683 1823 1397 1948 623 2210 2361 3277 3616 1351 1975 2667 2940 2846 1292 1870 3807 3253 1769 2492 3879 647 2469 2254 2616 2905 3218 1937 2313 3630 1885 2772 3781 1328 0 2136 2128 2691 -1 3107 5693 2167 -1 2034 1104 -1 2716 1564 1913 1719 3035 952 2002 2131 3139 3530 2538 1768 1187 2293 2580 247 1988 2273 1604 3360 2259 -1 -1
2771 2220 -1 4812 3595 3028 2299 2987 3005 2889 1486 2422 3089 3327 2195 2632 3682 3372 3209 3911 1750 2384 3022 2877 1551 1976 -1 3490 2600 3004 2971 3423 3314 2681 2667 3128 3716 3440 3113 3586 2827 2927 2149 5317 2328 1940 1871 2651 1117 3196 3043 3880 3542 2032 3681 1934 3327 3866 3201 2219 4144 3220 2329 5620 1310 4121 0 3532 2673 -1 5262 3557 3504 -1 2016 2969 -1 2361 2703 2435 2730 4462 2817 1966 2858 1003 1394 3494 2907 1568 3427 3719 2878 2636 3700 2867 3266 2659 -1 -1
540 1243 -1 2863 2880 2287 753 2982 2180 2821 1778 1761 2287 2737 2101 2622 2663 2395 3501 2850 2042 2634 2045 4385 3308 2580 -1 2855 1553 2116 3086 3055 2318 2582 2128 897 3154 1209 2950 2871 2942 2987 1434 2281 1613 2232 2475 4033 3635 2538 2328 4057 1076 3357 3023 1136 2145 4158 1779 3138 3981 1051 1272 4905 1914 1890 3425 0 1217 -1 2448 5219 2009 -1 1922 1992 -1 2686 1790 1896 3225 3804 1840 2411 2295 4117 3151 2779 2791 1029 1471 2806 2137 2602 3042 636 3998 2565 -1 -1
4361 3668 -1 6684 5075 3710 4523 4868 2659 4208 4451 3415 3771 4932 3738 5597 4844 4820 4956 5053 4715 4118 4470 4758 4368 4361 -1 5346 2417 3021 3961 3440 3580 3199 4880 4718 5008 5030 4405 5066 4241 4260 3629 6102 3808 4905 4256 6659 5514 3013 3520 5784 4885 4256 3498 3644 5536 6576 4072 3511 5436 4442 3886 7094 3695 5711 4775 3821 0 -1 6269 6898 3521 -1 4027 4417 -1 5178 5611 3752 2747 4279 4265 1783 5391 5400 5420 3971 4053 3781 5292 5422 3560 4283 3517 4457 6973 4625 -1 -1
-1 -1 -1 -1 -1 -1 -1 -1 -1 -1 -1 -1 -1 -1 -1 -1 -1 -1 -1 -1 -1 -1 -1 -1 -1 -1 -1 -1 -1 -1 -1 -1 -1 -1 -1 -1 -1 -1 -1 -1 -1 -1 -1 -1 -1 -1 -1 -1 -1 -1 -1 -1 -1 -1 -1 -1 -1 -1 -1 -1 -1 -1 -1 -1 -1 -1 -1 -1 -1 -1 -1 -1 -1 -1 -1 -1 -1 -1 -1 -1 -1 -1 -1 -1 -1 -1 -1 -1 -1 -1 -1 -1 -1 -1 -1 -1 -1 -1 -1 -1
877 1495 -1 3200 3626 1644 2926 2769 2267 3158 2737 2061 1705 3153 2669 2789 3000 2647 2937 3961 2456 2052 2297 2659 2368 2450 -1 3192 2491 2453 3624 3085 1669 2644 3096 1234 3734 1546 3485 3617 3548 2349 2180 4724 2359 2646 2345 4370 2986 1013 2952 4354 2874 3609 1498 1882 2482 4477 3726 1412 4564 1388 1609 5028 1784 2227 2776 2443 2773 -1 0 5556 2143 -1 2116 2244 -1 2615 2127 36 2656 2279 2092 2749 1646 3301 3488 3241 2137 2730 1808 2928 1494 742 1517 973 4165 2714 -1 -1
3125 3828 -1 5448 5465 4692 3338 5567 4571 3824 3017 1919 4558 5322 3084 3618 4300 3678 4195 5435 2736 3915 4630 5619 5487 2865 -1 4767 4040 3846 3906 4603 4743 3518 4293 3482 5103 3794 5309 4419 3762 3764 4019 4866 4198 2926 2760 5163 4617 4177 4337 4769 3661 5057 4662 3721 4539 4021 3593 4372 5393 3636 1889 7490 2199 4475 4142 2585 2170 -1 5033 0 2285 -1 1513 4577 -1 5018 4234 4061 4370 5443 4425 3406 4812 4993 5536 4566 4438 3194 4056 3047 4613 3622 4681 3221 4994 3548 -1 -1
840 1543 -1 3163 3180 2587 1053 3282 2480 3121 2078 2061 2587 3037 2401 2922 2963 2695 3801 3150 2342 2934 2345 4340 3608 2880 -1 3155 1853 2416 3386 3355 2618 2882 2428 1197 3454 1509 3250 3171 3242 3287 1734 2581 1913 2532 2775 4333 3935 2838 2628 4357 1376 3657 3323 1436 2445 4458 2079 3093 4281 1351 1572 5205 2214 2190 3725 300 1517 -1 2748 5519 0 -1 2222 2292 -1 2986 2090 2196 3525 4104 2140 2711 2595 4417 3451 3079 3091 1329 1771 3106 2437 2902 3342 936 4298 2865 -1 -1
-1 -1 -1 -1 -1 -1 -1 -1 -1 -1 -1 -1 -1 -1 -1 -1 -1 -1 -1 -1 -1 -1 -1 -1 -1 -1 -1 -1 -1 -1 -1 -1 -1 -1 -1 -1 -1 -1 -1 -1 -1 -1 -1 -1 -1 -1 -1 -1 -1 -1 -1 -1 -1 -1 -1 -1 -1 -1 -1 -1 -1 -1 -1 -1 -1 -1 -1 -1 -1 -1 -1 -1 -1 -1 -1 -1 -1 -1 -1 -1 -1 -1 -1 -1 -1 -1 -1 -1 -1 -1 -1 -1 -1 -1 -1 -1 -1 -1 -1 -1
2570 3208 -1 4893 4461 3179 2783 4216 3058 2311 2430 406 3045 4442 1571 3576 4359 2165 4153 4456 2694 2620 4010 4106 4019 1352 -1 4434 2527 2333 2393 3090 3230 2005 2780 2927 3590 3239 4038 3710 2249 2251 3148 4311 3327 2884 1247 3650 3452 2664 2824 3256 3106 3544 3149 2850 3638 4593 2080 2859 5069 2544 3302 6467 686 3920 3207 2030 657 -1 4478 6602 2833 -1 0 3701 -1 3505 3647 2548 2857 3930 3805 1893 4325 4048 4601 3275 3487 1681 2803 2666 3100 3254 3168 2666 4952 2035 -1 -1
1999 2217 -1 2835 3382 1724 2212 2954 2919 1413 2838 2321 1785 3118 2338 3846 2732 403 2844 3558 2964 2132 3019 4003 4475 2249 -1 3244 2986 2488 3357 1328 1468 2724 3275 2356 2692 2668 4409 3453 3213 2148 2016 3740 2195 3154 2144 4547 3469 3120 2910 4153 2509 3583 3605 2595 3604 5080 2935 2756 5430 2510 2273 5487 1583 1862 3998 1459 2572 -1 3907 5909 1942 -1 1915 0 -1 1743 3249 3142 3105 4386 2814 3602 3159 3355 4610 3361 1941 2488 2210 4265 2109 3325 3624 2095 5222 2513 -1 -1
-1 -1 -1 -1 -1 -1 -1 -1 -1 -1 -1 -1 -1 -1 -1 -1 -1 -1 -1 -1 -1 -1 -1 -1 -1 -1 -1 -1 -1 -1 -1 -1 -1 -1 -1 -1 -1 -1 -1 -1 -1 -1 -1 -1 -1 -1 -1 -1 -1 -1 -1 -1 -1 -1 -1 -1 -1 -1 -1 -1 -1 -1 -1 -1 -1 -1 -1 -1 -1 -1 -1 -1 -1 -1 -1 -1 -1 -1 -1 -1 -1 -1 -1 -1 -1 -1 -1 -1 -1 -1 -1 -1 -1 -1 -1 -1 -1 -1 -1 -1
2666 1550 -1 4463 3005 1592 2879 4152 3578 3712 2793 2190 1653 1375 2318 3930 3092 2702 4044 3677 3057 2000 2352 4042 3781 3189 -1 3281 3374 2240 3211 2659 2799 2592 3143 2665 2811 3335 4472 3761 3067 3243 2324 4407 2503 3247 1349 3752 4629 3428 2739 3358 3202 3646 3913 2055 2574 4040 3856 2795 3687 1480 2581 4976 2523 3490 4025 2126 2796 -1 4574 5648 2740 -1 2139 2299 -1 0 2491 2971 1966 4411 2147 2740 3326 4684 4434 3190 3272 2428 2869 3507 1442 3677 3070 2762 5306 2782 -1 -1
2844 2826 -1 3444 3369 2868 3331 3563 4136 3402 2745 2657 2929 3226 2804 2714 3068 3941 2471 3247 3009 3276 3612 3612 3765 2585 -1 3580 3366 1974 2753 1664 1804 3782 3939 3094 2381 3513 4238 3360 2609 2484 1923 4019 2102 3199 1209 2243 3331 3027 2473 3218 3118 3506 3512 1625 3909 5125 3271 2365 4489 3355 2180 5394 1919 2471 2214 2578 2908 -1 4186 5771 2278 -1 2251 3575 -1 4575 0 2003 1700 4293 3423 2732 3278 3217 3608 2628 2277 2840 3458 1016 2718 2709 3531 2940 4090 2849 -1 -1
841 1566 -1 3164 3590 1608 2890 3283 2481 3122 2701 2062 1669 3310 2765 2753 2964 2718 2901 3925 2420 2016 2368 5114 3609 2546 -1 3156 2455 2417 3611 3356 3496 2608 3159 1198 4378 1510 3449 3581 3512 3259 2144 5131 2323 2610 2441 4334 4399 3248 2916 4450 2838 3680 3733 1846 2446 4536 3690 3867 4528 1352 1573 4992 1880 2191 3282 3198 3243 -1 5298 5520 2917 -1 2586 2315 -1 2987 2091 0 3677 4514 2163 2713 3201 4285 3452 3367 3866 2694 1772 3107 1458 706 3752 937 4129 3229 -1 -1
1614 2259 -1 3937 2641 2301 1827 3478 2577 2964 1889 1686 2362 2498 1167 3035 2097 3411 2209 2852 2153 2135 3061 3368 3301 1614 -1 2609 2627 274 2788 693 833 2727 2239 1971 4171 2283 3568 2632 2703 1513 1195 3355 1374 2343 1509 3912 3714 1946 773 3518 2150 3542 2431 897 3219 4269 1890 2121 4067 2125 1452 4666 948 2964 3502 1074 1937 -1 3522 6293 774 -1 1280 3008 -1 3760 2864 1005 0 3212 2856 3053 2654 4010 4225 1224 1306 1140 2545 3761 2151 1711 2450 1710 4411 1878 -1 -1
1991 1400 -1 4314 1782 1442 1905 3696 2694 2730 1158 2063 1503 1639 1544 2304 2220 2552 2536 3229 1422 1850 2202 3586 89 1709 -1 2986 2362 651 1675 1070 1210 2414 817 1896 3229 2660 3753 1773 1531 1731 336 3732 515 1612 1604 4007 3562 1440 1150 3613 2527 2683 1925 1274 1461 3538 2267 2339 4079 2158 593 3807 1043 3341 2445 1451 2314 -1 3899 6002 1151 -1 1657 2149 -1 899 2375 1382 377 0 1997 1728 3031 3448 3839 1601 1524 1517 2922 3391 1292 2088 1944 2087 3680 2096 -1 -1
2151 2369 -1 2987 3534 1876 2364 3106 2748 1565 2120 1488 1937 3209 1261 3266 2884 555 2996 3710 2384 2284 3171 4155 2772 1042 -1 3396 3138 2640 2635 1480 1620 2876 2470 2508 2844 1409 3348 3605 3331 2300 2168 3892 2347 2574 937 3340 3142 2909 2514 2946 2661 3234 3394 2747 3756 4500 2597 2908 2678 2662 2425 5639 376 2014 3449 1611 1739 -1 4059 6061 2094 -1 1082 152 -1 1895 1990 2238 3257 4175 0 2975 3311 3507 4762 2965 2093 1371 2362 3006 2261 2944 3413 2247 4642 1725 -1 -1
2578 1885 -1 4901 3605 1927 2740 3085 2484 2425 2747 1632 1988 3370 1955 3893 3061 3037 3173 3420 3011 2335 2687 2975 2585 2578 -1 3563 634 1238 2602 1657 1797 1416 3097 2935 3225 3247 2622 3596 2458 2477 2159 4319 2338 3201 2473 4876 3731 1230 1737 4001 3102 2473 1715 1861 3753 4793 2289 1728 3653 2659 2416 5311 1912 3928 3416 2038 2901 -1 4486 5115 1738 -1 2244 2634 -1 3395 3828 1969 964 2496 2482 0 3608 3617 3637 2188 2270 1998 3509 3639 1777 2500 1734 2674 5269 2842 -1 -1
3901 3350 -1 5591 4725 4158 3429 4117 4135 4019 2616 3552 4219 4457 3325 3762 4812 3159 4339 5041 2880 3514 4152 4007 2681 3106 -1 4620 3730 4134 4101 4084 4224 3811 3797 4258 4846 4013 4243 4716 3957 4057 3279 6447 3458 3070 3001 3781 2247 4326 4173 5010 4672 3162 4811 3064 4457 4996 4331 3349 5274 4350 3459 6750 2440 4618 1130 4215 3803 -1 6392 4687 4634 -1 3146 2756 -1 3491 3833 3565 3860 5592 2604 3096 0 2133 2524 4624 4037 2698 4557 4849 4008 3766 4830 3997 4396 3789 -1 -1
1768 1217 -1 3809 2675 2335 1296 1984 2663 1886 483 1419 2261 2532 1192 1629 3835 2369 2206 3393 747 1381 2019 1874 3260 973 -1 2487 1597 2201 1968 2575 2715 1678 2325 2125 3165 2437 3585 2666 1824 1924 1229 4810 1408 937 868 1648 114 2193 2123 2877 2539 1029 2678 931 2324 2863 2322 2532 3404 2217 1486 4700 307 3118 1709 2529 1670 -1 4759 2554 2552 -1 1013 1966 -1 3427 1700 2093 1927 3459 1814 963 2532 0 3103 2574 1904 1226 2424 2716 2185 1633 2697 1864 2263 1656 -1 -1
2722 1819 -1 4591 2201 1861 3163 4635 2828 3149 1577 2907 1922 2058 2503 2723 2288 2700 2604 3728 1841 2269 2621 4525 157 2776 -1 3550 3375 1610 2407 2029 2169 2861 3115 1915 3297 3391 4172 2192 2263 2849 755 4691 934 2031 2316 4719 3711 1859 1649 3121 3429 3102 2344 2233 3541 3957 2766 3278 4498 2447 1012 4226 2110 3618 2594 2410 3273 -1 4858 6151 2110 -1 2616 2297 -1 967 2794 1881 1336 3125 2145 2741 1464 3597 0 2100 2642 2016 2119 3810 1711 2587 2363 2818 4099 2759 -1 -1
3378 4145 -1 5701 5456 3638 4126 4914 4273 4637 2093 3738 3699 5032 3511 3239 5445 4310 3816 1628 2357 2991 4790 4804 5108 3292 -1 4097 3891 4061 3593 4914 4968 3583 2934 3735 4866 4047 4263 4796 3449 3721 4010 5654 4189 2547 2886 5289 5145 3867 4560 4895 4192 5183 4352 4040 4160 4473 4730 4329 5014 3889 4110 6838 2626 4728 4028 3373 3989 -1 5821 7585 4561 -1 3332 4072 -1 3657 3310 3703 4221 5133 4742 3257 4142 5031 5121 0 3514 2836 4309 4326 4037 3243 4251 3474 4615 3275 -1 -1
1887 2590 -1 4210 4227 2886 2100 4149 2850 2894 2162 989 2392 4084 2154 3308 4010 2748 3885 3125 2426 2408 3392 4039 4136 1935 -1 4166 2900 547 2507 2612 2752 1938 2512 2244 4173 2556 3841 4218 2832 2184 2781 3628 2960 2616 594 2997 4035 2781 1046 2603 2423 2891 3266 2483 3492 4542 2163 2792 4340 2398 2619 5363 1269 3237 3321 1347 1240 -1 3795 6566 1047 -1 583 3339 -1 4033 3137 1278 3440 4047 3187 2476 3642 4324 4498 1497 0 1413 2818 2846 2736 1984 3285 1983 4684 2618 -1 -1
1708 2433 -1 4031 3853 2475 3260 3978 1437 2802 749 2394 2536 3710 2167 1895 3831 2966 2472 3226 1013 1647 3235 3868 3553 1948 -1 2753 2547 1950 2249 3570 3133 1839 1099 2065 3031 2377 2428 3452 2105 2013 2407 5031 2586 1203 1542 3945 3709 2523 2449 3028 2848 3839 3008 2275 2816 3129 3386 2621 3459 2219 2440 5494 1282 3058 2684 2750 2645 -1 4577 6149 2450 -1 1988 2728 -1 3854 1966 867 2877 3789 3030 1913 2798 3595 3777 2900 1806 0 2639 2982 2325 1573 2416 1804 3271 1931 -1 -1
2509 2743 -1 4832 3125 2785 2775 4337 709 3316 2501 1411 2846 2590 1703 3647 4307 2812 4224 3800 2765 2752 3545 4227 3701 1484 -1 4474 2768 1222 3077 3287 3273 1111 2912 2866 2996 3178 4241 3116 3187 3256 1679 4303 1858 2955 1379 3782 3267 2783 1721 3388 3098 3676 3268 2240 3789 4881 2838 2980 4394 2695 1936 5150 818 3859 2150 2022 1662 -1 4470 5707 1722 -1 1005 3492 -1 1215 3706 1953 3181 4049 3340 2898 4317 3153 3544 2172 3619 1813 0 3334 2635 2659 3287 2605 5023 2167 -1 -1
3028 3418 -1 5190 3524 3811 3241 4185 4046 3845 2684 2567 3872 4525 2714 3830 2978 4326 3090 4004 2948 3582 4220 4075 2749 2495 -1 3490 3798 2734 3669 1574 1714 3692 3865 3385 4914 3697 4311 4643 3586 2394 3339 3003 3518 3138 2390 3849 2315 3943 3233 4399 3564 3230 4428 3041 4525 5064 3181 3002 5342 3539 3527 6810 1829 4378 1198 2488 2818 -1 3170 4755 2188 -1 2161 4167 -1 3559 3901 3206 3928 5209 4015 3164 2262 2201 2592 3684 2187 2766 3946 0 3661 3834 4447 3124 4464 2759 -1 -1
1793 108 -1 3218 2174 150 2489 3337 2755 2270 1351 2193 211 3587 1966 2488 3250 1260 3074 2467 1615 558 910 3656 3477 1747 -1 1839 2314 2691 2380 2185 2322 1150 1701 1472 3549 2114 3030 4054 2236 1801 2777 4162 2956 1805 1642 4045 3187 2654 3190 3651 1837 2222 3139 2479 2732 3731 2859 2409 3383 1638 2525 3534 1081 2245 3014 1881 2444 -1 4329 5806 2796 -1 1787 857 -1 2469 2192 1666 2992 3920 705 2028 1884 3799 3872 2291 2408 2076 2046 2803 0 2372 3018 1357 3864 2430 -1 -1
135 1840 -1 2458 2884 1882 2184 2577 1775 2416 1995 1356 1943 2604 2059 2596 2258 2886 3173 3470 1714 2290 2642 4437 2903 1840 -1 2450 1749 1711 2905 2650 2790 2177 3087 492 3672 804 2743 2875 2806 2582 1438 4425 1617 1904 1735 3628 3693 2542 2210 3744 2132 3785 3027 1140 1740 3830 2984 3190 4371 646 867 4909 1174 1485 2576 2492 2537 -1 4592 4814 2211 -1 1880 2589 -1 2281 1385 2442 2971 3808 2437 2007 2495 3579 2746 2661 3253 1988 1066 2401 1732 0 3046 231 3972 2523 -1 -1
5221 5768 -1 6386 6311 5810 5434 6505 6394 6344 5687 4760 5871 6168 4907 5656 6010 6519 5283 6189 5951 5956 6554 6442 6565 4688 -1 6522 4846 4916 5695 4606 3907 6318 6116 5578 5323 5890 6625 6302 5551 4587 4865 6961 5044 6141 4151 5185 5224 5969 5415 6160 5757 6139 6454 4567 6826 8067 6213 5195 7431 5732 5122 8336 4022 5413 5014 4681 5011 -1 7128 8571 4381 -1 4354 6517 -1 7142 2942 4945 4642 7235 6365 5674 3884 6017 6408 5570 4380 5017 6139 3958 5660 5651 0 5317 7032 4952 -1 -1
2801 1609 -1 2227 3675 1651 2165 2346 1544 2185 2331 2246 1712 3264 1907 3238 3544 2655 3744 3968 2356 2059 2411 4332 2672 2319 -1 2219 1518 1480 2749 2419 2559 1946 2856 261 3441 3470 4185 3951 2605 3229 2514 4194 2693 2546 2214 4023 4102 2686 1979 4194 1901 3723 3171 2685 3026 4472 3096 3085 4147 1932 2771 5035 1653 1254 2985 2261 2497 -1 4361 6100 1980 -1 1840 2358 -1 2050 2818 2211 2973 3952 2206 3256 2264 3988 2515 2430 3022 1757 835 2743 1501 2917 3190 0 4614 3002 -1 -1
2565 2651 -1 3269 3296 2693 2946 3388 880 3227 2672 2101 983 3153 1874 3260 3081 2814 4395 2277 2936 1330 741 4880 4309 1357 -1 3261 2939 1393 3248 3458 3444 1282 3083 1303 4483 3234 4412 3287 3358 3304 1850 4474 2029 3126 1550 3953 3457 2954 1892 3559 2609 3847 3439 2611 2563 5052 3009 3633 5035 1469 2107 5177 989 2296 3832 2193 2352 -1 4641 5637 1893 -1 1695 2411 -1 2300 2964 2124 3764 4220 3248 2800 3306 3630 4644 649 3790 1984 1877 2634 2543 2830 3458 2129 0 2338 -1 -1
3524 1839 -1 4949 3905 1881 4010 3800 2438 4001 3082 2232 1942 3324 3432 4219 4670 2991 4805 4198 3346 2289 2641 4601 2539 3213 -1 3570 4045 2951 910 3520 3660 2840 3267 1799 5280 3845 4761 4223 3967 3532 2786 5613 2965 3536 2615 4375 2841 1184 3450 4624 3568 3756 1669 3658 3911 5462 4567 3943 5114 3369 3043 5265 2547 3976 1724 3332 3261 -1 5780 5281 3032 -1 2604 2588 -1 3349 3923 3397 2827 2450 2436 3690 3615 2727 3118 3558 3531 3292 3777 4281 1731 4103 1688 3088 4990 0 -1 -1
-1 -1 -1 -1 -1 -1 -1 -1 -1 -1 -1 -1 -1 -1 -1 -1 -1 -1 -1 -1 -1 -1 -1 -1 -1 -1 -1 -1 -1 -1 -1 -1 -1 -1 -1 -1 -1 -1 -1 -1 -1 -1 -1 -1 -1 -1 -1 -1 -1 -1 -1 -1 -1 -1 -1 -1 -1 -1 -1 -1 -1 -1 -1 -1 -1 -1 -1 -1 -1 -1 -1 -1 -1 -1 -1 -1 -1 -1 -1 -1 -1 -1 -1 -1 -1 -1 -1 -1 -1 -1 -1 -1 -1 -1 -1 -1 -1 -1 -1 -1
-1 -1 -1 -1 -1 -1 -1 -1 -1 -1 -1 -1 -1 -1 -1 -1 -1 -1 -1 -1 -1 -1 -1 -1 -1 -1 -1 -1 -1 -1 -1 -1 -1 -1 -1 -1 -1 -1 -1 -1 -1 -1 -1 -1 -1 -1 -1 -1 -1 -1 -1 -1 -1 -1 -1 -1 -1 -1 -1 -1 -1 -1 -1 -1 -1 -1 -1 -1 -1 -1 -1 -1 -1 -1 -1 -1 -1 -1 -1 -1 -1 -1 -1 -1 -1 -1 -1 -1 -1 -1 -1 -1 -1 -1 -1 -1 -1 -1 -1 -1
3256 2688 321 2659 3292 453 2434 4468 2672 4364 1396 2597 1959 2950 2710 3339 2623 3402 -1 4212 3179 2058 1909 1478 1413 1774 2156 2796 2690 1001 1933 1671 2413 2353 -1 4688 2685 2638 -1 -1 3625 317 3694 2461 -1 1870 2428 3316 1679 1436 2951 1967 2893 -1 3509 1642 2182 278 1645 1928 2689 1120 2397 -1 5051 2534 3894 3576 3421 1633 2055 3022 988 2421 2653 2237 2031 2621 1835 4258 3367 2992 2305 3270 2246 3882 -1 2614 2361 2647 4620 2284 2405 1279 3595 2781 2488 1048 3099 1517
3246 3685 1340 2774 3473 2547 4161 4257 2779 5371 2246 3407 3296 2474 3120 2183 3033 3133 -1 5201 2536 1999 2916 2815 3402 4400 1342 4053 3697 2104 2940 2919 3815 3620 -1 4812 3030 2489 -1 -1 4031 1324 4115 3197 -1 2877 3685 2878 3016 1551 4332 3429 3448 -1 4098 2649 1925 1285 2502 2947 3696 3427 3734 -1 3383 3384 4883 3950 1822 2640 2170 3203 1979 2992 2618 3234 2376 3628 2842 4809 3474 2564 3767 3077 3103 3763 -1 4076 3265 3638 3464 1508 3867 2286 4815 1113 3477 2067 4051 2374
-1 -1 -1 -1 -1 -1 -1 -1 -1 -1 -1 -1 -1 -1 -1 -1 -1 -1 -1 -1 -1 -1 -1 -1 -1 -1 -1 -1 -1 -1 -1 -1 -1 -1 -1 -1 -1 -1 -1 -1 -1 -1 -1 -1 -1 -1 -1 -1 -1 -1 -1 -1 -1 -1 -1 -1 -1 -1 -1 -1 -1 -1 -1 -1 -1 -1 -1 -1 -1 -1 -1 -1 -1 -1 -1 -1 -1 -1 -1 -1 -1 -1 -1 -1 -1 -1 -1 -1 -1 -1 -1 -1 -1 -1 -1 -1 -1 -1 -1 -1
3608 1728 2414 2751 3319 1286 3828 2971 2418 5231 1591 2883 3821 2984 2823 1528 2736 2478 -1 4167 3046 2468 2906 2720 3248 3141 687 1469 2942 2470 3114 1658 3792 3096 -1 3077 3168 1834 -1 -1 3580 2410 3460 2835 -1 3422 3388 2223 2921 1893 4345 2774 2793 -1 3795 3735 2255 2371 2479 3116 366 2215 4490 -1 2728 2729 4701 2466 1167 3622 2147 3049 1821 3255 3128 2611 2514 3732 3438 4448 3113 1909 3112 2422 2499 3108 -1 2343 2610 3480 2809 1850 3212 1689 4005 458 2443 3141 3396 2351
3251 1412 186 2064 2763 1451 3451 2655 2102 4741 2639 3440 2769 2615 2036 1171 1949 1064 -1 3851 2730 2152 2026 1836 2256 2825 2008 1153 2626 1499 3220 1342 3105 3815 -1 2761 2537 1203 -1 -1 3264 1779 3103 2487 -1 2791 2601 809 2037 841 3578 2527 1379 -1 2528 2360 841 1740 1792 1793 3925 1899 3859 -1 4114 3633 3544 2150 2957 2570 1460 2493 895 2568 2812 1980 1883 3160 3122 4132 2797 495 2865 1188 2183 4015 -1 2027 2253 2554 2452 798 3184 1373 3689 2248 2127 913 2765 1664
3466 2702 1847 1258 3933 1564 2645 3555 1474 4287 1650 3708 2751 1491 2384 2690 3112 2701 -1 3899 1553 1016 1413 2578 2524 3417 1849 2682 3801 2208 2765 714 2299 3989 -1 5256 2675 2561 -1 -1 2515 1428 3580 2886 -1 2615 2314 3382 2583 2058 3102 2623 2779 -1 3508 2753 2004 1389 986 2656 3434 2444 3528 -1 3890 2788 3390 2967 2329 2744 654 3663 2058 1762 1635 2251 2854 2567 2946 3504 2169 2132 2961 2228 1587 4270 -1 3270 3153 3383 3971 2015 3729 2390 3481 1620 2494 2574 4123 858
3284 3065 2305 1082 2965 2437 2469 4031 2755 5074 1237 4078 2531 3321 1916 3593 1829 2525 -1 3723 3383 2131 1237 2402 2894 3472 333 2506 3030 1699 2589 1995 2123 2490 -1 3341 862 1837 -1 -1 2339 2301 3404 2666 -1 1116 2138 2726 2407 1041 2926 2420 2603 -1 3064 3418 721 2262 810 2248 3320 2500 3352 -1 4793 2375 2715 4082 3232 1588 478 2695 775 1586 1415 2614 208 2391 3417 4785 3450 1956 2758 3343 1411 4362 -1 3067 2933 2434 4874 998 2858 1352 3090 2523 2274 2842 3399 682
1036 1897 1352 1292 3025 1484 2679 3695 2965 4556 1447 3628 2741 2807 1992 2658 1905 1647 -1 3250 3131 2341 1447 2171 2444 2193 543 1227 2439 1682 1724 1794 844 2700 -1 3551 1072 1786 -1 -1 2549 1348 2125 1918 -1 1326 859 1392 2173 1251 3136 1700 1253 -1 2402 2093 931 1309 1020 2207 3050 1639 3428 -1 5003 2585 2925 3190 2633 1798 688 2755 985 1796 1625 1446 418 2601 1626 4995 3660 1078 1852 3553 1621 3540 -1 2161 38 2644 3939 1208 2924 1562 2026 2733 1526 2079 3348 892
4130 2822 2174 2185 2959 2306 2929 4844 3001 5132 2320 4072 3718 3567 2494 3006 2407 3480 -1 4105 3150 2982 2004 3169 2888 3627 1416 2747 2753 1496 2729 1516 2890 4206 -1 4355 1965 1594 -1 -1 3442 2170 4171 2773 -1 3182 2905 3225 2616 2144 3446 1634 3370 -1 3606 1705 1824 2131 1577 3054 4171 787 4250 -1 5246 3458 3561 3744 3856 2691 1581 2689 1878 2353 3481 2371 1311 3494 2631 5031 3696 2911 1972 3146 2178 3576 -1 2281 4026 3537 4287 2101 2072 2455 3943 3147 2381 2901 3156 1449
4276 5308 4487 3158 5189 3463 4545 4079 4114 6128 3160 4956 4296 4680 4284 4309 4249 4601 -1 5414 4742 3822 3313 4416 5118 2425 3584 3165 4454 2861 3697 3354 4199 5008 -1 4773 4113 4402 -1 -1 4415 2081 5000 4082 -1 3634 4214 4540 4483 3200 5002 3864 4493 -1 5307 3406 3904 2042 2886 3554 4453 3911 5428 -1 6530 4298 3707 4162 4969 3397 2554 4919 3958 3662 4122 4857 3459 4385 3599 6144 4809 4032 4202 3648 3487 1601 -1 4039 4244 5283 5590 4048 2218 3043 5381 4260 3690 1954 4005 2758
2758 2706 1606 1549 3279 1738 2936 3949 2286 4053 2681 3882 1926 3061 2675 3326 2727 1864 -1 3504 3146 1506 212 2425 2698 2447 2407 1481 2693 2286 3049 2485 1098 3638 -1 4055 1474 2327 -1 -1 2806 1602 2379 2172 -1 3155 1113 3622 2427 2603 3393 1954 1578 -1 2727 2927 2250 1563 1277 2860 3974 2405 3682 -1 4613 3551 2189 3444 2887 2055 945 3009 2273 2053 3224 2741 2719 2682 2951 4225 2981 1295 2292 2718 1878 4828 -1 2601 2328 2182 4607 2560 3690 1819 2280 2343 1780 2333 3889 1149
4695 2817 3681 4310 4690 3413 4701 4617 4064 6567 3657 4440 4696 3632 4266 4331 4179 2800 -1 5813 4692 1615 3665 876 3256 4787 2753 3115 4588 3268 3583 2702 4654 5866 -1 4723 4107 4637 -1 -1 5226 4357 5563 4111 -1 4792 4669 4864 1077 4133 3859 3406 4912 -1 5359 5154 3186 4318 3349 3555 4942 2559 4849 -1 5531 4795 5333 3566 3970 4833 3706 4420 3240 2519 4774 2366 3453 5289 4403 6094 4759 3983 3744 2827 3950 5348 -1 3989 3848 4899 4912 4161 3844 3335 5298 3261 4089 2675 4726 3221
3727 2641 1903 2817 3887 1503 4016 4190 1735 4548 2446 3647 2690 1430 3422 2862 3335 3812 -1 4157 1492 955 2593 3060 2463 3356 2021 3675 3740 2147 2923 2596 3006 3928 -1 5283 3447 2822 -1 -1 3570 1367 4076 2825 -1 2554 3985 3557 3261 2486 3288 2562 3486 -1 3447 2692 3232 1328 2896 3466 3373 2383 3979 -1 4062 3584 5157 2906 2501 2683 2665 3617 2038 1948 1574 2190 2793 3446 2885 3765 2430 3243 2900 2167 3188 4442 -1 3209 3092 3697 4143 3301 3668 2329 4871 1792 2433 2630 4384 2768
4560 3513 2287 1859 3950 3214 3246 4734 3547 5172 3280 4226 3425 3695 2205 3272 2118 2641 -1 4500 2548 2785 1711 2046 3879 4115 2376 2790 3319 1294 1268 2765 2900 4439 -1 4398 3276 3075 -1 -1 3116 2945 4181 1796 -1 3610 2770 1954 2247 636 3703 3231 2524 -1 3183 3937 1010 2906 1587 1751 4429 3189 4129 -1 4416 3861 3991 3787 3327 2365 1255 3680 1064 2363 4257 3536 3543 3168 1170 5577 3568 2596 3569 873 2188 3995 -1 3878 3827 2723 4553 593 4474 2069 4082 3693 3273 3014 4637 1459
4596 3647 2977 2840 3610 3243 4227 3970 2604 5417 3329 4723 3616 3170 1865 3660 1778 3630 -1 4657 3232 2445 3066 1706 3539 4768 2779 2798 2979 351 3383 1844 3952 5188 -1 5009 4069 2735 -1 -1 4070 2961 3846 3325 -1 4294 2430 4315 1907 1688 4689 2288 4432 -1 2843 3949 670 2922 2639 3708 5113 3389 5181 -1 5020 4467 5043 4396 3259 3417 2307 3340 724 3349 3314 3196 3415 4149 3285 4634 3299 3785 2626 3657 3240 4336 -1 2935 4018 2383 4941 1645 4674 3121 4568 2750 2933 3505 4297 2511
3623 2252 2487 1018 2133 3049 2405 4267 2870 5630 2655 3246 4436 2925 1668 2180 1581 2731 -1 2358 3498 1450 2977 2370 2062 3593 2159 1921 1547 2324 1903 1995 3567 3569 -1 3529 2708 2337 -1 -1 1771 2639 1799 1026 -1 3874 2233 2476 1790 1599 2922 808 3046 -1 2400 2448 2508 2600 2550 2228 4235 1994 3912 -1 5123 3793 3698 2918 3725 3328 2218 1863 2562 3326 3580 1801 2054 2327 1805 4900 3213 2162 1146 2662 3151 4044 -1 1455 3141 4173 3461 2465 3279 1895 3117 3016 634 1502 3553 2422
4003 3704 1337 3253 3803 1469 3450 3815 3688 5380 2412 3613 2603 3872 3294 4074 3207 1713 -1 4904 4195 3074 2925 2485 2429 2790 2484 3812 1690 2017 2949 2584 3429 3369 -1 5423 3033 2662 -1 -1 4317 1333 4710 3477 -1 2886 3444 4176 2686 2452 3967 2702 3909 -1 2543 2658 2099 1294 2645 2944 3705 1855 3413 -1 6067 3550 4629 4592 4437 2649 2649 3533 2004 3421 3669 3253 2379 3637 2851 5274 4383 3862 3040 4214 3246 4644 -1 3317 3005 1094 5355 3074 3140 2295 4611 3797 3180 2064 3611 2517
3132 2565 1917 2384 2822 2049 3572 4464 2795 4875 1094 2386 3555 2812 2326 3649 2239 1981 -1 4748 2874 2337 2647 2753 2751 3370 190 3259 4019 1973 2617 2035 3533 2599 -1 4998 2671 1337 -1 -1 3836 1913 4814 2660 -1 2925 2891 1726 2954 1758 4089 2277 2296 -1 3445 3238 1758 1874 2220 3524 4285 2307 3993 -1 5211 2232 4204 4288 670 3229 1975 2552 1812 2996 2956 2114 2017 3235 3274 4825 3490 1412 2615 3117 2821 2611 -1 2924 3748 3423 4930 1715 2715 2155 4586 2941 3024 2644 2899 2092
3860 3786 3048 3324 4360 2648 4711 3988 2880 5693 3591 4792 3835 2575 4186 4007 4099 4471 -1 4876 1733 2100 2834 4205 3608 4501 3166 4051 4065 2427 3340 1716 3668 4169 -1 6047 3896 3705 -1 -1 4289 2512 4317 3544 -1 2795 3683 4216 4308 3631 3529 3326 4077 -1 4592 3837 3755 2473 3052 4611 3614 3528 4519 -1 5207 4729 4968 4051 3646 3828 2720 4090 3183 2189 2719 3335 3242 4591 4030 4910 3575 3902 3664 3312 3516 4807 -1 3973 2862 4804 5288 3742 4813 3474 4850 2937 3152 3775 5267 2924
3714 3322 2562 1013 3271 2694 2400 1934 3242 5009 3427 4702 2882 4007 2139 2164 2867 2456 -1 3654 4102 2289 1168 2333 3617 3403 3363 2437 3649 2725 2520 3077 2054 4594 -1 4793 2430 3283 -1 -1 2270 2558 3335 3048 -1 4111 2069 4001 2338 2067 2857 2910 2534 -1 3683 3752 1759 2519 741 3816 4199 2597 3283 -1 5107 4507 3145 4400 3843 3011 409 3418 1813 1517 3570 2871 3358 2322 3907 5181 3937 1887 3248 3501 1342 4610 -1 3557 3246 3138 3445 2024 3882 2775 3236 3299 2736 3289 4845 613
4277 2442 1342 1900 3015 1474 3287 3685 3132 5385 2417 3618 2980 2797 2550 3062 2463 3613 -1 3240 3192 2332 2930 2161 2434 2183 2143 1217 2429 2022 2785 2372 834 3374 -1 3791 3109 2973 -1 -1 2653 1338 2115 1908 -1 2891 849 3358 2163 2457 3804 1690 1314 -1 2463 2663 2938 1299 2666 2949 3710 2141 3418 -1 5548 3555 4580 3180 2623 2654 2725 2745 2009 2975 2960 2683 2455 3209 2687 5162 3827 3044 2028 3544 1913 4564 -1 2337 3382 3668 4343 2521 3426 2211 2016 3278 1516 2069 4120 2538
3380 2294 1556 3320 4208 1688 3669 4962 1388 4201 2578 3832 3194 3866 3743 2515 3656 3465 -1 5282 3982 608 2658 2713 2648 3009 1674 3640 3925 2236 2576 2765 3648 3588 -1 5144 3100 2475 -1 -1 4577 1552 4447 3104 -1 3105 3663 3210 2914 2671 4186 2883 3597 -1 3100 2877 2959 1513 2826 3163 3924 2036 3632 -1 3715 3716 4810 2559 2154 2868 2716 3938 2223 3602 3888 1843 2446 3856 3070 3418 2083 2896 3221 1820 3427 4095 -1 3530 3530 3882 3796 2954 3321 2514 4830 1445 3558 2283 4037 2698
3683 2883 538 2864 4129 1745 4251 3521 1977 4569 1601 2605 2737 1672 2927 3104 2840 3766 -1 4399 1734 1197 2114 2314 2705 3598 2263 3660 2895 1302 2138 2117 3248 2818 -1 5268 3128 2843 -1 -1 3573 522 4318 2666 -1 2075 3492 3521 2515 1641 3530 2804 3728 -1 3689 1847 2387 483 2417 2145 2894 2625 4221 -1 4304 2739 4821 3148 2743 1838 2260 3859 2170 2190 1816 2432 2474 2826 2040 4007 2672 3197 3142 2409 3018 4087 -1 3451 2685 3434 4385 2489 3910 1484 4673 2034 2675 1265 3316 2289
1146 2007 1462 1402 2611 1594 2789 1274 3075 4666 1557 3505 2851 2917 1658 2768 2015 1757 -1 3360 3241 2000 1337 2281 2554 2303 653 1337 1712 1792 1834 1904 954 2810 -1 3661 1182 1896 -1 -1 2659 1458 2235 2028 -1 1436 969 1502 1798 1361 3246 1810 1363 -1 2512 2203 1041 1419 1130 2140 1242 1688 3538 -1 5113 2695 2254 3300 2743 1908 798 2865 1095 1906 1735 1556 528 2711 1736 5105 2812 1188 1962 3212 802 3650 -1 2271 148 2754 4049 1318 2973 1672 2136 2843 1636 2189 3458 1002
4327 2449 2100 3125 4098 3246 4333 5411 3327 5837 3260 1856 4010 3893 3273 4410 3186 2928 -1 4827 3955 3418 3280 3700 4027 4286 2356 3798 3693 2697 2276 2567 4166 2069 -1 5406 2905 2534 -1 -1 4240 3110 5447 2804 -1 4122 3838 2673 3901 2705 4850 3038 3243 -1 4392 2645 2705 3071 2853 2759 5111 2191 5190 -1 5743 4398 4758 4795 4182 3631 2521 3828 2759 3629 4037 1998 2251 2705 2178 5357 4022 2359 3376 2587 3454 2180 -1 3003 4412 3225 5691 2662 3476 3395 4665 3473 3103 2533 4096 2725
4147 4571 2866 2645 3955 2998 4032 2618 4237 6641 2780 5142 4504 4559 3479 4268 3392 4088 -1 5286 4621 3694 2800 3965 3958 4319 1876 4069 4502 3262 4152 3477 3686 3616 -1 6017 2425 3343 -1 -1 3902 2862 4672 4250 -1 4398 3701 4063 3970 2604 4489 3879 4166 -1 5151 3454 2284 2823 2373 3484 4631 3032 4915 -1 5468 3918 4278 4616 3907 3151 2041 4238 2338 3149 4697 4120 1771 3954 4380 6267 4932 3519 4217 4605 2974 5821 -1 4526 4008 3997 5549 2561 4317 2915 4653 3198 4368 3593 4905 2245
-1 -1 -1 -1 -1 -1 -1 -1 -1 -1 -1 -1 -1 -1 -1 -1 -1 -1 -1 -1 -1 -1 -1 -1 -1 -1 -1 -1 -1 -1 -1 -1 -1 -1 -1 -1 -1 -1 -1 -1 -1 -1 -1 -1 -1 -1 -1 -1 -1 -1 -1 -1 -1 -1 -1 -1 -1 -1 -1 -1 -1 -1 -1 -1 -1 -1 -1 -1 -1 -1 -1 -1 -1 -1 -1 -1 -1 -1 -1 -1 -1 -1 -1 -1 -1 -1 -1 -1 -1 -1 -1 -1 -1 -1 -1 -1 -1 -1 -1 -1
1228 1551 903 1370 3465 1035 2757 2810 3254 2049 1978 3179 2541 2668 2711 2850 2624 3276 -1 3711 1879 2640 2032 2060 1995 2356 1128 3253 3248 1583 2515 1986 2918 2935 -1 4136 1657 323 -1 -1 3124 899 4199 2379 -1 1911 2933 3021 2261 1836 3274 2140 1445 -1 2594 2224 1516 860 1605 2510 3242 1293 2979 -1 4668 2753 3510 4158 3107 2215 1273 3195 1570 2335 2210 1100 1003 2280 2417 4840 3949 2707 2478 3596 2206 4082 -1 1887 2943 3229 4131 1793 2578 1861 3549 2398 1987 1630 1885 1477
5537 3659 4679 4355 5474 4255 5543 5459 4906 7565 4499 5438 5694 4474 5108 5173 5021 3642 -1 6655 5534 2457 4189 1718 4254 5629 3595 3957 5430 4110 4425 3544 5396 6708 -1 5565 3551 4842 -1 -1 5612 5199 6405 4778 -1 5595 5411 5706 1919 3132 4857 4248 5754 -1 6201 5892 4028 5160 3730 4397 5784 3401 5847 -1 6373 5637 6175 4408 4812 4861 3751 5303 4082 3517 5616 3208 4295 5664 5245 6936 5601 4825 4586 3669 4684 6190 -1 4831 4690 5741 5754 4719 4686 4177 6296 4103 4931 3517 5568 3955
3874 2309 1661 1672 3535 1793 3059 4331 3249 4619 1807 3937 3299 3426 2506 4226 2419 3115 -1 4205 2637 2469 1827 2818 2753 3114 903 3096 2240 2289 3179 2504 2713 3693 -1 4894 1452 1081 -1 -1 2929 1657 3994 2873 -1 2669 2728 2866 2997 1631 3516 2898 3193 -1 3093 1192 1311 1618 1400 2838 3658 2051 3737 -1 4733 2945 3305 3643 3858 2178 1068 3265 1365 2176 2968 1858 798 2981 3175 5279 3944 2546 3236 3681 2001 4782 -1 3545 3513 3024 5507 1588 3336 1942 3680 3156 2481 2388 2643 1272
3888 3187 2269 2229 3786 1245 3306 2449 1896 4709 2621 3485 3722 2462 2833 3112 3289 2954 -1 3645 2524 1946 2384 2198 3495 2619 2271 947 2420 2402 3014 1136 3270 3698 -1 2555 3493 2703 -1 -1 3058 2253 4503 2313 -1 3586 3285 3411 2399 1965 3823 2540 3750 -1 3273 3233 2589 2214 1957 2594 4405 1693 4499 -1 4312 3759 4361 1944 2751 3569 1625 3595 1780 2733 2606 2736 2839 3538 2916 3926 2591 2938 2878 3158 1977 3809 -1 1821 2928 3439 4393 2172 2978 1167 3483 2042 1921 2789 4210 1829
3144 2423 1775 2056 2755 1907 3443 3539 3162 3965 2631 3868 2761 2607 1401 4340 1314 1056 -1 4319 2751 2115 2211 1828 2684 3228 2000 2334 3094 1491 3387 1677 3097 3807 -1 4650 2529 1195 -1 -1 3313 1771 4378 2479 -1 2783 1966 801 2029 833 3900 3012 1371 -1 2520 2352 833 1732 1784 3153 3917 2165 3851 -1 4613 3625 3536 4039 3422 2562 1452 2485 887 2560 3082 1972 1875 3152 3289 5192 3741 487 3350 3327 2385 3872 -1 2660 2823 2498 5431 790 3450 2266 3671 3270 2595 2502 2757 1656
3681 2283 1635 1916 2615 1767 3303 3399 3022 4593 2491 3728 2621 2467 1888 4200 1801 916 -1 4179 2611 2427 2071 1688 2544 3088 1860 2821 3002 1351 3247 1537 2957 3667 -1 4510 2389 1055 -1 -1 3173 1631 4238 2339 -1 2643 2453 661 1889 693 3760 2872 1231 -1 2380 2212 693 1592 1644 3242 3777 2025 3711 -1 4473 3485 3396 3899 3282 2422 1312 2345 747 2420 2942 1832 1735 3012 3149 5052 3601 347 3210 3639 2245 4359 -1 2520 2683 2406 5481 650 3310 2126 4139 3130 2455 2362 2617 1516
3580 1702 2642 2728 3616 3378 3586 5056 3658 5888 2058 4087 3780 3274 3151 2732 3064 2953 -1 4762 4286 16 2066 3375 3545 4301 1154 3404 4632 2153 1984 2173 3547 4300 -1 5012 2508 3038 -1 -1 3985 3242 3964 2512 -1 4468 3562 3265 3273 2687 4103 2291 3797 -1 4946 4249 2367 3203 2234 3231 5594 1444 4998 -1 3932 3196 4218 1967 2371 3234 2124 3346 2421 3010 4368 1251 1854 4037 3288 5688 4353 2384 2629 1228 2835 4233 -1 2938 3814 4036 3313 2644 2729 2668 4600 1662 3038 2351 4033 2106
3915 3461 2915 2926 3240 3047 4313 4043 3256 5873 2725 4353 3246 2701 2731 4472 2644 1150 -1 4578 3884 2661 3081 1922 3169 4368 2157 3136 3494 2852 4248 1771 3723 3523 -1 4744 2706 2335 -1 -1 3991 2911 5004 3246 -1 3923 3296 4120 2123 2554 4130 3833 4132 -1 3709 2446 1536 2872 2654 3527 4011 3305 4991 -1 5672 3863 4559 4133 4111 3432 2322 2970 1590 3430 3966 3112 2052 4235 4429 5286 3951 581 4171 3873 3255 5202 -1 2754 2917 3249 5753 2511 4590 3196 4416 3402 2854 3642 3897 2526
3575 4436 3525 2302 4977 3657 3689 5315 4531 6298 4467 5757 2175 3444 3428 5197 4156 3745 -1 4943 5391 3351 2457 3622 4617 4692 4343 3726 4408 2816 3809 3694 3343 5484 -1 6300 3719 4325 -1 -1 3559 3388 4624 2725 -1 4941 3358 3931 3627 1079 4146 4199 3792 -1 4941 4632 3048 3349 2030 4746 5488 3720 4572 -1 4859 4304 4434 5302 5132 2808 1698 4707 2153 2806 4859 3985 4238 3611 4165 6470 5226 3176 4391 4563 2631 5899 -1 4687 2577 3812 6478 3313 5005 2572 4525 4588 4025 4252 4292 1902
2997 4029 3208 1879 3910 2184 3266 2800 2835 5648 3209 4424 3572 3401 3005 3030 3358 3322 -1 4135 3463 2885 2034 3137 3839 1146 2305 1886 3359 2100 3013 2075 2920 3842 -1 3494 2834 3642 -1 -1 3136 2531 4201 2803 -1 2468 2935 3261 3204 2476 3723 2585 3214 -1 4212 3856 2625 3153 1607 3533 3287 2632 4149 -1 5251 4347 2428 2883 3690 3560 1275 3640 2679 2383 2843 3578 2180 3188 3582 4865 3530 2753 2923 2369 2208 2443 -1 2760 3078 4004 4311 2890 939 2106 4102 2981 2411 2796 4847 1479
2690 2750 3315 3227 3713 3346 4463 4430 2942 5755 2731 4826 1290 2559 3646 4158 3559 2733 -1 4567 2510 1548 3430 809 3642 4108 2686 3048 4521 1931 3068 2182 4316 1684 -1 4656 4007 2832 -1 -1 3980 3263 5094 3235 -1 3572 4211 3046 1010 2436 4306 3017 2907 -1 2840 3747 2810 3260 3003 3488 2644 2321 1728 -1 5358 3869 5095 3499 3797 4165 2671 3443 2864 2966 1984 2299 3353 2046 2970 3589 3346 2732 3355 2673 3604 5110 -1 3664 1692 4523 4845 2393 3606 2906 5326 3088 2843 2608 3407 2875
4387 2509 2480 3535 4423 2612 4393 5599 3851 6217 792 4118 4118 4081 3925 3539 3838 3760 -1 5569 4479 823 2873 3637 2934 3933 1961 3720 4849 2411 2313 2980 4354 4512 -1 4769 3315 3845 -1 -1 4792 2476 4771 2358 -1 4029 4369 4072 3838 2763 4910 3098 4604 -1 4903 3801 2730 2437 3041 4038 4848 2251 4556 -1 4739 1930 5025 2774 3178 3792 2931 4153 2784 3817 4561 2058 2661 4780 3994 5257 4546 3191 3436 2035 3051 5040 -1 3745 4473 4443 4120 3451 3536 3438 5407 2469 3845 3158 3343 2913
3688 2919 2986 3749 2632 3495 4570 5270 4226 4509 3794 3745 2638 3907 4368 4349 4281 4649 -1 5089 3983 1233 3283 4194 2561 4816 3196 4621 4144 3279 4603 3390 4066 5395 -1 6229 3725 2783 -1 -1 4502 3359 5120 3757 -1 4371 4779 4394 4395 3717 1801 3508 3905 -1 3820 3096 3584 3320 3451 4448 3707 2661 2791 -1 5549 4932 5435 5397 3988 4451 3341 2362 3062 461 4065 2468 3071 4594 4505 6256 3618 4080 3846 2445 4052 5450 -1 4155 3040 4721 5630 3674 3946 3885 5740 3279 3365 3173 4345 3323
4032 1350 2413 2373 3930 1389 3450 2593 2040 4853 2765 3629 3866 2606 2977 3256 3433 3098 -1 3789 2668 2090 2528 2342 3639 2763 2415 1091 2564 2546 3158 1280 3414 3842 -1 2699 3637 2847 -1 -1 3202 2397 4647 2457 -1 3730 3429 3555 2543 2109 3967 2684 3894 -1 3417 3377 2733 2358 2101 2738 4549 1837 4643 -1 4456 3903 4505 2088 2895 3713 1769 3739 1924 2877 2750 2880 2983 3682 3060 4070 2735 3082 3022 3302 2121 3953 -1 1965 3072 3583 4537 2316 3122 1311 3627 2186 2065 2933 4354 1973
3001 3862 2715 2465 4244 2981 3852 3129 2342 5155 3067 4061 4168 1787 3513 3558 3692 3612 -1 5106 2970 2433 2620 3785 3941 4158 2508 3192 3567 3479 3689 857 2809 4274 -1 5516 3037 2846 -1 -1 3722 2699 4090 3754 -1 3291 2824 3357 3653 2926 3216 2919 3218 -1 4367 4024 2896 2660 2193 3995 3097 3543 4206 -1 4758 3326 4109 4384 3197 3763 1861 3974 2950 2969 3052 3411 2383 3774 3591 4372 3037 3043 3257 3645 2657 5138 -1 3566 2003 3202 4839 2883 4206 3527 3991 2488 3382 3442 4408 2065
3160 2858 1632 1795 1989 2420 1959 3993 2031 4844 2202 3102 2748 2597 1524 2036 1437 2510 -1 3135 2659 2122 1034 2199 1918 3269 1298 1777 3250 526 1759 546 1920 3963 -1 3385 1847 2649 -1 -1 2548 2284 3201 1803 -1 3721 1935 2255 1646 1455 2476 664 2400 -1 3549 3609 1625 2245 607 2084 4053 777 3466 -1 4447 3340 2591 2774 2886 2573 1463 1719 1679 1383 2741 2430 1193 2731 1661 4061 2726 1941 1002 2634 1208 2606 -1 1311 3118 3004 3317 1890 1102 1997 2973 2177 1411 2279 4211 479
3972 3732 1365 2608 2802 1497 3478 3671 2736 1538 2343 2136 3003 345 2337 2849 2250 2747 -1 3948 3364 2827 1842 2522 952 2818 1439 1853 3326 2045 331 1828 2728 3397 -1 3461 3104 2891 -1 -1 3361 1361 4009 859 -1 2914 2743 2497 2459 2268 3995 1477 3067 -1 3994 2686 2529 1322 2689 2897 3733 2164 3441 -1 5045 3481 3462 2850 3484 2677 2465 2532 2032 3465 3446 3281 3075 2985 2474 3275 3431 2183 1815 2867 1936 3058 -1 2124 2974 3485 4130 2486 1973 2073 3786 2775 2224 2092 1361 2561
2981 2679 1453 1888 2770 2241 2740 3922 1852 4665 2023 3571 2569 2418 2305 2438 2218 2331 -1 3341 2480 1943 855 2020 2699 3090 1119 2124 3336 1307 2540 367 1741 3784 -1 4028 1668 2470 -1 -1 3145 2105 3022 2584 -1 3542 1756 2076 2025 1754 2544 1445 2221 -1 3370 3430 1446 2066 428 2865 3874 598 3534 -1 4268 3161 2412 3417 2707 2394 1284 2500 1500 1204 2562 2828 1014 2552 2442 3882 2547 1762 1783 2455 1029 2427 -1 2092 2971 2825 3719 1711 923 2158 2923 1998 2192 2180 4032 300
4087 3519 1152 2880 3898 1284 3265 4162 3503 5195 2227 3428 2790 3781 3351 4042 3443 4233 -1 4220 3002 2800 2740 2309 2244 2605 2390 3627 3521 1832 2764 2502 644 3184 -1 4303 2919 3469 -1 -1 3633 1148 1925 2888 -1 2701 3259 4147 2510 2267 3782 2670 1124 -1 2273 2473 2748 1109 2476 2759 3520 1951 3228 -1 5720 3365 4725 3584 4159 2464 2535 3725 1819 3252 3472 3068 2265 3452 2666 5089 4198 3823 3008 4012 1723 4713 -1 3317 3192 3478 5323 2331 3236 2021 4426 3450 2496 1879 3930 2348
3345 4206 2293 3366 1939 3301 3877 5085 3533 6346 3801 3052 1945 3214 4016 4528 3929 3956 -1 4706 3290 2753 3801 4069 1868 5154 2897 4269 5313 2586 3997 3352 3373 4957 -1 5877 3426 4095 -1 -1 4119 3165 4427 3374 -1 3680 4581 3701 4138 3605 4394 3156 3562 -1 4711 4402 3285 3126 3374 3900 4829 2929 3913 -1 5860 4939 5279 4704 4299 4152 3042 1669 3339 3746 3372 3755 2772 3901 3935 5563 2925 3387 3494 3783 3975 5718 -1 3803 2347 4998 5809 3562 4214 3916 5465 3590 2982 3020 4062 3246
4145 3490 2842 2381 3496 2974 3768 4916 4233 5800 3917 3941 4480 4288 3031 3543 2944 3988 -1 3721 3818 2813 3971 3733 3425 4295 3067 3284 2910 3393 3266 3358 3953 4154 -1 4892 3596 2262 -1 -1 3134 2838 3162 2389 -1 3850 3596 3733 3153 2962 4285 2171 4303 -1 3763 3811 3455 2799 3544 3591 4744 3232 4918 -1 6486 4692 5061 4281 5046 4154 3212 3226 3509 4274 4149 3039 2942 3690 3168 6263 522 3419 2509 4025 4145 4265 -1 2818 3147 5168 4824 3722 4517 3258 4480 4337 1997 2865 3824 3416
2047 3767 2443 2264 1855 2866 3074 518 3146 5959 2419 4217 3713 2762 2166 3151 2079 3239 -1 4250 3639 3102 2149 3314 3033 4063 1515 2892 3472 1641 2874 1661 2714 3672 -1 4500 2044 3019 -1 -1 3521 2427 2572 2918 -1 2298 2729 2552 2761 2223 3591 1779 2264 -1 3413 3752 1903 2388 1722 1384 3002 932 4534 -1 4486 3557 3706 3889 2925 2770 1660 2834 1957 2498 2597 3316 1390 3573 2776 5176 3841 2948 2117 3291 2323 3721 -1 2426 1908 3616 4221 2180 2217 2534 3896 2216 2526 3170 4581 1594
3614 2913 1995 1955 3591 2261 3032 4044 1622 4435 2347 3211 3448 2188 3081 2838 3039 3233 -1 4596 2250 1672 2110 1924 3221 2345 1997 673 2146 2128 2740 862 2996 3424 -1 2281 3219 2429 -1 -1 3212 1979 4277 3268 -1 3312 3011 3137 2125 1941 3549 2266 3476 -1 2999 2959 2315 1940 1683 3223 4131 1419 4225 -1 4038 3485 4087 1670 2477 3295 1351 3321 2369 2459 2332 2462 2565 3264 2642 3652 2317 2664 2604 2884 2162 3535 -1 2913 3676 4028 4119 1898 2704 893 4178 1768 3013 2722 3936 1555
3375 3482 1394 1173 3036 1526 2560 4013 2765 5169 1308 3670 3032 3331 2007 3863 1920 2616 -1 3814 3393 2222 1328 2493 2486 2847 404 2597 3121 1790 2680 2005 2214 3426 -1 4545 953 2244 -1 -1 2430 1390 3495 2778 -1 2943 2229 2591 2498 1132 3017 2491 2694 -1 3679 2715 812 1351 901 2339 3159 2193 3443 -1 4234 2446 2806 3144 3438 1679 569 2766 866 1677 3475 3031 299 2482 2908 4795 3460 2047 2829 3434 1502 4433 -1 3138 3434 2525 5144 1089 2929 1443 3181 2911 2896 2121 4172 773
3568 2482 1744 1357 2472 1876 2744 4606 1576 4389 2766 3585 3382 3264 2007 2519 1920 3070 -1 2697 3837 796 2846 2709 2401 3197 1862 2260 3733 2424 2242 2334 2073 3776 -1 3868 3047 2663 -1 -1 2110 1740 3080 1365 -1 3293 2572 2815 2129 1938 3261 1147 2553 -1 3288 2787 2847 1701 2889 2567 4112 2224 3820 -1 3903 3904 4037 2747 2342 3056 2557 2202 2411 3665 3919 2031 2393 2666 2144 3606 2271 2501 1485 2008 3152 4185 -1 1794 3480 4070 3800 2804 3509 2480 3456 1633 973 1841 3892 2761
3413 3852 1507 2842 3640 2714 4229 4424 2946 5538 2413 3574 3463 2641 3287 2350 3200 3300 -1 4182 2703 2166 3083 2195 3569 4567 1509 3745 3864 2271 3107 3086 3982 3787 -1 4979 3197 2656 -1 -1 3595 1491 4282 2850 -1 3044 3852 3045 2396 1718 4499 2632 3615 -1 1821 2816 2092 1452 2669 3114 3863 3594 3901 -1 3550 3551 5050 4117 1989 2807 2337 3370 2146 3159 2785 3401 2543 3795 3009 4976 3641 2731 2970 3244 3270 3930 -1 3279 3432 3805 3631 1675 4034 2453 4941 1280 2458 2234 4218 2541
1132 3332 1528 1349 3232 2704 2736 4298 2967 5341 1504 3574 2798 2662 2183 2371 2096 2792 -1 3990 2724 2187 1504 2669 3161 3739 600 2773 3297 1966 2856 1890 2390 2757 -1 3608 1129 2104 -1 -1 2606 1512 3671 2933 -1 1383 2405 2993 2674 1308 3193 2687 1349 -1 2498 2837 988 1473 1077 2515 3146 2767 3619 -1 3571 2642 2982 4138 2010 1855 745 2962 1042 1853 1682 2881 475 2658 3030 4997 3662 2223 3025 3265 1678 3951 -1 3334 3200 2701 3652 1265 3125 1619 3357 1301 2541 2255 3666 949
4189 2428 2749 2912 3106 3225 3076 4317 3148 5816 2769 2726 3670 3714 2641 3153 2554 2748 -1 4252 3776 3211 2151 3316 3035 1860 2335 2894 1661 1643 2255 1663 3037 2939 -1 1796 2884 2513 -1 -1 3665 3089 4318 2783 -1 3802 3052 2652 2673 2291 3593 1781 3222 -1 2514 2624 2665 3050 1724 2738 4285 934 4583 -1 5564 3907 3708 1185 4003 3610 2357 2836 2260 2500 3858 1977 2230 3575 2157 5178 3843 2179 2119 2528 1677 3050 -1 2428 3191 3919 4434 2248 2219 3114 4090 3294 2528 3396 3451 1596
2251 3156 1930 2093 2287 2049 2257 4291 2329 5142 2500 3400 3046 1945 1822 2334 1735 2808 -1 3433 2957 2420 1332 2497 2216 3567 1596 2075 3548 824 2057 844 2218 4261 -1 3683 2145 2947 -1 -1 2846 1913 3499 2101 -1 3466 2233 2553 1944 1753 2774 962 2468 -1 3617 3238 1923 1874 905 2382 4265 115 3764 -1 4745 3638 2889 3072 3184 2871 1761 2017 1441 1681 3039 2728 1491 3029 1959 4359 3024 2239 1300 2474 1506 2904 -1 1609 3416 3100 3615 2188 1400 2295 3271 2475 1709 2577 4509 777
3728 2501 2736 1267 2382 2881 2654 3772 3119 5518 1681 3495 2975 3174 1917 2429 1830 2969 -1 2607 3747 1699 1681 2619 2311 3842 777 2170 3474 2143 2152 2244 2567 2934 -1 3778 1306 2281 -1 -1 2020 2745 3848 1275 -1 1560 2482 2725 2039 1485 3171 1057 3047 -1 3508 2697 1165 2706 1254 2477 3764 2243 3796 -1 5237 2819 3159 1971 3676 2032 922 2112 1219 2030 1859 2050 652 2576 2054 5149 3814 2400 1395 2911 1855 4293 -1 1704 3377 2878 3710 1442 3302 1796 3366 2967 883 1751 3802 1126
3715 2344 2579 1110 2225 3141 2497 4359 2962 4907 2747 1687 3036 3017 1760 2272 1673 2823 -1 2450 3590 1542 3069 2462 2154 3685 2251 2013 1639 2416 1995 2087 3659 3592 -1 3621 2800 2429 -1 -1 1863 2731 1891 1118 -1 3966 2325 2568 1882 1691 2199 900 3138 -1 2492 2540 2600 2692 2642 2320 4105 2086 3189 -1 5215 3885 3790 3010 3817 3420 2310 1955 2654 859 3672 1893 2146 2419 1897 4992 3305 2254 1238 2418 3243 4136 -1 1547 3233 4265 3553 2557 3371 1987 3209 3108 726 1594 3645 2514
4685 4435 3261 3011 4721 3527 4398 5518 2888 5701 3613 4200 4714 3454 2328 4104 2241 3934 -1 4963 3516 2749 3166 4205 4487 5380 3263 3261 4152 3258 3095 1403 4052 4820 -1 5835 4428 3975 -1 -1 4268 3245 4404 3623 -1 4578 2893 4765 2211 3472 4712 3396 4532 -1 5005 4570 3757 3206 2739 1546 5397 2549 5281 -1 5304 4751 5143 4700 3743 4561 2407 4451 3811 3372 3598 3984 3925 4320 2997 4918 3583 3885 3734 3961 3340 4799 -1 4043 4473 5136 5385 3429 3834 4207 2064 3034 3239 3809 5537 2611
2393 3254 2107 1857 3636 2373 3244 2521 1734 4547 2459 3453 3560 1179 2905 2950 3084 3004 -1 4498 2362 1825 2012 3177 3333 3550 1900 2584 2959 2871 3081 249 2201 3666 -1 4908 2429 2238 -1 -1 3114 2091 3482 3275 -1 2683 2216 2749 3045 2318 2608 2311 2610 -1 3759 3416 2288 2052 1585 3387 2489 2935 3598 -1 4150 3597 3501 3776 2589 3155 1253 3366 2342 2361 2444 2803 1775 3166 2983 3764 2429 2435 2649 3037 2049 4530 -1 2958 1395 3982 4231 2275 3598 2919 3383 1880 2883 2834 3800 1457
4421 2543 1825 2689 3823 3340 4076 4772 3052 5865 3354 1581 3735 3618 3035 4268 2948 3022 -1 4921 3680 3143 2844 2876 3752 3118 2450 3858 3787 2124 2370 2292 3730 1794 -1 5466 2999 2628 -1 -1 3946 3204 3205 2871 -1 4216 3600 2767 3077 1466 4533 3132 3337 -1 4013 2739 1840 3165 2417 2853 5205 2285 4959 -1 5246 4492 4400 4855 3907 3195 2085 3553 1894 3193 3762 2092 2345 2430 2272 5082 3747 2453 3470 2312 3018 2274 -1 3097 4137 3319 5549 1423 2911 2899 4759 3198 3197 2552 4190 2289
4622 3595 3830 2361 3476 3975 3748 4866 4213 5910 2775 4589 4069 4268 2199 3523 2112 3979 -1 3701 4841 2793 2775 3713 3405 4936 1871 3132 4047 3237 2966 3338 3661 4028 -1 4872 2400 3375 -1 -1 3114 3839 4299 2369 -1 2654 2764 3724 3133 2579 3202 2151 4141 -1 4602 3791 2259 3800 2348 1417 4858 3337 4192 -1 5538 3913 4253 3065 3977 3126 2016 3206 2313 3124 2953 3144 1746 3670 2868 6243 4908 3410 2489 3837 2949 4670 -1 2798 4471 3972 4804 2536 4396 2890 4460 3268 1977 537 2588 2220
3886 2624 2189 2677 3860 2321 1702 3736 3414 4927 3264 4465 3054 3644 3126 3909 3039 2992 -1 3826 4039 2461 1340 2505 3281 3030 2930 2064 3276 269 1822 3095 1681 4221 -1 4638 2602 3201 -1 -1 3500 2185 2962 2350 -1 3738 1696 4205 2510 2239 2219 2537 2161 -1 3310 3510 1931 2146 913 3796 4125 2366 3209 -1 5741 4402 3317 4027 3470 3183 2073 3590 1985 1689 3742 2173 3302 3810 3534 5353 4109 2423 2875 3673 1514 4549 -1 3184 3456 3310 5190 2196 3651 2947 2863 3471 2363 2916 4763 785
2224 2839 2016 1826 1263 206 3213 4440 2757 5149 2922 3133 2830 3150 1555 144 1468 2835 -1 3166 3167 2215 2864 2704 1949 3238 2018 1808 2996 2211 1790 1997 2697 4223 -1 2773 2750 1611 -1 -1 2579 2000 2076 1834 -1 3004 2120 2580 1677 1486 3730 695 2441 -1 2330 3035 2530 1961 2437 2115 4238 2253 4267 -1 3087 4041 4506 2805 2498 3215 2105 1750 741 3213 3294 2388 2096 2973 1692 4787 3452 2266 1033 3391 3038 4026 -1 1342 1226 2400 1425 2184 3538 2028 3004 1789 1442 2310 3173 2309
3906 3929 2854 1801 2500 3156 3188 3284 3322 5797 3446 3613 2506 3775 2147 4449 2060 3244 -1 4442 3851 2542 1956 1988 2429 4191 2542 3080 3261 1236 3308 2729 2842 4282 -1 4814 3091 3017 -1 -1 3058 2887 4123 2224 -1 4241 2712 4262 2189 578 3645 3173 3322 -1 3125 4077 952 2848 1529 4150 4987 3159 4071 -1 4358 3803 3933 4203 3541 2307 1197 2230 1006 2305 3933 3478 2437 3110 4170 5352 3486 2675 3511 3754 2130 4618 -1 3820 2908 2665 5730 535 4444 2011 4024 3379 3215 3581 4579 1401
2128 2701 1695 1655 3809 1961 3042 3771 1322 4135 1662 3762 2273 1888 2781 2501 2740 2211 -1 3775 1950 1413 559 2454 2921 3285 1244 2319 2956 152 1065 562 1936 1894 -1 4050 1773 2409 -1 -1 2912 583 3217 1593 -1 520 1951 2484 2459 1702 2978 2792 2345 -1 2468 1908 1632 1640 862 2682 1339 2731 3925 -1 3701 2800 3266 3364 2140 2499 1051 3539 1686 1638 2032 2538 1119 2887 2101 3352 2017 1642 2944 2625 1463 2532 -1 3143 1130 2529 3782 1863 3149 2263 3118 1431 2618 2422 3971 734
3164 3800 3092 1491 2972 3224 2878 1635 3772 5539 3181 3407 3412 3398 2019 4128 2475 3350 -1 2831 4470 2697 1698 3298 3739 3933 2632 2952 2073 2546 2998 2468 2584 3620 -1 5477 2960 3317 -1 -1 2244 3088 3689 1499 -1 3415 2584 3669 2159 1151 3395 2756 3064 -1 2926 4196 2262 3049 2102 1780 4119 1966 4385 -1 4931 4319 3675 4648 4042 2880 1770 3540 2225 2878 3714 3349 2507 2800 3231 5711 3173 2781 3094 2421 1163 3731 -1 1007 3025 3668 5338 1845 3251 2644 2669 3333 1107 1975 4026 1974
3387 1509 861 1328 3423 993 2715 4153 3212 3819 1936 3137 2499 2626 2669 3426 2582 3234 -1 4476 1837 2598 1990 2018 1953 2314 1086 3211 3230 1541 2473 1980 2876 2893 -1 4094 1615 281 -1 -1 3092 857 4157 3001 -1 1869 2891 2979 2219 1794 3232 2098 3356 -1 2897 2182 1474 818 1563 2468 3229 1251 2937 -1 4626 2711 3468 4116 3065 2173 1231 3153 1528 2293 2168 1058 961 2238 2375 4798 3907 2665 2436 3610 2164 4040 -1 2745 2901 3187 4707 1751 2536 1819 3843 2356 2845 1588 1843 1435
5388 4017 4252 2783 3898 4814 4170 6032 4635 7395 4828 5011 6201 4690 3433 3945 3346 4496 -1 4123 5263 3215 4663 4135 3827 5358 3924 3686 5159 4089 3668 3760 5332 6437 -1 5294 4473 4102 -1 -1 3536 4678 5877 2791 -1 5639 3998 4241 3555 3364 4687 2573 4811 -1 1762 4213 4273 4639 4236 3993 6000 3446 5677 -1 6888 5966 5463 4683 5490 4527 3983 3628 4327 5012 5345 3566 3819 4092 3570 6665 5330 3927 2911 4427 4837 5809 -1 3220 4906 5938 5226 4230 4731 3906 4882 4781 2399 3267 5318 4108
-1 -1 -1 -1 -1 -1 -1 -1 -1 -1 -1 -1 -1 -1 -1 -1 -1 -1 -1 -1 -1 -1 -1 -1 -1 -1 -1 -1 -1 -1 -1 -1 -1 -1 -1 -1 -1 -1 -1 -1 -1 -1 -1 -1 -1 -1 -1 -1 -1 -1 -1 -1 -1 -1 -1 -1 -1 -1 -1 -1 -1 -1 -1 -1 -1 -1 -1 -1 -1 -1 -1 -1 -1 -1 -1 -1 -1 -1 -1 -1 -1 -1 -1 -1 -1 -1 -1 -1 -1 -1 -1 -1 -1 -1 -1 -1 -1 -1 -1 -1
3805 3565 1198 2765 3616 1330 3311 3504 2569 4068 2176 1969 2836 2591 3338 3678 3251 2580 -1 4105 3197 2660 2786 2355 785 2651 1272 1686 3159 1878 164 1661 3290 3230 -1 3294 3562 2724 -1 -1 3518 1194 4571 692 -1 2747 3305 2330 2556 2313 3828 2844 2900 -1 4012 2519 2362 1155 2522 2805 3566 1997 3274 -1 4878 3314 3295 2683 3317 2510 2298 3346 1865 3298 3279 3114 2908 2818 2712 3108 3264 2016 3182 2700 1769 2891 -1 2281 2807 3318 4959 2319 1806 1906 3943 2608 2381 1925 1194 2394
5775 4094 3446 3913 4699 3578 3591 5135 5303 6404 4521 5708 4705 5211 2954 5568 2867 4719 -1 5715 4422 3534 3229 2795 4538 4899 3671 3887 4068 2158 3711 4565 3570 5478 -1 6458 4200 2866 -1 -1 5159 3442 4851 4239 -1 4454 3519 5404 2996 2777 4108 4196 4050 -1 3932 4767 1759 3403 2802 5053 5814 3836 5098 -1 6557 5296 5206 5485 4348 4506 3396 4429 1813 3578 4753 3643 3546 4823 4960 7242 5685 4312 4534 4746 3403 5425 -1 4843 5107 3472 6831 2734 5121 4210 4752 4941 4022 4173 4428 2674
3687 1809 1161 1628 3723 1293 3015 3831 3512 4119 2236 3437 2799 2926 2969 3726 2882 3534 -1 3705 2137 2898 2290 2318 2253 2614 1386 3511 3530 1841 2773 2280 3176 3193 -1 4394 1915 581 -1 -1 3118 1157 4457 2373 -1 2169 3191 3279 2519 2094 3532 2398 3656 -1 3197 2482 1774 1118 1863 2768 3529 1551 3237 -1 4926 3011 3768 4416 3358 2473 1531 3453 1828 2593 2468 1358 1261 2538 2675 5098 4207 2965 2736 3910 2464 4340 -1 3045 3201 3487 5007 2051 2836 2119 4143 2656 1981 1888 2143 1735
-1 -1 -1 -1 -1 -1 -1 -1 -1 -1 -1 -1 -1 -1 -1 -1 -1 -1 -1 -1 -1 -1 -1 -1 -1 -1 -1 -1 -1 -1 -1 -1 -1 -1 -1 -1 -1 -1 -1 -1 -1 -1 -1 -1 -1 -1 -1 -1 -1 -1 -1 -1 -1 -1 -1 -1 -1 -1 -1 -1 -1 -1 -1 -1 -1 -1 -1 -1 -1 -1 -1 -1 -1 -1 -1 -1 -1 -1 -1 -1 -1 -1 -1 -1 -1 -1 -1 -1 -1 -1 -1 -1 -1 -1 -1 -1 -1 -1 -1 -1
4592 3223 2891 2416 3186 3023 3803 3970 4008 5849 3259 4299 3192 3954 1441 4055 1354 3206 -1 4233 3867 2021 2642 1282 3115 4344 2355 2374 2555 1922 3778 3108 3528 4764 -1 4945 3645 2311 -1 -1 3646 2887 4809 2901 -1 3899 2006 3891 1483 1264 4265 2683 4008 -1 2419 3525 246 2848 2215 3626 5259 2965 4757 -1 5044 4397 4619 3972 2835 2993 1883 2916 300 2925 4117 2772 2991 3725 3680 6038 4172 3361 3021 3233 2816 3912 -1 3330 3594 1959 5318 1221 4250 2697 4144 3667 2509 3081 3873 2087
3514 2968 2320 2787 3225 2452 3975 3987 3184 5278 1497 2789 3958 3215 2729 1434 2642 2384 -1 5048 3277 2740 2421 3156 3154 3773 593 3662 4422 2014 2927 2424 3798 3002 -1 4063 3074 1740 -1 -1 4239 2316 3366 3063 -1 2382 3294 2129 3357 2161 4492 2680 2699 -1 3848 3641 2161 2277 2623 3927 3201 2710 4396 -1 2634 2635 4607 4691 1073 3632 2378 2955 2215 3399 3359 2517 2420 3638 3677 5214 3879 1815 3018 2328 3224 3014 -1 3327 2516 3826 2715 2118 3118 2558 4980 364 3427 3047 3302 2495
-1 -1 -1 -1 -1 -1 -1 -1 -1 -1 -1 -1 -1 -1 -1 -1 -1 -1 -1 -1 -1 -1 -1 -1 -1 -1 -1 -1 -1 -1 -1 -1 -1 -1 -1 -1 -1 -1 -1 -1 -1 -1 -1 -1 -1 -1 -1 -1 -1 -1 -1 -1 -1 -1 -1 -1 -1 -1 -1 -1 -1 -1 -1 -1 -1 -1 -1 -1 -1 -1 -1 -1 -1 -1 -1 -1 -1 -1 -1 -1 -1 -1 -1 -1 -1 -1 -1 -1 -1 -1 -1 -1 -1 -1 -1 -1 -1 -1 -1 -1
4306 3236 1290 2850 3288 3119 4237 5147 2517 5330 3242 1046 3200 3083 3580 3733 3493 3715 -1 5080 3145 2608 2615 3066 3217 3957 2892 4101 4480 2669 2643 1757 3891 1259 -1 5709 3692 2407 -1 -1 4107 2838 5172 2336 -1 3995 3906 3329 3267 2011 4682 2988 3899 -1 4558 3432 2385 2835 2578 2897 4829 2141 5063 -1 4933 4380 4915 4545 3372 3740 2246 3018 2439 3354 3227 2785 3038 1895 2545 4547 3212 3146 3326 1777 3179 4930 -1 3635 3602 4098 5014 1968 3426 3217 5073 2663 3356 2017 3969 2450
2109 2970 3165 3646 3148 3297 3882 3849 3793 5557 3781 4261 709 1978 3065 3731 2978 2720 -1 5045 1929 3157 2957 3492 3077 3527 2877 3700 4214 1350 2797 2469 3843 4365 -1 5308 3426 2859 -1 -1 4458 3054 4513 3325 -1 2991 3630 2465 3569 2497 3725 2587 2326 -1 3475 3166 2497 3122 2530 3280 3810 1740 4715 -1 6172 4919 4514 4697 4611 4152 3042 2878 2551 2385 4306 2519 2772 1465 2699 3008 2765 2151 2925 4099 3131 4529 -1 3221 1111 4162 5012 2454 3025 3806 4883 3902 3321 3892 2826 2402
4097 3529 1162 2866 3580 1294 3275 4917 2533 5205 2237 3438 2800 3099 3551 3749 3464 4243 -1 5053 3161 2624 2750 2319 2254 2615 2908 3637 3531 1842 2774 1773 3254 3194 -1 4313 3526 3479 -1 -1 4123 1158 4535 3302 -1 2711 3269 4157 2520 2277 3792 2808 3734 -1 4350 2483 2832 1119 2486 2769 3530 1961 3238 -1 4949 3375 4735 4417 3388 2474 2262 3310 1829 3262 3243 3078 2872 3462 2676 4563 3228 3740 3146 3836 1733 4723 -1 3455 3202 3488 5030 2415 3246 2120 4436 2679 3329 1889 3940 2358
3148 1270 1935 1946 3184 2067 3154 4232 3226 4658 2081 4211 3454 2842 2094 3231 2007 1749 -1 3648 2911 2743 2101 2521 3027 3388 1177 2619 2514 1518 1097 1741 2987 3967 -1 4227 1726 1355 -1 -1 3061 1931 4268 1625 -1 2943 2659 1494 2722 1526 3671 1859 2064 -1 3213 1466 1526 1892 1674 1580 3932 1012 4011 -1 5007 3219 3579 3616 4081 2452 1342 2914 1580 2450 3242 819 1072 3255 999 5256 3921 1180 2197 3371 2275 3801 -1 1824 3516 3191 4512 1483 2297 2216 3486 3372 1924 2662 2917 1546
3496 1647 1968 2131 2325 2444 2295 4080 2367 5035 2458 1945 3084 2933 1860 2372 1773 1967 -1 3471 2995 2430 1370 2535 2254 1079 1554 2113 2891 862 1474 882 2256 2158 -1 3721 2103 1732 -1 -1 2884 2308 3537 2002 -1 3021 2271 1871 1892 1621 2812 1000 2441 -1 3590 1843 1903 2269 943 1957 4309 153 3802 -1 4783 3596 2927 3110 3222 2829 1719 2055 1479 1719 3077 1196 1449 2794 1376 4397 3062 1398 1338 2512 896 2269 -1 1647 3454 3138 3653 1578 1438 2333 3309 2513 1747 2615 3294 815
3666 3120 2472 2177 2876 2604 3564 3660 3336 5430 1649 2941 2699 3367 2523 1586 2436 2536 -1 4818 3429 2892 2332 2218 2805 3925 745 3456 3637 1612 3079 2576 3218 3093 -1 4215 2433 1892 -1 -1 3434 2468 3518 2600 -1 2534 3088 2281 2419 954 4021 2832 2851 -1 3501 3793 1328 2429 1905 3819 3353 2862 3137 -1 2786 2787 4286 4579 1225 2683 1573 2606 1382 2681 3393 2669 1779 3455 3829 4998 3862 1967 3170 2480 2506 3166 -1 3479 2668 3041 2867 911 3270 2387 4400 516 3579 3199 3454 1777
3605 2234 2469 1000 2115 3031 2387 4249 2852 5612 3045 3228 4418 2907 1650 2162 1563 2713 -1 2340 3480 1432 2959 2352 2044 3575 2141 1903 3376 2306 1885 1977 3549 4654 -1 3511 2690 2319 -1 -1 1753 2895 4094 1008 -1 3856 2215 2458 1772 1581 2904 790 3028 -1 4177 2430 2490 2856 2532 2210 4217 1976 3894 -1 5105 4183 3680 2900 3707 3310 2200 1845 2544 3308 3562 1783 2036 2309 1787 4882 3547 2144 1128 2644 3133 4026 -1 1437 3123 4155 3443 2447 3261 2123 3099 2998 616 1484 3535 2404
4294 4930 4222 2621 4102 4354 4008 2765 4902 6669 4253 4537 4542 4528 3149 4190 3605 4480 -1 3961 5600 3827 2828 4428 4869 5063 3349 4082 3203 3676 4128 3598 3714 4750 -1 6607 4090 4447 -1 -1 3374 4218 4819 2629 -1 4545 3714 4799 3289 2281 4525 3886 4194 -1 4056 5326 3392 4179 3232 2910 5249 3096 5515 -1 5390 5391 4805 5778 3829 4010 2900 4670 3355 4008 4844 4479 3637 3930 4361 6841 4303 3911 4224 3551 2293 4861 -1 2137 4155 4798 5471 2975 4381 3774 3799 3120 2237 3105 5156 3104
2161 3174 2089 1963 1969 2221 3188 632 2769 4536 2178 3920 2409 2876 1016 3125 2193 2347 -1 3303 3629 1694 695 2295 2736 2930 1629 1949 1070 1543 2848 1775 1581 3786 -1 4474 1957 2810 -1 -1 2716 2085 2686 1971 -1 2412 1581 2666 1156 885 3705 1753 2061 -1 1923 3393 1259 2046 1760 1498 3116 1046 4165 -1 4600 3316 2672 3645 3039 2538 1428 2537 1313 2536 2711 2746 1504 3165 2750 4708 2170 1778 2091 2906 160 3487 -1 2400 2022 2665 4335 842 2331 2302 2763 2330 1579 2447 4372 1632
3915 2606 2257 2550 2744 3175 2714 4229 2786 5599 2957 2013 3503 3352 2279 2791 2192 3085 -1 3890 3076 2877 1789 2954 2673 4024 2053 2532 3850 1281 2433 1301 2675 2226 -1 4140 2602 2691 -1 -1 3303 3039 3956 2558 -1 4138 2690 2830 2401 2210 3231 1419 3155 -1 4304 2802 2380 3000 1362 2839 4808 572 4221 -1 4931 4095 3346 3529 3370 3328 2218 2474 1898 2138 3496 2155 1948 2862 2335 4816 3481 2516 1757 1027 1963 2337 -1 2066 3873 3382 4072 2645 1857 2467 3728 2661 2166 2690 4253 1234
4851 4799 3699 2641 4825 3831 4028 3562 4379 6146 4774 4703 4019 5129 3767 3792 4004 3957 -1 4791 5191 3426 2305 3470 4754 4540 4459 3574 4786 3862 4148 4352 3191 4916 -1 6148 3567 3654 -1 -1 3898 3695 4472 4265 -1 5242 3206 5629 3475 3204 3994 4047 3671 -1 4820 5020 2896 3656 1878 4953 5827 4155 4911 -1 6706 5644 4282 5537 2987 4148 2037 4555 2950 2654 4707 4431 4334 3950 5044 6318 5074 3388 4385 4638 2479 6238 -1 4694 4421 4275 5073 3161 5112 3912 4373 4436 3873 4426 5216 1750
3939 2856 2208 2219 2533 2340 3606 4553 3796 5166 2018 3646 2539 3808 2024 4638 1937 443 -1 3871 3184 1954 2374 1215 2462 3661 1450 2957 2787 2505 3541 3041 3260 4240 -1 5062 1999 1628 -1 -1 3284 2204 4541 2539 -1 3216 2589 3413 1416 1847 4063 3266 3740 -1 3002 1739 829 2165 1947 2820 4205 2598 4284 -1 5280 3156 3852 3905 3418 2725 1615 2263 883 2723 3515 2405 1345 3528 3722 5826 3519 3093 3604 3166 2548 4495 -1 2047 2941 2542 5251 1804 3883 2489 3709 3600 2147 2935 3190 1819
3507 3115 2029 806 3481 2161 2193 4227 3035 4802 3104 4305 2675 3800 1932 4075 2660 2249 -1 3447 3895 1855 961 2126 3121 3196 2853 2230 3442 2518 2313 2640 1847 4061 -1 4804 2223 3031 -1 -1 2063 2025 3128 2841 -1 3578 1862 3794 2131 1860 2650 2703 2327 -1 3476 3142 1552 1986 534 3609 3992 2224 3076 -1 5362 2808 2938 3806 3636 1312 202 3211 1606 1310 3363 2664 2748 2115 3543 4974 3730 1680 3041 3067 1135 4403 -1 3350 3077 2931 5152 1817 3509 1076 3029 3092 2529 2756 4593 406
4491 2813 2505 2619 3318 2962 3638 3785 3710 5841 3029 2261 3324 4159 2446 3715 2359 4062 -1 4814 3859 1127 2713 2287 3247 4142 2125 3379 3462 166 3095 2225 3599 2474 -1 5064 2674 2303 -1 -1 3876 2826 4880 3042 -1 3822 3011 3934 2488 1396 4155 2343 4079 -1 3424 2414 1251 2787 2286 3763 3805 1496 4889 -1 5043 4167 4270 3078 3482 3125 2015 3048 1305 3062 4190 2362 2020 2080 3340 5740 4304 3493 2681 2339 2887 4285 -1 2990 3726 2964 4424 1353 2781 348 4652 2773 3090 3232 3865 2158
4362 3997 3349 2689 4170 3481 4076 2833 4736 4541 4205 4605 4335 3348 2975 4695 2888 2630 -1 4029 4325 3689 2896 3402 3955 4802 3574 3908 3271 3065 3334 3251 3782 4818 -1 6224 4103 2769 -1 -1 3442 3345 4887 2697 -1 4357 3540 2375 3357 2349 4593 3954 2945 -1 4094 3926 2407 3306 3300 2978 5317 3156 5425 -1 6129 5199 4873 5613 4996 4078 2968 4059 2461 4076 4656 3546 3449 3998 4429 6278 4371 2061 4292 3619 2361 4929 -1 2205 4223 3934 5627 2364 4441 3840 3867 4506 2305 3173 1810 3172
3067 2852 1448 1408 3581 1714 2795 3705 1075 3888 1800 3515 2901 1641 2534 2291 3141 2851 -1 4049 1703 1166 1563 2728 2674 3567 1450 2832 3805 2212 2915 315 2449 3728 -1 4920 2825 2162 -1 -1 2665 1432 3730 3036 -1 2765 2464 2983 2733 1659 3252 2773 2929 -1 3658 2757 2033 1393 1136 2806 3584 2594 3678 -1 3491 2938 3540 3117 1930 2748 804 3311 2087 1912 1785 2401 2484 2717 2950 3105 1770 2282 3111 2378 1737 3871 -1 3420 3303 3533 3572 1616 3879 2394 3631 1221 2644 2175 3724 1008
3391 2823 456 2794 3427 588 2569 4211 2807 4499 1531 2732 2094 3085 2845 3474 2758 3537 -1 4347 3314 2193 2044 1613 1548 1909 2291 2931 2825 1136 2068 1806 2548 2488 -1 3607 2820 2773 -1 -1 3760 452 3829 2596 -1 2005 2563 3451 1814 1571 3086 2102 3028 -1 3644 1777 2126 413 1780 2063 2824 1255 2532 -1 5186 2669 4029 3711 3556 1768 2190 3157 1123 2556 2788 2372 2166 2756 1970 4393 3502 3127 2440 3405 1027 4017 -1 2749 2496 2782 4755 1709 2540 1414 3730 2916 2623 1183 3234 1652
5051 5912 5542 5003 6090 5674 6390 5742 6735 8499 6398 7203 3651 4920 5795 6673 5708 4823 -1 6343 4871 6099 5899 5595 6019 6469 5767 6642 6152 4292 5739 5411 6785 6931 -1 8250 6296 4962 -1 -1 5756 5538 7455 5011 -1 5933 6360 4568 5796 4600 6667 5529 5138 -1 6287 6108 4600 5499 5472 5292 6752 4682 7618 -1 8380 7392 7303 7639 7189 6329 5219 5820 4654 5327 6849 5461 5642 4407 5641 5950 5707 4254 5867 7041 6073 7471 -1 4519 4053 5556 7249 4557 5967 6033 6181 6844 4619 5487 3432 5344
3382 3648 1742 2563 4153 357 3950 4620 2576 4268 1300 2501 2436 3142 3102 3755 3015 3465 -1 5029 3204 1962 1813 3122 1317 4539 2383 3359 2594 1001 1837 1575 3190 3148 -1 4967 2932 2542 -1 -1 3710 221 4130 2365 -1 1774 3205 3220 3323 1340 4232 3178 3599 -1 3447 1546 2086 182 2116 2320 2593 2331 4833 -1 4955 2438 4520 3913 3325 1537 1959 3883 892 2892 3286 3197 2278 2525 1739 4606 3271 2896 3516 3174 2717 3786 -1 3825 2384 2551 5036 2188 3616 1183 4372 2685 3390 2469 4104 1988
4424 2984 1279 2790 3489 2486 3809 3975 2718 5310 2342 3338 3478 2413 3136 3845 3049 4233 -1 4245 2475 1298 2855 2977 3418 4339 2296 3627 3633 2043 2879 2396 3770 3559 -1 5235 2845 2474 -1 -1 3658 1263 423 2913 -1 2816 3701 4105 2536 1567 4271 2514 4250 -1 4114 2585 1941 1224 2457 2886 3635 1667 4962 -1 5045 3480 4441 3249 3484 2579 2186 3219 1995 2931 2557 2533 2191 3567 2781 4748 3413 3664 2852 2510 3058 4456 -1 2421 3426 3654 4595 1524 2952 519 2389 2775 2521 2006 4036 2329
4798 2995 3179 3139 4554 2155 4216 3359 2806 5619 3531 4395 3974 3372 3743 4022 3958 2464 -1 4555 3434 2856 3294 3108 3780 3529 3181 1857 3330 3312 3924 2046 4180 4608 -1 3465 4403 3613 -1 -1 3968 3163 5413 3223 -1 4496 4195 4321 3309 2875 4733 3450 4660 -1 4183 4143 2850 3124 2867 3504 5315 2603 5409 -1 5222 4669 5271 2854 3661 4479 2535 4284 2690 3643 3516 3646 3749 4448 3826 4836 3501 3848 3788 4064 2887 4719 -1 2731 3838 4349 5303 3082 3888 2077 4393 2952 2831 3699 5120 2739
-1 -1 -1 -1 -1 -1 -1 -1 -1 -1 -1 -1 -1 -1 -1 -1 -1 -1 -1 -1 -1 -1 -1 -1 -1 -1 -1 -1 -1 -1 -1 -1 -1 -1 -1 -1 -1 -1 -1 -1 -1 -1 -1 -1 -1 -1 -1 -1 -1 -1 -1 -1 -1 -1 -1 -1 -1 -1 -1 -1 -1 -1 -1 -1 -1 -1 -1 -1 -1 -1 -1 -1 -1 -1 -1 -1 -1 -1 -1 -1 -1 -1 -1 -1 -1 -1 -1 -1 -1 -1 -1 -1 -1 -1 -1 -1 -1 -1 -1 -1
-1 -1 -1 -1 -1 -1 -1 -1 -1 -1 -1 -1 -1 -1 -1 -1 -1 -1 -1 -1 -1 -1 -1 -1 -1 -1 -1 -1 -1 -1 -1 -1 -1 -1 -1 -1 -1 -1 -1 -1 -1 -1 -1 -1 -1 -1 -1 -1 -1 -1 -1 -1 -1 -1 -1 -1 -1 -1 -1 -1 -1 -1 -1 -1 -1 -1 -1 -1 -1 -1 -1 -1 -1 -1 -1 -1 -1 -1 -1 -1 -1 -1 -1 -1 -1 -1 -1 -1 -1 -1 -1 -1 -1 -1 -1 -1 -1 -1 -1 -1
