100
3424 2780 3733 1102 2679 2813 1295 2729 2352 2733 1735 -1 2677 -1 3014 2997 1582 3257 1949 2382 2624 2486 -1 639 2748 2356 4004 3052 2704 1489 758 1979 1843 2112 2840 2257 3322 1915 1798 1699 2225 1552 2204 3823 1822 3415 1391 1754 2277 2806 3447 2651 3251 2961 -1 2348 -1 2540 3286 1857 4190 2485 2388 2344 2547 2236 3269 3838 3281 2216 3403 3080 1228 2360 2317 -1 2098 4935 1392 3254 2556 2859 -1 -1 3675 1897 2821 3996 1772 3092 2826 1976 997 1616 2152 3290 2137 3281 2486 2694
2100 1525 2395 2995 3525 1756 1183 -1 1439 1821 2288 1426 2482 3153 2736 -1 2571 2876 1099 3995 3022 2604 2866 1567 2065 574 -1 2826 4276 2939 2002 2392 -1 2219 1649 2191 2829 2949 3031 1624 1602 2590 1282 2903 2912 2202 2239 2336 1844 2994 2514 2648 2349 1999 5679 2130 3073 2153 1663 3530 2679 2120 -1 2636 2329 3580 2392 2163 1955 2510 -1 1543 1660 3768 3296 3564 3004 1911 3409 270 2221 2157 2651 3661 3046 2918 2259 2270 -1 1783 2380 3438 2186 2487 1032 2587 2219 1751 2156 5233
3440 1715 2612 1801 2824 2091 1705 3347 3312 2014 3683 -1 3576 -1 1924 2028 1990 1601 2856 2420 1179 3529 -1 1359 3099 1825 2170 1098 2034 4148 2145 2836 2091 2544 1158 2146 1597 2519 1202 1753 2467 1527 3372 1987 3243 1776 1198 1518 2265 2542 2782 2151 2727 1786 -1 1888 -1 2475 1684 3081 2358 3206 1568 3288 2871 2306 2889 1125 802 1502 245 1746 1634 2897 3031 -1 3681 2507 3773 3032 2306 2489 -1 -1 2537 2059 3181 1942 3151 2984 1427 2623 2651 1427 2653 358 3640 3301 2863 2580
900 1064 2542 1557 1916 2305 1406 -1 559 2262 3251 1653 1248 1953 2169 -1 1987 2445 999 2168 3023 3006 2163 1246 1211 2015 -1 924 2155 1528 2698 2300 -1 1531 3030 3299 1638 1717 2877 2332 987 2373 1994 2874 2325 2702 2164 3298 2420 3497 1569 2052 3350 2662 1427 2571 2497 2435 2590 4259 1382 3507 -1 3099 1605 3859 2346 1835 2160 4342 -1 2308 1340 2616 2711 2423 2442 1132 3070 1728 1713 2277 3247 2334 2547 2369 3159 2504 -1 2382 2016 2445 1612 3254 2540 2074 3080 2730 2436 1088
0 2647 4682 4344 3395 4760 4340 4089 4165 4261 4380 -1 4979 -1 5316 4824 3287 4824 4584 3966 3256 958 -1 4217 5482 3210 4122 4946 4295 3651 4336 3806 3410 2931 4825 3765 4906 3742 4709 3479 4024 3332 4029 5201 4556 4905 5087 4996 3014 4851 5435 4053 3883 4489 -1 3688 -1 4313 4870 4928 4619 3698 4008 3852 1511 3803 5028 5637 2638 4176 3195 4281 3390 4133 4362 -1 5654 6451 2502 4203 3791 3504 -1 -1 5817 5237 4806 2917 4681 4452 2935 2795 4693 4251 4497 3082 3843 3926 3306 5017
3485 0 3382 2063 2241 2746 2836 1442 2596 2476 1955 -1 3378 -1 2669 3241 640 2177 2115 1541 609 2762 -1 2534 3112 563 4248 2299 2643 1999 1719 2223 763 2051 2726 2242 2481 2159 2062 1896 1599 1749 2409 2554 2523 3754 2440 2715 1869 2739 4261 1810 1236 2704 -1 2005 -1 1666 2445 2906 5032 1051 2325 2329 2604 1156 2603 3212 1994 1707 1543 2637 1738 1486 2250 -1 3147 4768 2062 2903 2306 1852 -1 -1 3861 2590 2707 4506 2256 1805 288 1915 2046 1782 2318 1430 2334 2274 1686 2593
4113 4746 0 3617 2727 1732 3365 2745 1430 2089 2788 -1 4211 -1 2611 2075 622 3010 1993 2374 2469 3747 -1 3307 3262 1396 3082 3563 3384 3234 3426 1057 1596 2792 2950 2520 3314 993 3197 2810 2432 2663 1294 3811 3221 3431 2990 2947 2039 2976 5242 2643 3096 2317 -1 3383 -1 1713 2504 3953 4651 2308 3098 1919 2163 1989 2662 4045 3297 2930 3403 2861 2973 3195 2487 -1 3697 4035 2895 2344 2816 3029 -1 -1 4694 3847 467 4907 2787 3108 2889 2656 2963 3005 2196 3290 3248 3451 2226 3692
4170 5403 3538 0 3945 2568 2451 2578 3764 4423 2481 -1 3534 -1 4379 4409 2127 5064 1076 3747 2900 3460 -1 2004 3776 3450 5416 3963 3342 1945 2123 3391 3650 1938 4455 3413 4687 3327 2954 3064 4077 2917 3277 3440 2850 3264 3430 652 3067 3119 3222 1966 3527 4651 -1 1475 -1 4047 4651 3039 3088 3737 1795 3196 2760 4043 4297 4376 3130 4219 3687 4220 2593 3028 3682 -1 4137 4238 2757 3059 3482 3172 -1 -1 4936 5276 3611 4131 3137 2941 3175 3953 4933 743 1279 3574 3502 3594 2554 3270
4867 5378 4230 3164 0 3063 1119 2553 2567 3226 3178 -1 4231 -1 4224 3212 1671 3732 1773 3096 2164 3959 -1 2701 2572 2118 4219 2876 3349 2642 2820 2194 2318 2757 1852 2081 4036 2130 1622 3361 3154 1720 3240 4109 1646 3239 3316 3816 2984 3188 3919 2663 2791 3454 -1 2172 -1 2850 3641 1707 4501 2606 2492 2168 3452 2711 3093 3967 3105 3262 2765 3073 2960 3003 2699 -1 3991 3381 3063 3751 3761 3074 -1 -1 5416 4145 1833 2799 3811 2916 1843 2621 3601 1440 1276 2985 3799 3496 2551 3267
3788 4464 2736 2920 2939 0 3534 3371 3588 3174 3757 -1 4266 -1 4471 4425 1591 3979 3251 3343 912 3861 -1 3220 4133 2365 5432 3702 2946 2302 3339 3407 2565 2354 3919 2433 4283 3343 3592 3632 3401 3485 1207 3252 3207 4057 3953 3572 2440 3042 5397 2704 1539 3402 -1 2703 -1 2676 3467 3984 5440 1749 3011 2520 2418 2958 3625 5014 3923 2843 1846 3731 2041 3821 2553 -1 4628 5256 3409 2257 3369 2155 -1 -1 5240 3288 3203 4809 3872 3734 3068 2218 3932 2918 3454 1733 4070 2577 2947 4522
3748 4259 3111 2045 2039 1944 0 1434 2872 4001 2059 -1 3112 -1 3957 3987 552 3871 654 2817 2303 2840 -1 1582 1453 2257 4300 1757 2230 1523 1701 2969 2457 1638 2043 962 3757 2905 503 2642 2875 2495 2827 3199 527 2120 3008 2697 1865 2069 2800 1544 2930 4229 -1 1053 -1 3280 3721 2617 3571 2745 1373 1049 2333 2850 1974 4159 1986 3027 2543 1954 2066 1884 1580 -1 2872 3816 2335 2632 2642 2122 -1 -1 4426 3089 2024 3349 2715 1797 1982 1502 3824 321 857 2430 3080 2544 2132 2585
5911 2825 4122 2030 2872 4011 2586 0 3583 4006 4313 -1 4118 -1 3700 4398 2711 4535 3106 2281 3035 4044 -1 1993 3965 3388 4792 2249 2583 2843 2088 3380 3121 3105 3685 1206 3221 3316 3015 3053 2644 2906 2660 5146 3039 3399 3419 2682 4234 3380 4768 2550 3662 4092 -1 3021 -1 3558 3185 3174 5118 3643 1784 1293 1256 3514 3343 4257 2929 3073 3486 3596 2582 450 2891 -1 4126 5784 2247 3643 3046 3433 -1 -1 4927 4496 3666 4266 3126 363 3113 2969 3596 2773 1414 3373 3491 2309 2689 1151
4981 5350 3598 4074 2363 3645 3018 3248 0 2592 3908 -1 3337 -1 4532 2578 2340 4185 3672 3494 3701 4871 -1 3611 3765 2571 3585 3291 3887 2982 3730 1560 2771 3295 4215 3155 4434 1496 3521 3313 3552 3166 3005 4655 3545 3934 2626 3450 2542 3638 4829 3573 4328 2820 -1 3082 -1 2216 2140 3606 5468 3483 3402 489 2880 3164 2298 5165 2510 3704 3067 3809 2721 3595 3149 -1 3333 4538 2429 3119 3319 3376 -1 -1 5384 4494 4065 4698 3290 3611 3742 3159 3787 3339 3175 2954 3751 3798 2729 2315
3323 3912 3716 1528 3344 2550 3496 2846 1937 0 2967 -1 2751 -1 1940 2696 1769 3255 2453 2296 1738 3891 -1 2565 3713 1692 3703 1792 1295 2029 2684 1678 1841 703 3228 2293 3236 1614 3045 1351 2611 1204 3042 3560 2934 3245 3611 2180 1601 2543 3783 2527 2365 228 -1 2036 -1 2334 3125 3379 4554 2180 2356 2380 2968 2234 3283 3945 3398 2836 2672 3139 1768 1537 2054 -1 3392 4656 2547 3237 2699 2596 -1 -1 3589 3719 3209 4536 698 3209 1417 567 3208 2120 2656 2559 1789 2538 2815 1620
1689 3977 4104 3182 4511 3168 3208 3271 3895 3562 0 -1 1998 -1 5478 5778 2693 5342 3117 3864 4080 1653 -1 3708 4199 4207 5599 4267 4065 3987 3240 4760 3928 2661 4723 3708 4804 4696 3249 4433 3922 4286 3330 4178 3273 4802 5134 3834 2912 3161 5205 2532 4707 3790 -1 4261 -1 4203 4768 3796 5976 3951 3499 3795 812 4321 4720 5535 3823 3675 4380 3850 3726 3721 2672 -1 2384 5221 1803 3625 1946 2914 -1 -1 5547 3008 4020 4606 4260 3634 3932 2525 5295 3529 3320 4267 4538 3336 2607 4326
-1 -1 -1 -1 -1 -1 -1 -1 -1 -1 -1 -1 -1 -1 -1 -1 -1 -1 -1 -1 -1 -1 -1 -1 -1 -1 -1 -1 -1 -1 -1 -1 -1 -1 -1 -1 -1 -1 -1 -1 -1 -1 -1 -1 -1 -1 -1 -1 -1 -1 -1 -1 -1 -1 -1 -1 -1 -1 -1 -1 -1 -1 -1 -1 -1 -1 -1 -1 -1 -1 -1 -1 -1 -1 -1 -1 -1 -1 -1 -1 -1 -1 -1 -1 -1 -1 -1 -1 -1 -1 -1 -1 -1 -1 -1 -1 -1 -1 -1 -1
5355 4274 5524 3912 4158 4744 4808 2222 4782 5441 3666 -1 0 -1 4506 5427 3854 5139 3664 3998 4208 4670 -1 3449 4583 3932 6376 4471 3879 2752 3568 4409 3725 3570 3916 2662 4938 4345 3805 4020 2607 3935 1436 5440 3657 2908 4421 4564 4699 4737 6514 4189 4835 3706 -1 3558 -1 4524 3935 5396 5669 4650 3240 2749 3478 3729 4093 4220 2774 4117 3331 2379 2491 2672 4248 -1 3853 6321 4202 5045 3819 3640 -1 -1 5795 4789 3897 5049 3264 2585 4093 3703 4703 4192 3636 3218 4458 4062 713 3373
-1 -1 -1 -1 -1 -1 -1 -1 -1 -1 -1 -1 -1 -1 -1 -1 -1 -1 -1 -1 -1 -1 -1 -1 -1 -1 -1 -1 -1 -1 -1 -1 -1 -1 -1 -1 -1 -1 -1 -1 -1 -1 -1 -1 -1 -1 -1 -1 -1 -1 -1 -1 -1 -1 -1 -1 -1 -1 -1 -1 -1 -1 -1 -1 -1 -1 -1 -1 -1 -1 -1 -1 -1 -1 -1 -1 -1 -1 -1 -1 -1 -1 -1 -1 -1 -1 -1 -1 -1 -1 -1 -1 -1 -1 -1 -1 -1 -1 -1 -1
4807 4297 4109 3012 3099 4604 4218 1834 3421 4630 3526 -1 3226 -1 0 4616 2698 4790 3908 3780 3222 3354 -1 3827 3966 3176 5623 4047 2779 2135 3288 3598 3376 2187 4479 3040 4720 3534 3425 3465 3170 3318 3978 5167 3040 5233 4984 3664 3316 3690 5897 2537 3849 3566 -1 4121 -1 3829 4498 4806 6100 3664 3618 3127 2840 3769 4487 4783 4763 3500 1679 2699 1874 2284 4108 -1 5647 6480 3831 3630 3202 1988 -1 -1 5073 5203 4460 4642 3378 2197 2901 2051 4710 3575 3248 1566 3903 2410 3255 2985
3337 3926 3730 1542 1291 2564 2410 2860 1951 14 2981 -1 2765 -1 1954 0 1783 3269 2467 2310 1752 3875 -1 2579 3727 1706 3717 1806 1309 2043 2698 1692 1855 717 3143 2307 3250 1628 2913 1365 2625 1218 3056 3574 2937 3259 3625 2194 1615 2557 3797 2541 2379 242 -1 2050 -1 2348 3139 2998 4568 2194 2370 2394 2982 2248 3297 3959 3412 2850 2686 3153 1782 1551 2068 -1 3406 4670 2561 3251 2713 2610 -1 -1 3603 3733 3124 4090 712 3223 1431 581 3222 2134 2567 2573 1803 2552 2829 1634
3491 5710 2810 4042 2876 4542 3995 3700 4240 4455 3934 -1 4132 -1 4648 4885 0 4156 3835 3520 2588 3125 -1 3749 4443 2542 5576 3851 4336 2612 3698 3867 2742 3881 2328 4221 4460 3803 3902 3875 3578 3728 3379 4533 3517 4386 4910 4694 3848 2354 6240 2956 3215 4683 -1 3891 -1 3645 4424 4042 6821 3030 3540 3224 2032 3135 4202 4553 4252 3686 3241 2239 2351 3465 1865 -1 3157 5994 3023 2331 3679 2407 -1 -1 5655 4569 2309 5119 4120 4063 2267 3745 4109 3761 4038 3409 4313 2829 2656 3070
4055 4116 4139 1839 2483 4177 3211 3311 4186 3888 2366 -1 4013 -1 4259 4831 2230 0 1836 2477 2199 2736 -1 2764 4054 2153 5187 3462 3947 2223 1495 3813 2353 3641 1939 3832 3417 3749 3513 3486 3189 3339 2990 4144 3128 3997 2727 2491 3459 1965 3982 2567 2826 4116 -1 2235 -1 3256 3381 3193 4753 2641 2555 1831 2870 2746 2809 4802 3863 1428 2852 1850 1962 3076 1476 -1 2768 4998 2129 3660 3242 2018 -1 -1 3623 3233 1920 4636 3846 3674 1878 3505 2333 1503 2039 3020 3924 2440 2267 4030
4700 4327 4486 2261 3414 3319 1375 1502 3558 4086 3434 -1 4252 -1 4173 4203 1927 3988 0 3352 1824 4215 -1 1798 2828 2374 5210 3132 3159 2648 1917 3185 2574 3013 3418 2337 4292 3121 1878 2858 3372 2711 2201 4164 1902 2188 3224 2913 3098 3444 4175 2919 2451 4314 -1 2428 -1 3477 4256 1963 4757 2661 2748 2424 2758 2967 3349 3505 2054 3518 2611 3144 2387 1952 2955 -1 3133 5191 2551 4007 3715 2920 -1 -1 4834 4200 3399 3055 2931 1865 2099 2877 3857 1696 203 2498 3296 3342 1478 2194
3921 2796 1841 2001 1127 3509 2246 1183 3063 3722 3034 -1 1837 -1 3748 3708 430 3256 1936 0 2858 1763 -1 2868 3018 2812 4644 3172 2840 2748 2059 2690 1842 2800 2299 2389 940 2834 2068 2769 2678 2622 2203 4709 2092 2761 1390 2332 3430 1422 4086 269 3485 3950 -1 2339 -1 1277 904 2834 4857 3300 2659 2476 1063 2235 1062 4291 1735 1532 2292 2667 2487 1633 2295 -1 2097 4508 2054 1362 765 1475 -1 -1 4940 4109 2280 3926 3335 1546 2537 2664 3209 1607 2139 2179 3207 1897 2550 2334
2876 3552 3364 2008 2027 2137 2622 2459 2676 2262 2894 -1 3354 -1 3765 3513 1953 3922 3084 2480 0 3286 -1 2320 3221 2431 4520 3302 2034 1390 2439 2495 2508 1442 3692 2904 3420 2431 2680 2720 2538 2573 2758 2340 2295 3145 3041 2660 1528 2130 5095 1792 627 2490 -1 1791 -1 1764 2555 3072 5096 837 2111 2991 2095 2901 2713 4151 3011 2755 934 2819 1129 2909 1641 -1 3748 4554 3073 2885 2457 1243 -1 -1 4328 2376 3673 3897 2960 2822 2156 1306 3875 2751 3287 821 3158 1665 2035 3610
5111 4864 3724 3820 4131 5326 3382 3380 4830 4774 3422 -1 4845 -1 4965 5475 3061 5441 3626 3008 3794 0 -1 3357 4835 4081 6482 5139 5037 3696 3476 4457 4027 3852 3867 3079 3948 4393 3885 4417 3066 3983 4443 4598 3909 4777 4398 4472 2056 3893 5772 3277 4421 5002 -1 4017 -1 4285 3912 3970 6543 3095 3657 3166 2946 4188 4070 4679 3932 3218 4489 3323 3435 3830 3404 -1 4696 5644 3937 3245 2833 3452 -1 -1 6393 4634 3848 5062 3723 3743 3806 4659 5162 3293 3539 4376 2885 3874 3988 4531
-1 -1 -1 -1 -1 -1 -1 -1 -1 -1 -1 -1 -1 -1 -1 -1 -1 -1 -1 -1 -1 -1 -1 -1 -1 -1 -1 -1 -1 -1 -1 -1 -1 -1 -1 -1 -1 -1 -1 -1 -1 -1 -1 -1 -1 -1 -1 -1 -1 -1 -1 -1 -1 -1 -1 -1 -1 -1 -1 -1 -1 -1 -1 -1 -1 -1 -1 -1 -1 -1 -1 -1 -1 -1 -1 -1 -1 -1 -1 -1 -1 -1 -1 -1 -1 -1 -1 -1 -1 -1 -1 -1 -1 -1 -1 -1 -1 -1 -1 -1
4256 3948 3425 463 2870 2174 2914 2870 1760 2419 2912 -1 3580 -1 2375 2405 2167 3292 1539 1743 2386 3046 -1 0 2681 2398 3412 2762 2900 850 119 1387 1878 1496 2975 2599 2683 1323 2140 1060 2556 913 2239 3184 1755 3390 1426 1115 2369 2167 3492 2012 3013 2647 -1 1745 -1 2043 2647 3502 3551 2828 2065 2249 2806 2271 2805 4169 3422 2215 3320 2886 589 2395 1678 -1 2133 4365 753 2946 1917 2220 -1 -1 3036 4145 2949 3357 1133 3233 2401 2256 3245 1206 1742 3207 1498 2642 1970 2055
4842 5097 1658 3801 2065 3390 3184 3111 3088 3630 3153 -1 3118 -1 2914 3733 1711 3375 3651 2739 2384 3044 -1 3338 0 2338 4544 2001 4133 3721 3457 2715 1961 2729 3167 2688 3679 2651 2229 3447 1858 3524 2952 4153 2253 3846 3672 4148 3591 2703 5064 1550 3011 3858 -1 2809 -1 3336 3186 3588 5835 2826 3129 2775 880 2354 3187 3170 3663 3482 3318 3348 3460 3261 2974 -1 4266 5446 1871 1179 3066 1001 -1 -1 5059 4228 2125 4864 2515 3474 2063 2593 3328 3505 3341 3205 3885 1423 2675 3361
3081 3350 2819 2762 1703 3377 2697 1350 4041 2744 1392 -1 2815 -1 2106 3656 77 1614 2670 978 2423 2741 -1 2516 2886 0 5295 3362 3007 2447 2635 3668 200 2863 2163 2395 1918 3762 1936 3154 1036 3423 2743 2415 1960 3223 2368 3310 3298 2189 4017 1247 3050 2972 -1 1987 -1 2255 1882 3147 4788 912 2307 2055 2041 593 2040 2649 1902 2510 2459 2074 2186 1800 1700 -1 2992 4750 1499 2340 1743 2242 -1 -1 3298 2451 2144 4502 1693 1713 2102 2831 1567 2337 2764 2346 3592 2664 2438 2501
2750 3566 1591 2771 1998 3323 3117 3044 3021 3563 1061 -1 1587 -1 3800 3666 180 3308 2706 2672 2608 1513 -1 3173 3788 2562 0 4031 4066 2792 2829 2648 1894 2662 2508 2386 3612 2584 2838 3342 2730 3718 2885 4553 2862 4455 4062 3423 3569 1172 5673 19 3235 3791 -1 3681 -1 3304 3576 3705 5859 3050 2964 2473 813 2287 3734 4343 3596 3676 3421 2419 2531 3485 2045 -1 3337 5379 1804 1112 1535 1225 -1 -1 4992 4069 2058 4773 3387 3407 2287 2526 3261 3438 2909 3429 3780 1647 2300 3250
4519 4750 3636 3150 1984 3833 3103 2808 3683 3563 3042 -1 3402 -1 3756 4328 1727 3264 2943 2628 1696 2233 -1 2857 3551 1650 2543 0 3444 1720 2806 3310 1850 3138 1436 3329 3568 3246 3010 2983 2686 2836 2487 3641 2625 3494 4018 3802 2956 1462 5348 2064 2323 3791 -1 3092 -1 2753 3532 1587 5929 2138 2648 3416 2367 2243 3690 4299 3360 2794 2349 1347 1459 2573 973 -1 2265 5102 3149 3157 2787 1515 -1 -1 4763 3677 1417 4227 3343 3171 1375 3002 3217 2869 3146 2517 3421 1937 1764 3959
3595 4609 2857 233 2489 2801 2684 2507 1192 1851 2714 -1 3767 -1 3791 1837 1599 3444 1309 2753 3133 3693 -1 2237 3024 1830 2844 2550 0 2178 2356 819 2030 2171 3612 2414 3693 755 2959 2572 2811 2425 2271 3059 2983 3193 2752 885 1801 2849 3455 2199 1346 2079 -1 1708 -1 1475 2266 3272 3321 1556 2028 1681 2539 2423 2424 3406 3059 2963 3291 3068 2826 2957 2360 -1 3459 3797 1688 2378 2578 2902 -1 -1 2344 3095 3324 4364 2549 2870 3268 2418 3046 976 1512 3192 3010 2738 1988 3471
6107 3509 3489 4312 2417 5221 3536 4942 4026 4685 4984 -1 4949 -1 4745 4671 3542 5206 4190 4570 4118 4875 -1 5118 1831 4072 5678 3832 4079 0 5228 3653 3792 3487 2990 4498 5510 3589 4039 5278 3689 4137 4783 5984 905 3401 5503 4964 4616 4534 6336 3381 4745 4913 -1 4589 -1 4309 5017 4124 6918 4560 4909 4515 2711 4185 2352 5001 5494 4924 3903 5179 4098 4995 4805 -1 4346 5798 3702 3010 4897 2832 -1 -1 6373 5686 3956 5216 4346 5305 3797 3351 5159 3857 3693 4939 5716 3254 4506 5192
4514 4562 3607 344 2893 2892 2795 2922 3529 2393 2825 -1 3603 -1 3874 4174 2196 3408 1420 1766 3244 3529 -1 2348 3330 3212 4430 3411 2992 1499 0 3156 1994 2282 2998 3248 2706 3092 2789 2829 2830 2682 2512 3784 2404 3608 3156 996 3357 3024 3566 2035 3871 2621 -1 1819 -1 3043 2670 3383 3432 3700 2139 3335 2829 2387 2828 4443 3474 2864 3911 2909 1238 3372 2535 -1 3827 4582 634 3128 2531 3077 -1 -1 3059 4261 2979 4006 3091 3285 2937 2264 3361 1087 1623 3918 3267 3499 2619 3157
4092 4010 3079 2560 2309 3581 3391 2361 373 1032 2403 -1 3710 -1 2972 1018 1088 2625 3127 1989 2770 3716 -1 2382 2205 1011 3958 2506 2327 3061 2501 0 1211 1735 3174 1595 2929 1869 2140 2383 2047 2236 1550 3426 2164 3757 2621 2703 2633 3200 4677 2258 2826 1260 -1 2998 -1 2589 2513 3087 4907 1923 2173 862 2761 1604 2671 3660 2883 3186 3440 3085 2800 2569 2711 -1 3328 2978 2510 2600 2754 3206 -1 -1 3824 3127 3155 3982 1730 2724 2449 1599 2227 2794 3330 3327 2821 3570 3102 2652
2881 3150 2619 2779 1503 3652 2622 1150 3841 2544 1192 -1 2615 -1 1906 3456 1208 1414 2470 778 2342 2541 -1 2316 3796 2860 5422 3162 2807 2715 2435 3468 0 2663 2145 2356 1718 3562 2846 3376 836 3223 2543 3669 2870 3023 2168 3110 3125 2200 3817 1047 2969 2772 -1 1787 -1 2055 1682 3210 4588 2911 2107 2443 1841 393 1840 2449 1702 2310 2259 2777 2454 1600 2574 -1 2875 4550 2832 2140 1543 2253 -1 -1 3098 2267 2126 4302 1493 1513 2976 2631 1367 2137 2564 2146 3814 2675 2238 2301
4184 4832 3922 1637 3208 3556 3339 2284 2596 3255 2495 -1 3918 -1 4038 3241 2134 4848 2713 2081 2867 3844 -1 3109 4428 3234 4248 3128 1404 3582 3228 2223 3434 0 3448 2801 3021 2159 2342 3769 2139 3829 3675 4462 3866 4597 3471 2289 1129 3503 4859 2350 2750 3483 -1 2580 -1 2879 2985 3927 4725 2960 2900 2854 3144 3261 3143 3242 3005 2536 3562 3210 3322 2734 3060 -1 4178 5201 3005 3443 2846 2525 -1 -1 3748 4499 3429 5019 2796 2647 3587 3822 4235 2380 2916 3449 4207 2947 3392 3435
4325 4467 3343 2241 2333 3586 2757 3627 3200 3316 3951 -1 3333 -1 3744 3845 1932 4173 2955 3537 1449 3265 -1 3374 3200 2559 4852 3139 2008 1369 2522 2827 2759 2891 0 3082 4477 2763 2659 2699 3595 2552 3212 3394 2274 4550 3783 2893 2709 2924 5101 1771 2076 3544 -1 2845 -1 2506 3297 3345 5329 1891 3165 3169 2074 3152 3455 5208 4416 2547 913 3584 1108 2326 3090 -1 4490 5608 3065 2864 2436 1222 -1 -1 4352 3430 3810 3876 4014 3990 2284 2755 4042 2622 2914 2270 3137 1644 2489 4148
4796 4735 4212 1250 3360 2961 3701 3065 2547 3206 3107 -1 2935 -1 3162 3192 2954 3329 2326 2530 3173 3833 -1 787 3468 3185 4199 3549 3687 1637 906 2174 1915 2283 3126 0 3470 2110 2927 1847 2751 1700 3026 3971 2542 4112 2213 1902 3156 2954 4279 2799 3800 3434 -1 2532 -1 2830 3434 4289 4338 3615 578 87 3593 2308 3592 4364 3617 3002 4039 3673 1376 3182 2465 -1 2920 5152 1540 3733 2704 3007 -1 -1 3823 4182 3107 4144 1920 3428 3188 3043 3282 1993 2529 3994 2285 3429 2757 2842
3962 3068 3700 2133 1351 3487 2470 243 2123 2782 2273 -1 3022 -1 2987 2768 1927 2495 1995 1859 2569 3622 -1 2236 3639 1953 4744 2492 1900 1808 2331 1750 1081 1860 1359 1449 0 2655 2718 2921 1917 2846 1636 3769 2713 1821 1614 1571 2989 3261 4141 2128 3196 3010 -1 2394 -1 337 1128 3058 4912 2865 2027 1536 1499 1474 1286 3530 795 2804 1352 3618 1547 693 2923 -1 2321 4728 2490 3221 2624 1661 -1 -1 4179 3348 1340 4150 2574 606 2574 1724 2448 1662 1657 1239 3359 2083 1952 1394
4101 3854 2714 2624 1734 2149 2372 1752 437 1096 2412 -1 3676 -1 3036 1082 844 2689 2378 1998 2784 3602 -1 2446 2269 1075 2089 2570 2391 2686 2565 64 1275 1799 2857 1659 2938 0 2204 1817 2056 1670 1516 3159 2228 2438 1997 1954 1046 2142 4249 2108 2890 1324 -1 2502 -1 720 1511 2960 4873 1987 2237 926 1936 1668 1669 3669 2304 2208 2536 2313 2425 2202 1653 -1 2704 3042 2574 2235 1823 2195 -1 -1 3888 3191 2838 4046 1794 2115 2513 1663 2291 2045 2529 2748 2255 2617 1233 2716
3540 4170 2859 1709 2088 1686 2688 2686 3006 3665 2728 -1 3394 -1 3621 3651 49 3368 2085 2314 1800 2337 -1 1246 3655 1754 4658 3063 2638 1824 1365 2633 1954 1367 1540 459 3254 2569 0 2306 2372 2159 2591 2696 2729 3598 2672 2361 1362 1566 4231 2168 2427 3893 -1 2484 -1 2857 3218 3254 4548 2242 1037 546 2081 2347 3376 3985 3238 2524 2453 1451 1563 2677 1077 -1 2369 4950 1999 2380 2139 1619 -1 -1 3923 2586 1521 2846 2379 3049 1479 1910 3321 1752 2288 2621 2744 2041 1868 2941
3768 4790 3121 2050 3528 3761 3831 2140 3347 3331 3871 -1 3117 -1 3962 3317 1710 4409 3126 3330 2972 3043 -1 1587 2952 2795 4999 4349 3797 1281 1706 2974 2995 2728 4038 3346 3682 2910 3227 0 3515 2500 3533 4771 2186 2330 3013 2702 2505 2391 2805 1549 3599 3559 -1 1058 -1 3630 4234 3752 3576 3414 1378 3433 2343 3388 3633 5128 2692 3667 3249 3772 2176 2590 3265 -1 3275 3821 2340 2642 3065 2444 -1 -1 4623 3710 3588 4834 2720 2503 2651 3621 4362 2793 3329 3136 438 2866 3557 3291
4169 3879 3864 1943 1551 3654 2670 1909 3240 3500 2992 -1 3928 -1 1899 3885 2458 3214 2714 2578 1633 3786 -1 1480 4001 3516 4869 2326 2837 2170 1599 2867 1800 1827 1309 3115 3518 2803 3173 2540 0 2393 2627 2833 3075 3367 1814 2290 2289 3647 4546 2847 2260 3728 -1 951 -1 2690 1328 3258 5031 2075 1271 3202 2068 1122 1486 1613 2461 2731 2222 3673 1909 2359 3158 -1 2521 3714 2233 3385 3237 2531 -1 -1 3827 2996 1290 4350 657 2272 3241 2865 2096 2381 2827 2380 2978 2953 2257 1503
4099 4264 2512 1824 2144 2559 2782 2162 847 1506 2822 -1 2891 -1 3446 1492 1254 3099 2788 2408 2514 2817 -1 1361 2679 1485 2499 2205 2071 2211 1480 474 1685 1479 3267 2069 3348 410 2614 2227 2466 0 1926 3569 2638 2848 2407 2364 1456 2476 2579 1323 3141 1734 -1 832 -1 1130 1921 3175 3350 2397 1152 1336 2117 2078 2079 4079 2714 2618 2946 2723 1950 2612 2063 -1 3114 3452 1343 2033 2233 2529 -1 -1 4298 3601 2979 4456 2204 2525 2193 1343 2701 2455 2939 3158 2665 1854 1643 3126
5854 5719 5385 2476 4586 4187 4927 3667 3773 4432 4324 -1 4161 -1 3413 4418 3009 4546 3552 3544 2978 3234 -1 2013 4694 2932 4940 4668 3538 2863 2132 3400 3132 2134 4352 1226 4484 3336 4153 3073 3968 2926 0 4923 3768 4353 3439 3128 3263 4180 5342 3813 3605 4660 -1 3595 -1 4035 4448 5275 4233 3420 1804 1313 4607 3525 4606 4875 4219 4076 3912 3824 2602 3855 3691 -1 4146 6358 2766 4906 3930 4221 -1 -1 4690 3353 4333 3613 3146 4030 2657 4090 4415 3219 3755 3799 3511 4643 2158 4068
4030 4541 1461 2327 2321 2226 282 1716 2891 3550 2341 -1 3394 -1 4072 3536 834 4153 936 3099 2585 3122 -1 1864 1735 2539 4543 2039 2512 1805 1983 2518 2739 1920 2325 1244 4039 2454 785 2924 3157 2777 2755 0 809 2402 3290 2979 2147 2351 3082 1826 3212 3778 -1 1335 -1 3174 3965 2899 3853 3027 1655 1331 2615 3132 2256 4441 2268 3309 2825 2236 2348 2166 1862 -1 3154 4098 2617 2914 2924 2404 -1 -1 4708 3371 1928 3631 2997 2079 2264 1784 4106 603 1139 2712 3362 2826 2414 2867
5768 6023 2584 4326 1512 4316 2631 4037 4014 4556 4079 -1 4044 -1 3840 4659 2637 4301 3285 3665 3310 3970 -1 4213 926 3170 5470 2927 4093 3454 4332 3641 2887 3655 2085 3593 4605 3577 3134 4373 2784 3232 3878 5079 0 2496 4598 4978 4496 3629 5431 2476 3937 4784 -1 3684 -1 4262 4112 3219 6013 3752 4004 3680 1806 3280 1447 4096 4589 4019 2998 4274 3193 4187 3900 -1 3441 4893 2797 2105 3992 1927 -1 -1 5985 4781 3051 4311 3441 4400 2989 3519 4254 2952 2788 4131 4811 2349 3601 4287
4437 5067 3756 2606 2578 2583 3306 3433 3903 4241 3202 -1 2902 -1 4177 4548 946 3942 1931 3211 2374 2911 -1 2143 4229 2328 5362 3637 3535 2398 2262 3530 2528 2264 2114 1356 4151 3466 897 3203 2846 3056 2834 3593 3303 0 3569 3258 2259 2140 4077 2742 3001 3242 -1 2330 -1 3431 4115 3828 4848 2816 1934 1443 2978 2921 2984 4459 3985 1523 3027 2025 2137 3251 1651 -1 945 3782 2896 3277 3036 2193 -1 -1 4820 3483 2095 3743 3276 3796 2053 2807 3895 1598 2134 3195 3531 2615 2442 3838
3333 3298 2342 1546 1955 2858 2741 1602 2079 2738 1644 -1 3067 -1 2358 2724 1660 1866 1366 1230 2164 2245 -1 2294 2638 2118 3731 1782 3259 2235 1202 1706 452 2711 2597 1725 2170 1642 3186 1379 1288 1232 813 3730 3140 3364 0 942 2688 2652 3512 1499 2761 2966 -1 1765 -1 1149 1940 3329 4283 2606 2085 1812 2024 845 2098 2901 2154 1190 2711 2325 2437 969 2755 -1 707 3544 1836 1863 1995 2705 -1 -1 3550 2719 1523 4421 1945 1965 1843 2575 1819 1033 1569 2598 1817 3086 1169 2413
3518 4751 2886 1815 3293 1916 1799 1926 3112 3771 1829 -1 2882 -1 3727 3757 1475 4412 424 3095 2248 2808 -1 1352 3124 2798 4764 3311 3583 1293 1471 2739 2998 2567 3803 2761 4035 2675 2302 2412 3796 2265 2625 2788 2198 2612 2778 0 3522 2467 2570 1314 2875 3999 -1 823 -1 3395 3999 2387 3341 3085 1143 2544 2108 3391 3645 3929 2478 3567 3035 3568 1941 2376 3030 -1 3485 3586 2105 2407 2830 2520 -1 -1 4388 4624 3353 3479 2485 2289 2523 3301 4281 91 627 2922 2850 2942 1902 2618
3055 3703 2793 2908 2079 3875 3198 1324 3725 2718 1366 -1 2789 -1 2909 4370 1005 4208 2644 952 1738 2715 -1 2490 3970 2733 5377 3336 2981 2454 2609 3352 2794 2837 2319 2530 1892 3288 3020 3025 1010 2878 2717 3683 3044 3713 2342 3284 0 2374 4790 1221 2365 2946 -1 1961 -1 2229 1856 3786 5561 2180 2281 2617 2015 2132 2014 2623 1876 2484 2433 2081 2193 1774 2870 -1 3049 4724 3006 2314 1717 1396 -1 -1 4837 3430 2300 4878 1667 1687 2458 2805 3106 2311 2738 2320 3463 1818 2815 2475
3057 4149 2174 2890 2581 3573 3663 2740 3423 3303 2782 -1 2170 -1 3496 4068 763 3004 2942 2368 1436 2096 -1 3361 3939 1390 3222 3126 3470 2826 2546 3050 1590 2754 3091 2969 3308 2986 2889 2723 2426 2576 3236 3381 3350 4581 3267 3542 2696 0 5088 602 2063 3531 -1 2832 -1 2388 3179 3733 5859 1878 3152 3056 905 1983 3337 4039 3292 2534 2370 3002 2565 2313 2628 -1 3920 5595 1896 1695 2118 53 -1 -1 4688 3417 2641 5333 3083 3103 1115 2618 2873 2609 3145 2257 3161 475 2513 3833
3512 4773 1768 2285 2175 3021 3294 1948 2112 2771 4087 -1 3821 -1 4197 2757 1629 4355 3034 2382 2312 3476 -1 1822 2530 2741 3764 3167 3347 1962 1941 1739 2941 1943 3120 1035 3322 1675 1580 2435 3731 2735 990 3979 1604 2634 3248 2937 2721 2708 0 2651 2266 2999 -1 2668 -1 2395 3186 3882 771 2476 1613 1122 1450 3334 3051 5185 2500 2626 3057 1642 1754 2398 2657 -1 3579 2418 2441 1289 3082 2761 -1 -1 3264 3162 2235 3422 2955 2311 2466 3163 3966 2701 3237 2944 2873 3183 2908 1169
3652 3547 1572 2752 1979 3304 3098 3025 3002 3544 3067 -1 1568 -1 3781 3647 161 3289 2687 2653 2589 1494 -1 3154 3769 2543 4375 4012 4047 2773 2810 2629 1875 2643 2489 2367 3593 2565 2819 3323 2711 3699 2866 4534 2843 4436 4043 3404 3550 1153 5654 0 3216 3772 -1 3662 -1 3285 3557 3686 5840 3031 2945 2454 794 2268 3715 4324 3577 3657 3402 2400 2512 3466 2026 -1 3318 5360 1785 1093 1516 1206 -1 -1 4973 4142 2039 4754 3368 3388 2268 2507 3242 3419 2890 3410 3761 1628 2281 3231
2249 4062 2922 1381 1400 1510 1995 1832 2241 1635 2394 -1 3357 -1 3575 2886 2033 4409 2457 1980 2422 3207 -1 1693 3448 2795 3893 3427 2398 2543 1812 1868 2995 1806 3065 2277 2920 1804 2498 2753 2038 2606 2131 1713 2522 2518 3119 2033 1028 1503 4468 2105 0 1863 -1 1164 -1 2524 2884 2445 4469 210 1484 2364 1822 3160 3042 3651 2384 2416 2941 2192 2282 2282 1014 -1 3463 3927 2446 2443 2031 1556 -1 -1 4692 1749 3046 3939 2333 2195 2520 1670 4095 2124 2660 2828 3191 1392 1408 2983
4319 4459 3488 2800 3116 3535 3758 2618 1823 2482 2739 -1 3867 -1 1712 2468 2230 3027 2527 2325 2449 3793 -1 2337 3655 2461 3475 3181 3047 2404 2456 1450 1613 2455 3692 3045 3265 1386 3590 1123 2383 976 2902 4394 3309 3453 3383 2103 1373 3452 3555 2299 3076 0 -1 1808 -1 2106 2897 4151 4326 2891 2128 2312 3093 2006 3055 3996 3170 3547 3383 3454 2926 3068 3039 -1 4090 4428 2319 3009 3090 2769 -1 -1 4711 3880 3673 5432 470 2981 3169 2319 2980 2194 2730 3270 1561 2830 2619 1392
-1 -1 -1 -1 -1 -1 -1 -1 -1 -1 -1 -1 -1 -1 -1 -1 -1 -1 -1 -1 -1 -1 -1 -1 -1 -1 -1 -1 -1 -1 -1 -1 -1 -1 -1 -1 -1 -1 -1 -1 -1 -1 -1 -1 -1 -1 -1 -1 -1 -1 -1 -1 -1 -1 -1 -1 -1 -1 -1 -1 -1 -1 -1 -1 -1 -1 -1 -1 -1 -1 -1 -1 -1 -1 -1 -1 -1 -1 -1 -1 -1 -1 -1 -1 -1 -1 -1 -1 -1 -1 -1 -1 -1 -1 -1 -1 -1 -1 -1 -1
4785 4477 3954 992 3102 2703 3443 3399 2289 2948 3441 -1 4109 -1 2904 2934 2696 3821 2068 2272 2347 3575 -1 529 3210 2927 3941 3291 3148 1379 648 1916 2407 1744 3504 3128 3212 1852 2669 1589 3085 1442 2768 3713 2284 3919 1955 1644 2873 2696 4021 2541 2974 3176 -1 0 -1 2572 3176 4031 4080 3184 320 2778 3335 2800 3334 4698 3951 2744 3281 3415 1118 2924 2207 -1 2662 2763 1282 3475 2446 2749 -1 -1 3565 4674 3478 3886 1662 3762 2930 2785 3774 1735 2271 3168 2027 3171 2499 2584
-1 -1 -1 -1 -1 -1 -1 -1 -1 -1 -1 -1 -1 -1 -1 -1 -1 -1 -1 -1 -1 -1 -1 -1 -1 -1 -1 -1 -1 -1 -1 -1 -1 -1 -1 -1 -1 -1 -1 -1 -1 -1 -1 -1 -1 -1 -1 -1 -1 -1 -1 -1 -1 -1 -1 -1 -1 -1 -1 -1 -1 -1 -1 -1 -1 -1 -1 -1 -1 -1 -1 -1 -1 -1 -1 -1 -1 -1 -1 -1 -1 -1 -1 -1 -1 -1 -1 -1 -1 -1 -1 -1 -1 -1 -1 -1 -1 -1 -1 -1
3625 3590 3363 2732 1014 3150 2133 1894 3356 3288 1936 -1 3359 -1 2650 4001 1952 2158 1658 1522 3086 3285 -1 2586 3586 3132 5008 3059 3551 2527 2388 2983 744 3380 2866 3002 2462 2919 2636 2584 1580 2509 2090 4022 2660 3767 1277 1234 3057 2944 3804 1791 3713 3516 -1 2057 -1 0 791 2721 4575 3620 2377 3089 1531 1137 949 3193 2446 2467 3003 3521 3175 2246 3318 -1 1984 4395 2522 2884 2287 2997 -1 -1 3842 3011 2800 3813 2237 2257 2857 3244 2111 1325 1861 2890 3022 2713 2446 3045
3819 3784 2652 1941 223 3286 1342 2088 2565 3224 2130 -1 3272 -1 2844 3210 1894 2352 1852 1716 2387 2731 -1 2780 2795 2341 4217 2268 3572 2721 1597 2192 938 2589 2075 2211 2656 2128 1845 1865 1774 1718 1299 4216 1869 3462 486 1428 3174 3138 3998 1985 3014 3452 -1 2251 -1 1635 0 1930 4724 2829 2571 2298 740 1331 158 3387 2640 1676 2988 2811 2835 1455 2922 -1 1193 3604 1731 2173 2481 3191 -1 -1 4036 3205 2009 3022 2431 2451 2066 2453 2305 1519 1499 3084 2303 2720 1655 2899
5272 5779 4640 3569 2825 5280 3553 3680 4866 5525 3583 -1 4636 -1 5481 5511 3229 5247 2178 4611 3679 4216 -1 3106 3498 3633 6518 4942 5337 3047 3225 4493 3833 4321 3419 4515 5551 4429 4056 4166 4669 4019 3410 5624 3952 4366 4532 4221 4939 3445 4324 3068 4306 5753 -1 2577 -1 4736 5515 0 5095 4121 2897 3311 3862 4226 4289 5683 4232 1770 4332 2905 3017 4130 2956 -1 4248 3587 3859 4161 3748 3498 -1 -1 6142 5660 3400 5233 4239 4043 3358 4985 5200 1845 2381 4500 4556 3920 3656 4372
2741 4407 3452 3452 2738 3311 3839 1624 3873 2877 3806 -1 3050 -1 4817 2863 2041 4524 3547 1611 2956 2705 -1 3239 3022 2910 4939 2396 3231 1191 3358 4050 3110 2639 2696 2830 2551 3986 3679 1664 3450 4081 2210 4321 2096 3994 3001 3943 3055 1937 4457 1880 3583 3105 -1 2710 -1 2888 2515 3298 0 3398 3030 2917 1864 3503 2673 5063 2176 3143 2733 2607 2719 2074 2233 -1 3525 5473 2855 2973 2376 1990 -1 -1 2757 3256 2677 5446 3575 1987 2635 2503 4477 3218 3038 2620 2102 2412 3024 398
4181 5943 2964 2702 3824 3729 1785 3219 3999 4658 3844 -1 4570 -1 4614 4644 2337 4662 2439 3660 3094 3140 -1 2239 3238 3048 5651 3542 4015 3089 2358 3626 3248 3423 3828 2747 4600 3562 2288 3299 4084 3152 3129 1503 2312 3905 3665 3354 3650 2799 4258 3002 3721 4886 -1 2511 -1 4151 4564 2235 5029 0 2030 2834 3704 3641 3759 5697 3771 3541 4028 3739 2828 3669 3365 -1 4372 5274 2992 4095 3912 2852 -1 -1 4806 1539 3431 3729 3372 3582 2773 3287 4531 2106 2642 3915 3737 3274 2406 4294
4465 4157 3634 672 2782 2383 3123 3079 1969 2628 3121 -1 3789 -1 2584 2614 2376 3501 1748 1952 2595 3255 -1 209 2890 2607 3621 2971 3109 1059 328 1596 2087 1705 3184 2808 2892 1532 2349 1269 2765 1122 2448 3393 1964 3599 1635 1324 2578 2376 3701 2221 3222 2856 -1 1954 -1 2252 2856 3711 3760 3037 0 2458 3015 2480 3014 4378 3631 2424 3529 3095 798 2604 1887 -1 2342 4574 962 3155 2126 2429 -1 -1 3245 4354 3158 3566 1342 3442 2610 2465 3454 1415 1951 3416 1707 2851 2179 2264
6088 6354 4656 3585 5063 4768 5834 4729 3947 4606 4771 -1 2848 -1 5485 4592 3245 4993 4493 4357 3212 4578 -1 3122 5365 4585 5599 4010 5246 3972 3241 3574 3579 4337 4894 4874 5297 3510 4415 4182 4415 4035 4284 5552 4439 4527 4548 4069 4512 4237 4340 3084 3839 4834 -1 2593 -1 4230 5021 5431 5111 4049 2913 0 3878 3972 5179 6028 5281 5337 4146 4076 3711 5179 4272 -1 5255 5356 3875 4177 4600 4290 -1 -1 6158 5471 4875 6479 4255 5092 4391 4518 4571 4160 4696 4033 4303 4712 3561 5177
5761 5356 5207 3486 3918 3249 4642 3304 3083 2750 4308 -1 3897 -1 4690 5090 3006 4530 3271 3442 4161 5205 -1 4199 5006 3780 4787 3455 3253 3175 4318 4072 3116 1849 4674 3744 4382 4008 4191 4101 3689 3910 2518 4484 4080 3990 4832 4014 2978 3467 5417 3711 4434 2978 -1 3670 -1 4719 4346 5042 6188 4644 3990 3572 0 3509 4504 5091 3856 2863 4413 3461 2914 3754 2978 -1 4935 6433 991 4728 3845 3520 -1 -1 4735 5383 4655 5682 3448 3667 4167 1713 4483 2938 3474 4300 4539 3942 1795 3514
4516 2757 3400 2723 2686 3259 3787 2742 4334 4771 3451 -1 3060 -1 1513 4979 1989 4472 3495 1559 2904 3322 -1 2574 3634 2858 5892 4167 4292 2928 2379 3961 3058 3700 2644 2850 2499 3897 3627 3634 3894 3487 2158 4269 3651 4320 2949 3375 3003 2670 3424 1828 3531 4999 -1 3318 -1 2836 2463 4127 4195 3346 2365 2937 2622 0 2621 5507 3294 3091 3192 2555 2667 3192 2181 -1 3473 4305 3013 2921 2324 2723 -1 -1 2705 1874 2625 4064 3707 3105 2583 3564 974 3166 3698 3079 4072 3145 2741 3893
4932 5443 4295 3229 65 3128 1184 2618 2632 3291 3243 -1 3114 -1 4289 3277 1736 3797 1838 3161 2229 4024 -1 2766 2637 2183 4284 2941 3414 2707 2885 2259 2383 2822 1917 2146 4101 2195 1687 3426 3219 1785 3302 4174 1711 3304 3381 3881 3049 3253 3984 2728 2856 3519 -1 2237 -1 2915 3706 1772 4566 2671 2557 2233 2992 2776 0 4032 3170 3327 2830 3138 3025 3068 2764 -1 4056 3446 3128 3816 3826 3139 -1 -1 4948 3334 1898 2864 3876 2981 1908 2686 3666 1505 1341 3050 3864 2562 2616 3332
4008 3498 3310 2213 2300 4006 2837 2964 2622 3831 2867 -1 3300 -1 3711 3817 1899 3991 1462 2981 2423 2970 -1 2390 3167 2377 4824 3248 1980 1336 2489 2799 2577 1388 4152 3085 3921 2735 2626 2666 3413 2519 3179 3749 2241 3650 3816 2865 2517 2629 3608 1738 3050 4059 -1 1861 -1 3030 3821 3425 4379 2246 2181 3111 2041 2970 3688 0 3516 2701 880 3836 1075 3300 3156 -1 4523 4624 3032 2831 2403 1189 -1 -1 4274 3785 3777 3843 3523 3327 2102 1252 3944 1129 1665 767 3104 1611 2456 3656
3685 3175 2987 1890 1977 3683 3096 1581 2299 3495 2143 -1 2977 -1 2857 3494 1576 2365 2786 1729 1774 2909 -1 3267 2844 2054 4501 2925 1657 1013 2166 2476 951 1065 3096 2762 2669 2412 2303 2343 1787 2196 1880 2974 1918 2267 3119 2542 2194 2568 4768 1415 2401 3723 -1 2738 -1 2707 2633 3684 4978 2216 3058 2788 1718 1344 2791 3400 0 2378 557 2823 752 2031 3187 -1 3212 5358 2709 2508 2080 866 -1 -1 3951 3218 3077 3520 2444 1944 1779 929 2318 2453 2989 444 2781 1288 1157 2732
3502 4009 2870 1799 1055 3510 1783 1910 3096 3755 1813 -1 2866 -1 3711 3741 1459 4396 408 3079 2232 2792 -1 1336 3108 2782 4748 3420 3567 1277 1455 2723 2982 2551 2907 2745 4019 2659 2286 2396 3780 2249 2609 4520 2182 2596 2762 2451 3506 2451 2554 1298 2859 3983 -1 807 -1 3379 3983 2371 3325 3069 1127 2832 2092 3375 3629 3913 2462 0 3019 1135 1247 2360 3014 -1 3469 3570 2089 2391 1978 2504 -1 -1 4372 4608 2888 3463 2469 2273 2507 3285 4265 75 611 2906 2834 2896 1886 2602
4510 3554 2430 1953 1420 3126 2539 2901 2486 3145 3038 -1 2420 -1 2831 3131 1019 3260 2229 2624 1692 2352 -1 2992 2287 1646 4138 2368 3710 456 1609 2113 1846 3010 3272 2205 3564 2049 1746 1786 2682 1639 2299 3637 1361 3637 3523 2605 2870 2011 4218 858 2319 3373 -1 2471 -1 2644 3435 3127 4665 2134 2783 2292 1161 2239 2808 4295 3503 1821 0 2956 195 2569 2630 -1 3968 4801 2152 1951 1523 309 -1 -1 4668 3673 2897 2963 3339 3264 1371 2874 3129 1896 2432 2513 2224 731 1576 3885
4899 3471 3862 1870 2790 3043 3521 2818 2403 3062 3551 -1 3829 -1 2748 3048 1712 3813 2146 3141 2245 2569 -1 1510 2204 2199 4055 2285 3627 373 1526 2030 2399 3006 3203 2122 4081 1966 1663 1703 3199 1556 2216 4053 1278 3688 2936 2522 2787 3036 4135 2879 2872 3290 -1 2388 -1 2686 3477 3872 4582 2687 1301 2209 3084 2792 2725 4812 3554 1738 3179 0 112 3122 2547 -1 3643 5008 2160 3383 1440 3089 -1 -1 3416 4226 3184 2880 2643 3181 1924 2899 3682 1813 2349 3066 2141 3410 1493 3565
4787 3359 3750 1758 2678 2931 3409 2706 2291 2950 3439 -1 4335 -1 2636 2936 1600 3701 2034 3029 2133 2457 -1 2797 2092 2087 3943 2173 3515 261 1414 1918 2287 2918 3091 2010 3969 1854 1551 1591 3087 1444 2104 3941 1166 3576 3851 2410 2675 2924 4023 2767 2760 3178 -1 2276 -1 2574 3365 3760 4470 2575 2588 2097 2972 2680 2613 4700 3442 1626 3067 2761 0 3010 2435 -1 3773 4896 2048 3271 1328 2977 -1 -1 4473 4114 3072 2768 3648 3069 1812 2787 3570 1701 2237 2954 2029 3298 1381 3690
5552 2375 4968 1580 2422 3561 3541 3817 3303 3962 3863 -1 3691 -1 3918 3948 2498 4085 2656 3286 2751 4032 -1 1543 4224 2938 4342 1799 4443 2393 1638 2930 2671 3039 3235 756 4226 2866 3304 2603 3507 2456 3782 4696 3298 3102 2969 2232 3912 3261 4802 3546 3378 4190 -1 2755 -1 3586 4190 3386 4668 3193 1334 843 4166 3064 4348 5120 4369 3758 3685 3146 2132 0 2772 -1 3676 5518 2272 4489 3460 3314 -1 -1 4579 4046 3216 4900 2676 4180 2663 3799 3146 2323 2859 3572 3041 3736 3513 3598
3546 4352 2663 3379 3070 4049 4152 2300 3912 3792 2265 -1 2659 -1 3721 4557 1252 3493 3431 2597 1925 2585 -1 3389 3004 1879 3711 3291 3957 2830 3035 3539 2079 2818 3218 2740 3537 3475 3378 3212 1909 3065 1514 3870 3735 2986 3723 4031 3185 489 5577 1091 2552 4020 -1 2860 -1 2877 3237 2177 5747 2367 3180 2524 1394 2472 3395 3522 2852 3023 2859 2457 2569 2750 0 -1 3931 5623 2385 2184 2607 542 -1 -1 5177 3906 3130 5127 2479 2663 1604 2682 3362 3098 3634 2746 3650 964 791 3401
-1 -1 -1 -1 -1 -1 -1 -1 -1 -1 -1 -1 -1 -1 -1 -1 -1 -1 -1 -1 -1 -1 -1 -1 -1 -1 -1 -1 -1 -1 -1 -1 -1 -1 -1 -1 -1 -1 -1 -1 -1 -1 -1 -1 -1 -1 -1 -1 -1 -1 -1 -1 -1 -1 -1 -1 -1 -1 -1 -1 -1 -1 -1 -1 -1 -1 -1 -1 -1 -1 -1 -1 -1 -1 -1 -1 -1 -1 -1 -1 -1 -1 -1 -1 -1 -1 -1 -1 -1 -1 -1 -1 -1 -1 -1 -1 -1 -1 -1 -1
5414 6099 3418 3184 2215 3920 3334 3410 3011 3670 4986 -1 4869 -1 5096 3656 2528 5254 3933 4252 3211 4816 -1 2721 3429 3640 4663 4369 4246 3571 2840 2638 3840 2842 4019 1934 5192 2574 2479 3781 4630 3634 1889 4878 2503 4096 4147 3836 3620 4045 5314 4058 3165 3898 -1 3567 -1 3294 4085 3922 5246 3375 2512 2021 3100 4233 3950 6084 3962 3525 3999 3930 3310 3724 3556 -1 0 2837 3474 2939 4397 4098 -1 -1 4163 4061 3885 4321 3854 3637 3365 4237 4865 3600 3491 4032 4219 4520 3807 4425
4507 3960 2820 2804 3227 4359 2788 2915 4101 4760 2818 -1 2444 -1 4682 4746 2464 4366 1413 3730 2585 3797 -1 2341 4113 3302 4195 1652 4572 2282 2460 3728 2952 3556 3088 2175 4670 3664 3232 3401 3788 3254 3614 2563 3187 3601 3767 3442 4113 3114 3559 2303 3212 4988 -1 1812 -1 4186 4634 3239 4330 1060 2132 2262 2042 3345 4634 4918 3467 2314 3519 2419 2531 3365 2625 -1 3917 0 3033 2341 1929 3167 -1 -1 5377 2599 3069 4468 3474 3278 3027 3755 3944 1080 1616 3406 3839 3589 2891 3607
4770 5275 4216 3287 3628 2258 3775 3275 3696 1759 3317 -1 4510 -1 3699 4411 2015 3539 4212 2903 3170 4572 -1 4280 4991 2789 3796 3551 3054 3788 4399 3393 2125 2462 4270 3913 3843 3329 4278 3110 2961 2919 2687 3493 4302 4973 4293 3939 3360 2476 5498 3078 3797 1987 -1 3751 -1 4049 3807 4164 5581 3701 4071 4000 3381 2518 3965 4574 3827 4323 4104 4254 3527 3296 1987 -1 5000 6371 0 3737 3668 2529 -1 -1 5223 4392 4251 6295 2457 3638 3176 2326 3492 3879 4415 3991 3548 2951 2778 2523
4592 5225 479 3647 886 2211 2005 3224 1909 2568 3267 -1 4058 -1 3090 2554 1101 3489 2472 2853 2948 4226 -1 3587 3458 1875 3561 3616 3414 3336 3706 1536 2075 2010 2738 2967 3793 1472 2508 3289 2911 2606 1773 4290 2532 3910 3469 3426 2518 3455 4805 3122 3575 2796 -1 3058 -1 2192 2983 2593 5130 2787 3378 2398 161 2468 3141 4524 3776 3024 3651 3340 3075 3674 2966 -1 4176 4267 1152 0 3295 3508 -1 -1 4896 4326 946 3685 3266 3587 2729 1874 3442 2326 2162 3769 3727 3930 1956 3675
4843 2031 3911 1236 2839 2744 2546 2234 3187 3687 3717 -1 4450 -1 3532 3832 1352 4208 1171 3060 2407 2691 -1 2549 2253 2594 4839 2890 3891 2793 1294 2814 2794 2670 2843 1762 4000 2750 1303 2487 3630 2340 3000 3999 1327 2920 3534 1888 2665 2869 4138 2882 3034 3915 -1 2391 -1 2257 3048 3134 4324 2849 2340 1849 3133 3187 2774 4676 2786 2298 3341 2754 2532 2077 2380 -1 3672 5154 1928 3432 0 2922 -1 -1 4353 3889 2074 4149 3682 2597 2319 3213 4077 1979 1374 3228 2925 3344 2277 3365
4201 4096 2121 2837 2528 3520 3610 2687 3370 3250 2729 -1 2117 -1 3443 4015 710 2951 2889 2315 1383 2043 -1 3308 3886 1337 4123 3073 3417 2773 2493 2997 1537 2701 3038 2916 3255 2933 2836 2670 2373 2523 3183 3328 3297 4528 3214 3489 2643 1702 5035 549 2010 3478 -1 2779 -1 2335 3126 3680 5806 1825 3099 3003 852 1930 3284 3986 3239 2481 2317 2949 2512 2260 2575 -1 3867 5542 1843 1642 2065 0 -1 -1 4635 3364 2588 5280 3030 3050 1062 2565 2820 2556 3092 2204 3108 422 2460 3780
-1 -1 -1 -1 -1 -1 -1 -1 -1 -1 -1 -1 -1 -1 -1 -1 -1 -1 -1 -1 -1 -1 -1 -1 -1 -1 -1 -1 -1 -1 -1 -1 -1 -1 -1 -1 -1 -1 -1 -1 -1 -1 -1 -1 -1 -1 -1 -1 -1 -1 -1 -1 -1 -1 -1 -1 -1 -1 -1 -1 -1 -1 -1 -1 -1 -1 -1 -1 -1 -1 -1 -1 -1 -1 -1 -1 -1 -1 -1 -1 -1 -1 -1 -1 -1 -1 -1 -1 -1 -1 -1 -1 -1 -1 -1 -1 -1 -1 -1 -1
-1 -1 -1 -1 -1 -1 -1 -1 -1 -1 -1 -1 -1 -1 -1 -1 -1 -1 -1 -1 -1 -1 -1 -1 -1 -1 -1 -1 -1 -1 -1 -1 -1 -1 -1 -1 -1 -1 -1 -1 -1 -1 -1 -1 -1 -1 -1 -1 -1 -1 -1 -1 -1 -1 -1 -1 -1 -1 -1 -1 -1 -1 -1 -1 -1 -1 -1 -1 -1 -1 -1 -1 -1 -1 -1 -1 -1 -1 -1 -1 -1 -1 -1 -1 -1 -1 -1 -1 -1 -1 -1 -1 -1 -1 -1 -1 -1 -1 -1 -1
4307 3638 2587 2843 1539 3568 2658 2735 3418 3298 2777 -1 4047 -1 3491 4063 1462 2999 2778 2363 1431 3584 -1 2386 929 1385 5070 2930 3465 2635 2505 3045 1585 2873 3391 2322 3303 2981 2884 2718 2421 2571 1096 3376 2934 3480 3262 3495 2691 2602 2587 2479 2058 3526 -1 1857 -1 2488 3267 3246 3358 1873 2177 1824 1809 1978 3425 4034 3287 2529 2365 3459 2560 2308 3072 -1 3969 4145 2800 2108 1607 1930 -1 -1 0 3412 3054 4338 3078 3098 1110 2737 2868 2604 2815 2252 3156 2352 2508 3756
2642 4428 3434 1163 3187 2544 3598 2376 2460 3119 2901 -1 3430 -1 3075 3105 1586 3123 2239 2121 1555 1601 -1 700 3080 1509 4112 3245 3395 1550 819 2087 1709 2196 3206 2816 3061 2023 2840 1760 2545 1613 1590 3500 2455 3062 2126 1815 2815 1260 3191 1862 2182 3347 -1 1444 -1 2612 3025 2253 3892 1997 491 2600 2165 2102 3183 4158 2928 2653 2489 2533 1289 2432 2378 -1 2833 4207 1453 2955 2617 1313 -1 -1 3267 0 3187 2190 1833 2739 1234 2667 2992 1906 2442 2376 2198 1735 867 2755
4878 5554 5366 3787 4029 4139 2901 3028 4678 4264 4896 -1 5356 -1 5699 5515 3453 5514 1526 4482 2002 5288 -1 3324 4354 3900 6522 4658 4036 3392 3443 4497 4100 3444 4944 3863 5422 4433 3404 4384 4540 4237 3727 4342 3428 3714 4750 4439 3530 4132 5701 3794 2629 4492 -1 3793 -1 3766 4557 3489 6283 2839 4113 3950 4097 4493 4715 5031 3580 4757 2936 3659 3131 3478 3643 -1 4659 6556 4077 4887 4459 3245 -1 -1 5982 4378 0 4581 4457 3391 3625 3308 5383 3222 1729 2823 4822 3667 3004 3720
3758 4511 2927 2239 2559 1959 3029 2372 1262 1921 2414 -1 3306 -1 3861 1907 1669 3514 3203 2000 1888 3232 -1 1776 3094 1900 2914 2620 2486 1843 1895 889 2100 1894 3367 2484 2940 825 3029 562 2058 415 2341 2969 2748 2892 2822 2779 1703 1952 2994 1738 2515 2149 -1 1247 -1 1545 2336 3590 1702 2330 1567 1751 2532 2493 2494 3671 2924 2865 2822 2641 2365 2765 1463 -1 3529 3867 1758 2448 2480 2005 -1 -1 4459 3869 3348 0 2619 2735 2608 1758 3116 2870 3186 2709 1000 2269 2058 2100
4024 3989 3762 3448 2646 3549 3432 2148 4663 3687 2335 -1 3758 -1 1242 4599 2351 2557 2057 1921 3485 3684 -1 2985 4757 3858 5463 2920 3805 2926 3104 4372 1143 3429 3288 3354 2861 4308 3935 2983 1979 3898 3541 4421 3831 4166 3311 1633 3456 3343 3932 2190 4112 3915 -1 2456 -1 3198 2825 4020 4703 4054 2776 3441 2984 1536 2983 3592 2700 3453 2921 3920 3116 2598 3717 -1 4018 5219 3738 3283 2686 3230 -1 -1 4241 3410 3269 5112 0 2511 4119 3293 2510 1724 2260 2808 3421 3652 3381 922
5548 2462 3759 1667 2509 3648 2223 2014 3220 3643 3950 -1 3755 -1 3337 4035 2348 4172 2743 1918 2672 3681 -1 1630 3602 3025 4429 1886 2220 2480 1725 3017 2758 2742 3322 843 2858 2953 2652 2690 2281 2543 3049 4783 2676 3036 3056 2319 3871 3017 4847 2187 3299 3729 -1 2842 -1 3195 2822 2811 4755 3280 1421 930 893 3151 2980 3894 2566 3450 3123 3233 2219 87 2528 -1 3763 5605 1884 3280 2683 3070 -1 -1 4564 4133 3303 3903 2763 0 2750 2606 3233 2410 1051 3010 3128 1946 2326 788
3197 3573 3094 1775 1953 2458 2548 1625 2308 2188 1667 -1 3090 -1 2381 2953 352 1889 1827 1253 321 2474 -1 2246 2824 275 3960 2011 2355 1711 1431 1935 475 1763 2438 1954 2193 1871 2211 1608 1311 1461 2121 2266 2235 3466 2643 2427 1581 2451 3973 1522 948 2416 -1 1717 -1 1378 2157 2904 4744 763 2037 2041 2316 868 2315 2924 2177 1419 1255 2349 1450 1198 1962 -1 3267 4480 1774 2615 2018 1564 -1 -1 3573 2302 2419 4218 1968 1988 0 1627 1842 1494 2030 1142 2046 1986 1398 2776
4320 4163 3570 1773 2856 3576 2929 2420 1370 3391 2631 -1 2184 -1 3837 3377 2159 4789 2849 1729 3003 3492 -1 3245 3293 3175 4384 3264 1540 1462 2615 2359 3375 136 2961 2937 2669 2295 2478 2792 2275 2645 2475 4586 2367 4490 3119 2425 1265 2987 4995 1998 2886 3619 -1 2716 -1 3006 2633 3517 4861 3096 3036 1859 2792 3397 2791 3378 3141 2672 3698 2872 1201 2870 2498 -1 3790 5191 3141 3091 2132 2661 -1 -1 3022 4635 2942 3969 2932 2783 2900 0 4371 2516 3052 3585 3230 3083 2582 3571
3542 1783 4218 1749 3826 3444 4042 3215 3360 3798 2477 -1 4330 -1 3975 4005 2423 3960 2667 3021 2392 2501 -1 1600 3980 2346 5012 3366 3506 2282 1405 2987 2546 2784 1843 1876 3961 2923 3740 2660 3382 2513 2490 3931 3187 3901 3026 2401 3108 2160 2450 2762 3019 4026 -1 2344 -1 3449 3781 3153 3221 2428 1391 1963 3065 2939 3939 4995 3767 3490 2406 2083 2189 3269 3278 -1 3606 4868 2039 3739 3517 2213 -1 -1 4167 900 1824 3090 2733 3578 2071 2778 0 2334 2870 2293 3098 2635 1767 3523
3427 4660 2795 1724 3202 3435 1708 1835 3021 3680 1738 -1 2791 -1 3636 3666 1384 4321 333 3004 2157 2717 -1 1261 3033 2707 4673 3465 3492 1202 1380 2648 2907 2476 3712 2670 3944 2584 2211 2321 3705 2174 2534 4445 2107 2521 2687 2376 3431 2376 2479 1223 2784 3908 -1 732 -1 3304 3908 2296 3250 2994 1052 2757 2017 3300 3554 3838 2387 3476 2944 3477 1850 2285 2939 -1 3394 3495 2014 2316 2739 2429 -1 -1 4297 4533 3262 3388 2394 2198 2432 3210 4190 0 536 2831 2759 2851 1811 2527
4497 4124 4283 2058 3211 3116 1172 1299 3355 3883 3231 -1 4049 -1 3970 4000 1724 3785 1826 3149 1621 4012 -1 1595 2625 2171 5007 2929 2956 2445 1714 2982 2371 2810 3215 2134 4089 2918 1675 2655 3169 2508 1998 3961 1699 1985 3021 2710 2895 3241 3972 2716 2248 4111 -1 2225 -1 3274 4053 1760 4554 2458 2545 2221 2555 2764 3146 3302 1851 3315 2408 2941 2184 1749 2752 -1 2930 4988 2348 3804 3512 2717 -1 -1 4631 3997 3196 2852 2728 1662 1896 2674 3654 1493 0 2295 3093 3139 1275 1991
3241 2731 2543 1446 1533 3239 2652 2905 1855 3064 3002 -1 2533 -1 2944 3050 1132 3224 2342 2214 1656 2465 -1 3105 2400 1610 4057 2481 1213 569 1722 2032 1810 621 3385 2318 3154 1968 1859 1899 2646 1752 2412 3601 1474 3750 3540 2098 1750 2124 4331 971 2283 3292 -1 2584 -1 2263 3054 3240 4534 2098 2896 2344 1274 2203 2921 3863 3512 1934 113 3069 308 2533 2743 -1 4081 4914 2265 2064 1636 422 -1 -1 3507 3637 3010 3076 3303 3268 1335 485 3177 2009 2545 0 2337 844 1689 3998
3330 4352 4172 3988 3260 4475 4379 3180 3896 4401 3880 -1 3639 -1 4594 4541 2565 4102 3823 3466 2534 2615 -1 4035 2514 2488 5548 4224 4568 843 3644 3523 2688 3930 3833 3248 3244 3459 2789 3821 3524 3674 4334 4479 1748 1892 4365 4640 3794 4032 5969 3735 3161 4629 -1 3930 -1 3581 4370 4831 6740 2976 3826 3335 2453 3081 3195 5137 3732 3415 3468 3917 3663 3411 3543 -1 2837 5674 3444 3693 3587 3515 -1 -1 5048 4515 3987 5635 4181 3543 2213 3840 3971 3490 4026 3355 0 3937 3611 4331
5867 3944 4071 3149 4348 3679 4459 3734 3513 3180 4738 -1 1965 -1 5120 5131 2660 4960 3084 3872 4264 3993 -1 4421 4166 4210 5217 3885 3683 3284 3207 4502 3546 2279 4756 3675 4812 4438 3216 4400 4119 4253 2948 4914 3240 4420 5262 3801 3408 3652 5847 2499 4864 3408 -1 4100 -1 4170 4776 5047 6237 4706 4212 3762 430 3939 4687 5521 4286 3293 4843 2911 3023 3990 3408 -1 5365 6863 1421 3592 1913 2881 -1 -1 5165 5802 3987 5791 3878 4097 3943 2143 4913 3368 3287 4730 4838 0 2225 3944
5615 3561 4811 3199 3445 4709 4095 1509 4069 4728 3926 -1 4259 -1 3793 4714 3141 4426 2951 3790 3495 3957 -1 2736 3870 3219 5663 3758 3166 2039 2855 3696 3012 2857 3203 1949 4730 3632 3092 3369 1894 3222 723 4727 2944 2195 3708 3851 3986 4335 5801 3476 4122 4956 -1 2845 -1 3811 3222 4683 4956 3937 2527 2036 2765 3016 3380 3507 2061 3404 2618 1666 1778 1959 3846 -1 3140 5608 3489 4332 3106 2927 -1 -1 5082 4076 3184 4336 2551 1872 3380 2990 3990 3479 2923 2505 3807 3349 0 2660
5463 4051 4375 3054 3755 4705 3812 1226 4075 4734 3921 -1 4371 -1 4635 4720 2910 4143 4130 3507 2931 4231 -1 2841 4622 2936 4541 1998 2883 2791 2960 3702 2729 2843 3434 2432 4447 3638 4081 3901 3565 3754 2619 4752 3696 4008 4267 3706 3972 3460 4059 2803 3558 4962 -1 2312 -1 3528 4319 3585 4830 3768 2632 2519 2482 3122 4477 5178 1778 4156 2335 3345 2530 1676 2971 -1 4263 5075 3473 3896 3858 2644 -1 -1 5227 4996 3415 5298 3974 1589 3373 2707 4096 3797 2640 2222 2927 3066 2935 0
3587 3298 5333 5711 5529 3650 4879 -1 4114 3311 4318 3206 3114 5498 4223 -1 4636 4703 4775 4912 4512 3769 3882 3340 4207 4270 -1 3563 3447 2834 2820 4191 -1 2956 4324 4325 4853 5799 3663 5320 3375 4389 3424 4247 4711 4265 3747 3240 3153 4774 3874 3466 4398 3772 7498 3522 4853 3423 3254 1886 4573 3809 -1 3722 3674 5147 3983 4148 4940 3923 -1 4757 4705 4981 4871 4810 4276 3251 4228 3946 3566 3984 2700 4887 4272 3676 4904 3174 -1 4718 4645 6282 4736 3597 3967 4360 5694 3531 3572 6824
1488 651 3444 3064 2882 1003 2232 -1 3305 2160 2666 1623 467 3319 2124 -1 3264 3120 3923 3236 3361 2469 2902 693 2251 1623 -1 1464 3705 187 2176 1766 -1 2432 3515 2742 3339 3516 1016 2673 728 1964 2385 2394 2286 2135 2503 1940 2002 3191 1227 2286 2155 1125 5168 1392 3270 2278 1602 3794 1926 1162 -1 2577 1249 2871 2331 2049 2775 2772 -1 2110 2361 3674 2224 3209 2656 2077 3248 5153 1141 2401 1571 2935 2320 2696 2479 2650 -1 3204 2993 3635 2089 3157 2453 1713 3169 1948 1920 5172
1712 3124 4485 3313 5270 2493 3470 -1 3139 1837 2560 2537 3068 3197 2348 -1 3391 1954 5356 4484 3038 2028 2907 3166 3084 2861 -1 2297 4205 3526 3479 2599 -1 1981 3349 3509 3740 3563 3271 3590 2218 2797 3285 2998 2929 2531 2502 1990 2669 4105 2530 3119 2598 2891 6354 3252 4184 2448 2343 2728 3416 2634 -1 2747 2082 3177 3072 2273 1045 2464 -1 2157 3059 3656 2374 4042 3196 3058 3230 6070 1974 1235 2404 3921 3306 2701 3312 2199 -1 823 2963 5228 2922 3990 72 3479 4304 2715 2560 5818
3217 3439 4386 4151 4890 2912 5119 -1 1242 1670 3365 2791 3255 2280 3853 -1 4284 3559 5844 2893 2871 2625 1993 2981 3430 4510 -1 4116 4459 3074 1805 4244 -1 4116 1452 3910 2964 4555 3702 5560 3240 3128 2647 4635 4746 3567 3395 2096 2997 4359 2363 2451 2311 3413 6835 3286 3792 3476 3640 4686 3835 1910 -1 3775 3727 3506 4369 3778 3526 3175 -1 3582 2816 3234 4708 3365 3524 1038 3235 6448 3619 3569 3882 4477 3862 4283 3005 4334 -1 3741 3045 5321 4976 3852 3609 4001 3584 3116 1643 6332
1924 2206 4734 2819 4437 1580 3787 -1 3501 1645 3372 3088 2022 2277 2560 -1 2952 3091 5005 3571 2846 3317 661 2248 3806 3178 -1 3019 4460 1742 3287 3321 -1 2926 3711 2713 1632 4700 2571 4228 2283 2719 3250 3342 3841 2697 2063 2788 2158 3162 2338 3041 2810 2680 5503 1954 3789 3393 2308 3354 2503 1907 -1 3592 2804 3481 3037 1175 2991 2334 -1 3294 1484 3231 3511 4062 3521 1735 4054 6513 2696 2372 3126 4452 3837 455 3702 3144 -1 2769 2204 4315 3644 4158 2424 3268 2473 1919 1640 5128
2681 3431 3984 3226 4338 2406 5161 -1 3893 2463 2969 3359 3247 4455 3317 -1 3304 3175 4226 4774 3664 2997 3600 2429 3630 4552 -1 3266 4959 3116 3672 3568 -1 2735 4103 4284 3642 4450 1714 4559 2131 3766 2847 2898 4088 2438 2415 2834 2305 4695 3156 4088 3049 2804 6753 1695 5006 2849 1905 5078 3329 2700 -1 3148 3051 4299 2634 3242 958 3075 -1 3120 3899 4625 4724 4103 3825 3213 3651 6849 2943 3585 3373 3538 2923 3394 4281 2953 -1 1792 3296 5141 3891 4504 1041 3392 4483 3490 2223 5475
805 2345 3615 1700 4363 461 4235 -1 2382 526 2253 2369 2161 1858 1441 -1 1833 3137 3969 3509 1727 2198 1571 2387 2816 3626 -1 2414 4031 2292 2168 3042 -1 1807 2592 3488 2182 3734 2710 4451 2422 3240 2131 2223 3562 1578 944 1669 2349 3331 1219 2814 1691 2819 4384 835 3370 2274 1189 2235 1384 1488 -1 2473 2525 2362 1918 1366 2902 1215 -1 2757 365 2812 3918 2943 3102 616 2935 5828 2417 3147 3265 3333 2718 2494 2583 2025 -1 3319 1085 3196 3272 3430 2568 3407 1610 2694 1221 4009
2447 3243 3859 4286 4879 1853 3782 -1 2793 1805 2606 2780 3059 2415 3083 -1 4345 4277 5402 4066 3006 3209 2128 2970 3419 3173 -1 4251 4448 3012 3111 2811 -1 4251 3003 3899 3099 4977 3608 4223 3140 3009 2636 3760 3069 3556 3456 2680 3132 1897 2162 3331 2895 3402 6896 3347 3927 1872 3545 4747 2776 2045 -1 4401 3607 3641 2271 3008 2411 3801 -1 3571 2877 3369 4697 3949 3659 2584 4402 6703 3499 3558 2177 1899 1284 3327 4837 4469 -1 4032 3671 2743 2605 3342 3281 3990 3549 3105 1778 6521
3115 2760 3055 4582 5018 1995 3973 -1 3642 2340 3063 3040 3921 4176 3751 -1 4026 2457 5447 5370 3541 2745 2560 2802 4259 3364 -1 3091 3745 3641 2692 3719 -1 2484 3852 2079 3531 4066 4470 4414 2837 3917 3788 3501 1499 3034 3137 2768 3025 4448 3033 3338 3918 3234 5990 3788 4687 2951 2846 3231 2395 3296 -1 3250 3202 4176 3575 3538 2756 2967 -1 2660 3383 4610 2877 4972 3699 2645 4592 5879 3094 1738 3579 4424 3809 2818 4432 2702 -1 2541 3466 4207 4008 3524 1790 3822 4372 1285 3175 6321
1990 1780 4747 1990 3405 2113 4091 -1 2770 2458 1318 1078 1596 3657 2626 -1 3551 2575 4114 3254 3659 3049 3038 1822 1979 3482 -1 2593 4438 3118 2962 2778 -1 2236 2980 2197 3369 2799 2145 3835 1857 2697 1196 3408 3298 1939 3255 2520 3131 2126 2631 3019 2872 2254 6202 1196 2576 2010 254 3349 3036 2201 -1 2309 2261 2506 983 2551 2881 1004 -1 1541 3490 2018 2995 2582 2986 1599 2000 5997 2153 1856 2649 2986 2371 2832 3491 2454 -1 2659 874 3830 3218 3642 1908 2842 4145 1403 3020 3824
3485 3188 5706 4871 6023 2971 5876 -1 4012 3208 4088 4160 4111 4321 4121 -1 3682 3620 4948 4213 4409 3191 2750 3230 3937 5267 -1 3461 5078 3831 4005 4089 -1 2854 4222 3995 3721 5121 4660 5922 2696 4287 3154 4199 4609 2557 3690 2662 3050 5168 3056 4609 2877 3662 6799 1814 5807 3024 3816 3575 3894 2819 -1 3464 3572 4528 4545 4046 4024 3820 -1 4647 3111 5275 5868 1829 3577 3824 3958 4641 3464 4938 4389 3051 2436 3574 524 3072 -1 3802 4293 5706 5733 2898 3268 4250 4356 4485 3684 6755
-1 -1 -1 -1 -1 -1 -1 -1 -1 -1 -1 -1 -1 -1 -1 -1 -1 -1 -1 -1 -1 -1 -1 -1 -1 -1 -1 -1 -1 -1 -1 -1 -1 -1 -1 -1 -1 -1 -1 -1 -1 -1 -1 -1 -1 -1 -1 -1 -1 -1 -1 -1 -1 -1 -1 -1 -1 -1 -1 -1 -1 -1 -1 -1 -1 -1 -1 -1 -1 -1 -1 -1 -1 -1 -1 -1 -1 -1 -1 -1 -1 -1 -1 -1 -1 -1 -1 -1 -1 -1 -1 -1 -1 -1 -1 -1 -1 -1 -1 -1
3784 4250 5315 4862 4788 3413 6004 -1 4249 1314 3902 3809 4066 3379 4420 -1 3533 5089 4003 5030 2515 4540 4350 2879 4516 5395 -1 3760 4713 3992 2956 2774 -1 5108 4459 4928 3882 5502 4615 5330 3138 2972 4092 4383 3294 4133 2644 4082 1156 4119 2007 3294 4534 3033 6767 4068 4746 2879 3390 5530 4336 3574 -1 1466 2960 3150 4119 3239 4329 1926 -1 4107 4233 4333 5726 4803 1683 4330 4366 7658 4103 4587 4399 4121 3506 4613 4190 5326 -1 4107 3746 4965 4827 5297 3356 3621 4723 4134 3708 6960
-1 -1 -1 -1 -1 -1 -1 -1 -1 -1 -1 -1 -1 -1 -1 -1 -1 -1 -1 -1 -1 -1 -1 -1 -1 -1 -1 -1 -1 -1 -1 -1 -1 -1 -1 -1 -1 -1 -1 -1 -1 -1 -1 -1 -1 -1 -1 -1 -1 -1 -1 -1 -1 -1 -1 -1 -1 -1 -1 -1 -1 -1 -1 -1 -1 -1 -1 -1 -1 -1 -1 -1 -1 -1 -1 -1 -1 -1 -1 -1 -1 -1 -1 -1 -1 -1 -1 -1 -1 -1 -1 -1 -1 -1 -1 -1 -1 -1 -1 -1
3727 3264 2944 4245 4171 2796 4896 -1 4254 3639 2802 3192 3080 4249 4363 -1 4755 4495 4059 3120 4713 3196 3760 2262 3463 4287 -1 4077 5276 2851 3505 3337 -1 4491 4183 4117 3475 4283 3629 5337 2521 3535 2680 2731 3857 3993 3866 2667 3698 3731 3996 3857 2882 2694 7639 3451 4606 3199 1738 5157 3719 3775 -1 1326 2820 566 2467 3802 4245 3259 -1 4221 4367 5203 4837 3936 2003 3713 3484 6342 3754 3776 4011 3371 2756 3554 4050 4709 -1 4579 3129 4577 4439 4401 3828 2305 4316 3323 2056 5308
2004 1794 4708 2004 3419 2127 3496 -1 2784 2472 1332 1092 1610 3568 2640 -1 3565 2589 4128 3268 3673 3063 1952 1836 1993 2887 -1 2607 4452 1451 2976 2792 -1 2250 2994 2211 2923 2813 2159 3849 1871 2711 1210 923 3312 1953 3269 2534 3145 2140 2645 3033 2886 2268 6214 1210 2590 2024 268 653 3050 2215 -1 2323 2275 2520 997 2466 2895 1018 -1 1555 2775 2032 3009 2596 3000 1613 2014 6011 2167 1870 2663 3000 2385 1746 3505 2468 -1 2673 888 3844 3232 3656 1922 2856 3764 1417 1361 3838
1090 2630 5355 4722 4648 2982 5413 -1 4549 2792 4359 3602 2446 5039 1726 -1 5232 4393 5481 3862 3807 1897 3537 2672 4230 4804 -1 2070 5046 3368 4434 3745 -1 4411 4759 4721 3952 4220 2995 4736 2707 3305 4364 2508 4265 4114 4343 1368 2634 4305 3485 3627 1976 3104 7147 3371 3592 4257 3581 5377 3905 2012 -1 4481 3228 3721 4310 1651 3855 3181 -1 4089 4340 3034 4203 3963 3626 4056 2608 6113 3120 4045 3550 4784 4169 3331 4458 4629 -1 3633 3606 5717 4068 4118 2882 3692 4793 3927 2946 6999
701 2241 3731 4333 4244 2593 2519 -1 3081 2403 3970 3213 2057 3040 1337 -1 3120 4004 5092 3697 3418 3226 2753 2283 2013 1910 -1 677 5087 2979 3644 3356 -1 3555 3291 3527 3469 3831 2606 2960 2318 3554 2161 2115 3876 3566 3954 2697 2245 3912 3096 3876 1587 2715 6236 2823 4552 3868 3192 4432 3516 1623 -1 3972 2839 3332 3921 1262 3291 2792 -1 2879 3576 3994 3814 3966 3237 1798 4838 5440 2731 3991 3161 1306 3732 2938 2890 3773 -1 4186 3217 4589 3679 3224 3594 3303 2956 3538 2403 6610
2180 2462 4348 3075 4684 1836 4043 -1 2598 594 3182 2585 2278 1204 2816 -1 3208 4082 4768 2855 1795 3573 917 2504 3224 3434 -1 3040 4672 1998 2236 3539 -1 3040 2808 3704 1888 4782 2626 4484 2539 3737 2441 3598 3670 2953 2319 3044 1921 3399 1287 2882 3066 2936 5759 2210 2716 3374 2564 3610 2759 834 -1 3190 3060 2430 3293 2741 3609 2590 -1 3376 1740 2158 4035 4083 2448 1991 4310 6964 2952 3363 3382 3401 2786 3760 3958 3258 -1 3387 2460 4245 3900 3646 2636 3524 2729 2910 567 5384
1520 1524 4116 3690 4784 1876 4481 -1 3243 1167 2863 2496 2716 3140 2156 -1 3279 3333 4672 4155 2368 928 1788 1566 3330 3872 -1 2500 4784 2436 1917 2845 -1 3372 3453 3615 2759 2858 3265 3836 1601 3043 2725 2219 3365 3143 2509 399 2250 2869 968 2563 614 1998 4754 2400 4022 1843 2351 3800 2799 2442 -1 2498 2328 1738 3080 1622 1954 2075 -1 1542 1930 3464 4007 1668 3175 1902 3038 4751 2220 3076 2650 1870 1255 1582 3558 3590 -1 2664 3331 3926 3788 3149 1913 2586 3175 2821 2503 5574
2454 2519 3072 2766 3426 2051 4249 -1 2981 1551 2057 2447 2335 4041 3090 -1 3050 3392 3314 3862 2752 2451 2688 1517 2718 3640 -1 2430 4047 2204 2760 2705 -1 1823 3191 3372 2730 3538 802 4502 1776 2903 1935 1986 3225 1526 3121 1922 1393 3783 2244 3225 2137 1949 5841 783 4094 1937 993 4166 2974 1788 -1 2236 2188 3387 1722 3015 3095 2163 -1 2208 2987 4280 3812 3191 2913 2911 2739 6274 2080 2673 3316 2626 2011 2482 3418 2041 -1 3476 2384 4786 3957 3656 2725 2537 3571 2578 1311 4563
2629 3836 5732 5082 4682 3843 6050 -1 3156 3504 5006 4144 3652 4540 3265 -1 5215 5354 3817 5625 4705 2811 2924 3823 4783 5441 -1 2605 4222 4005 3719 3233 -1 1998 3366 4976 3895 5759 4201 5213 3913 3431 4000 3905 3753 4920 4326 2282 3346 5277 3165 3753 3515 4255 7762 4217 5195 2465 4381 5617 4766 3551 -1 2764 2716 4746 5110 3190 4194 4116 -1 4550 3747 4637 5742 4676 3441 3588 5149 2988 2608 4635 4835 3938 3323 2718 3946 2216 -1 3972 4467 6123 5607 5032 3221 4451 4736 4182 3903 7391
-1 -1 -1 -1 -1 -1 -1 -1 -1 -1 -1 -1 -1 -1 -1 -1 -1 -1 -1 -1 -1 -1 -1 -1 -1 -1 -1 -1 -1 -1 -1 -1 -1 -1 -1 -1 -1 -1 -1 -1 -1 -1 -1 -1 -1 -1 -1 -1 -1 -1 -1 -1 -1 -1 -1 -1 -1 -1 -1 -1 -1 -1 -1 -1 -1 -1 -1 -1 -1 -1 -1 -1 -1 -1 -1 -1 -1 -1 -1 -1 -1 -1 -1 -1 -1 -1 -1 -1 -1 -1 -1 -1 -1 -1 -1 -1 -1 -1 -1 -1
1737 1560 4815 2960 2886 1511 3800 -1 800 2133 2890 787 2244 2743 2373 -1 3470 2284 5260 3356 3334 2671 2456 977 1426 3191 -1 2918 4266 2300 1363 2723 -1 2311 1010 1906 2190 2984 2793 3872 1236 2921 643 2902 3243 1563 2581 2142 2413 2355 2655 2009 2357 1409 5649 2166 2434 2778 1943 3058 2434 1825 -1 2671 2206 2941 2672 2298 1990 1974 -1 1578 3082 3697 2704 3411 2365 1308 2793 5706 2098 1565 2686 3022 2407 2279 3283 2529 -1 2368 1844 4246 3835 1848 1617 1997 1580 1112 2106 5237
2199 2426 5219 3851 4657 2778 4007 -1 4138 2252 4156 3398 2242 4342 2835 -1 3559 3612 5515 4281 3453 745 2726 2468 3449 3398 -1 2590 3964 1962 3845 2025 -1 3533 4348 4063 3697 4139 2791 3955 2503 2223 3222 3617 2545 3304 2670 216 3118 3033 2896 2545 1895 2900 6110 2561 4821 3457 3377 3961 3701 2937 -1 4240 2447 3480 4106 2490 2703 3356 -1 3358 2091 4745 3999 2949 3638 2880 4026 6032 2339 2893 2769 4171 3556 2520 3677 3751 -1 2481 4269 5513 1819 2966 1730 3488 3336 3723 3695 2556
925 2465 4597 2501 3919 2817 4133 -1 3316 1959 3030 3303 2281 3765 1561 -1 3125 4228 4834 3921 3160 1906 2364 2507 1688 3524 -1 901 3142 3203 2084 1203 -1 3240 3526 2761 3335 3836 2830 2194 2542 1401 2907 2343 1723 3011 2377 1377 2417 2740 1135 1723 1592 2939 5732 2268 3669 2604 2518 3668 3740 1847 -1 3274 686 2672 3247 1486 2932 3016 -1 2520 1798 3111 4038 2646 3408 2587 2685 4674 578 4004 1008 2631 2016 2158 1916 3458 -1 3235 3441 4093 1526 2594 2484 3527 3043 3551 2631 5442
1270 2650 5039 4195 4828 2972 4231 -1 3973 2861 4089 3622 2466 3910 1906 -1 3257 3545 5330 4042 2195 678 2659 2692 3382 3622 -1 2250 4836 2186 3778 2897 -1 3511 4183 3996 3606 2608 3015 3888 2697 3095 3155 2688 3417 3618 2368 149 2743 4485 2829 3417 364 3124 6719 2875 3772 2613 3601 4319 3895 2192 -1 3053 2380 3901 4330 1831 2636 1825 -1 3748 2700 3214 3965 1418 3270 3489 2788 4501 2272 2826 2702 2640 2025 2453 1585 3729 -1 2414 3786 5686 4088 2899 1663 3712 3945 3917 3126 6344
198 1738 4487 3830 3756 2090 4521 -1 3657 1900 3467 2710 1554 4147 834 -1 4340 3501 4589 3194 2915 2723 2645 1780 3338 3912 -1 2551 4792 2476 3542 2853 -1 3519 3867 3829 3060 3328 2103 3844 1815 3051 3472 1616 3373 3222 3451 2194 1742 3413 2593 3373 1084 2212 6255 2479 4357 1456 2689 2731 3013 1120 -1 2668 2336 2829 3418 759 3862 2289 -1 3197 3448 4509 3311 3233 2734 3164 4335 5221 2228 3488 2658 3824 3209 2439 3566 3737 -1 3683 2714 4825 3176 4244 3540 2800 3901 3035 2054 6107
2374 2886 4247 3841 2965 1254 3232 -1 1475 1599 23 2299 3397 2513 3010 -1 3285 1716 2819 3126 2800 2556 2226 2928 3518 2623 -1 2350 3967 3288 2038 2978 -1 1743 1685 1338 3197 3325 1521 3673 2963 3176 2880 2760 2691 2245 2396 2027 2112 3867 2292 2684 2544 3360 4957 1502 3946 2210 2105 2490 2177 2143 -1 2509 2461 3435 2834 2935 2022 2226 -1 1919 2821 3467 2136 3598 2958 1271 3468 5138 2353 997 2838 3683 3068 2463 3238 1961 -1 1800 2725 3989 3267 2783 1049 3948 3817 544 1876 5580
4030 4160 6021 5236 6391 3997 5741 -1 5554 4062 4102 5132 3976 4694 4666 -1 5369 4550 6245 5988 5263 2576 3078 4202 4763 5132 -1 4253 5795 3696 5676 3856 -1 4577 5764 5130 4049 5583 4525 5786 4237 4054 3980 4955 4376 5114 4480 2047 4575 4502 4727 4376 3726 4634 6044 4371 6206 5025 3038 5324 4920 4324 -1 4403 4278 3643 3767 3592 4534 3442 -1 4753 3901 5648 4970 4780 5080 4152 4784 5416 4170 3831 4600 6002 5387 2872 5390 4795 -1 4312 4621 6732 3650 4797 3561 5222 4890 4336 4057 4387
1760 3290 4730 3609 3535 2160 4994 -1 1586 2014 3015 2556 3116 2624 2396 -1 4119 3903 5393 3237 3215 2694 2337 1626 1449 4385 -1 3906 4803 2949 2149 2997 -1 3299 1796 2826 2839 3100 3665 3988 1885 3195 666 3178 3517 2506 3230 2165 3062 4124 2707 2795 2380 2058 5630 2259 4136 3609 1951 3674 2854 2254 -1 4065 2480 3504 2680 2321 3072 2623 -1 1694 3160 3578 4473 3434 3589 1382 3579 6468 2372 3334 2802 3636 3021 2302 3349 3517 -1 2850 2493 4666 4738 1729 2099 2646 1461 2881 1987 5521
1936 2755 3428 3022 4437 2368 2413 -1 3182 2163 1503 2110 2628 4331 2572 -1 2466 897 4299 4286 3364 2917 2933 2797 2699 1804 -1 1912 4118 2469 3065 2214 -1 2857 3392 2452 2815 3319 3001 2854 2474 2412 2228 1941 1872 2971 1577 2388 3074 3158 2146 2734 2603 3147 6021 2228 3608 3042 1286 1671 2768 2858 -1 3341 1697 3538 2015 2497 1301 1407 -1 1913 2002 3050 1317 3614 4018 2631 3032 5334 1589 2111 2019 3642 3027 2764 2927 3075 -1 1079 1906 4580 2537 3605 2163 3735 3247 1658 1615 4761
1799 2302 4397 2301 3719 2654 3933 -1 3116 1945 2830 3103 2327 3565 2264 -1 2941 4111 4634 4564 3146 1706 2164 2344 1488 3324 -1 2091 2942 3214 1884 1003 -1 3338 3326 2561 3135 3636 2876 1994 2379 1201 2707 2997 1523 3041 3225 1177 2217 3047 935 1523 1392 2776 5532 2298 4750 2621 2318 3759 3577 2490 -1 3074 486 2472 3047 1468 2732 2853 -1 2320 2708 4242 4785 2446 3208 2432 3816 4474 378 3804 808 2648 2033 1958 1716 3556 -1 3035 3418 3893 3755 3927 2284 3364 3327 3351 2431 5888
2644 2909 4044 3819 4369 1832 4636 -1 2879 3003 1427 3703 2725 3642 3280 -1 3672 3120 4223 2551 4204 3009 2881 2951 4356 4027 -1 3754 3735 3486 3187 2306 -1 3147 3089 2742 3852 4729 2925 4286 1557 1994 3752 3223 2826 2945 2783 2480 3516 4181 2238 2316 2695 3383 6361 2202 5117 1538 3509 3894 2755 3207 -1 1837 1789 3819 4238 2771 3426 2833 -1 3323 3704 4591 3540 3749 2514 2675 1297 6542 1681 2401 4242 3906 3291 2675 3019 3365 -1 3204 2703 4567 4671 4100 2453 3971 3449 1948 3280 6984
2961 1491 3051 3479 3405 1843 4228 -1 3483 2956 2031 2426 1307 3915 3597 -1 3989 3724 4763 4076 3947 2430 2299 1496 3971 3619 -1 3460 5496 2183 2739 3762 -1 3272 3693 3346 2709 4356 1856 4669 1568 3960 3188 1965 4282 2975 3100 1901 2842 3641 3649 3385 2116 1928 6686 2232 4073 3118 2442 4391 2766 2002 -1 3417 3245 3711 3171 3503 3631 853 -1 2950 3122 4869 4144 3170 2888 2917 4188 6253 3137 3005 3567 3541 2926 2788 4475 3490 -1 3808 2363 4578 4085 4160 3057 2516 3550 2552 2403 5756
2524 2347 2653 3747 3673 2298 4587 -1 1587 2858 3677 1574 3031 3530 3160 -1 4257 3071 5547 4143 4059 3458 3243 1764 2213 3978 -1 3705 3242 3087 2150 2918 -1 3098 1797 2693 2977 3771 3580 3909 2023 3116 1430 3689 3438 2350 3368 2929 2700 3142 2850 2796 3144 2196 6436 2953 3221 3565 2730 3845 1993 2612 -1 3458 2401 3728 3459 2449 2777 2761 -1 2365 3869 4484 3491 4198 3152 2095 3580 6389 2293 2352 2665 3809 3194 3066 3631 3316 -1 3155 2631 3805 4622 2635 2404 2784 2367 1899 2893 6024
2690 1748 3490 3382 3844 2096 4025 -1 3036 227 1923 2720 2427 2658 3326 -1 3503 2647 3732 3812 1428 1733 2012 1790 2569 3416 -1 2673 4023 2622 977 2084 -1 3336 3246 3238 2983 2187 2976 3075 1825 2282 2353 2404 2604 3793 2844 2258 1310 1929 28 1623 2473 2222 4978 3050 3185 2115 1411 3421 3019 2288 -1 2823 1567 2063 2140 682 2178 2080 -1 781 2835 3612 3067 3527 2922 1957 3157 5555 1459 2897 1889 2142 1527 1806 2797 3554 -1 2128 2802 2986 2848 3585 1377 2810 3792 2444 1729 4981
1619 2131 3492 3086 4501 2432 2477 -1 2146 844 1567 1544 2642 3449 2255 -1 2530 961 4363 3874 2045 1801 1914 2173 2763 1868 -1 1595 3212 2533 2486 2223 -1 988 2356 2516 2879 2570 3065 2918 2208 2421 2292 2005 1936 1538 1641 1272 1676 3112 1537 2743 2453 2605 5361 2292 3191 1455 1350 1735 2832 1800 -1 1754 1706 2680 2079 2180 1267 1471 -1 1164 2066 3114 1381 3507 2203 2065 3096 5398 1598 242 2083 2928 2313 1708 2936 1206 -1 1045 1970 4495 2512 3556 294 3193 3311 1722 1679 4825
302 1842 3112 1622 3860 2194 3834 -1 2046 2004 2661 2033 1658 3289 938 -1 1330 3530 3466 3298 3019 1946 2230 1884 2313 3225 -1 1911 3528 1789 2609 2539 -1 1304 2256 3152 1679 3432 2207 3948 1919 2737 1889 1720 3059 1075 441 1417 1846 3517 2471 3059 1188 2316 6359 332 3641 1771 1597 1732 2452 1224 -1 2070 2022 2933 2326 863 2644 2393 -1 2824 3053 3083 3415 3567 2747 2047 2657 5325 1914 2811 2762 3244 2629 2024 3252 1522 -1 3278 2528 4264 3280 3094 2527 2904 1107 2358 2158 5167
2800 3014 4950 4547 4473 3098 4595 -1 2387 3365 3165 2374 2830 4330 3436 -1 4384 3142 5629 4943 3725 2208 3373 2564 3013 3986 -1 3054 4042 2550 2874 3682 -1 2447 2597 3493 3667 4138 3379 4989 2823 3880 2230 4218 4202 3150 3668 1679 3207 3942 1925 3520 1894 2996 7236 3559 1374 2914 3308 3970 4021 3412 -1 3213 3165 2572 4037 3361 3546 3355 -1 3165 4196 3938 4291 2948 3751 621 4025 6031 3057 3152 3465 4039 3424 3167 2603 2665 -1 3324 3431 4883 4321 3435 3193 2004 3167 2699 3626 5508
2524 1675 4360 4101 4206 1939 5280 -1 2280 1773 2860 2267 1491 3828 3160 -1 3670 3757 3798 4260 2974 1933 2212 1717 2217 4671 -1 3891 2106 3283 2643 167 -1 3456 2490 3290 3183 2906 2040 2723 1752 365 2123 3274 687 3043 3614 2977 1615 3636 1694 687 3192 2149 5178 2416 3914 2698 2552 2923 2862 2186 -1 2997 2286 2465 3281 632 2378 2162 -1 1500 3035 4191 4184 3759 3227 2676 3124 5203 2178 3045 2608 3808 3193 2006 3516 3674 -1 3168 3164 4652 4514 3328 2417 2737 3060 2592 2870 6122
2029 2541 3902 3496 4247 909 2887 -1 2161 1254 1977 1954 2372 3859 2665 -1 2940 1371 4773 4030 2455 1982 2324 2338 2755 2278 -1 2005 3622 2943 2724 2633 -1 1398 2371 993 3289 2980 2921 3328 2597 2831 1972 2415 2346 1948 2051 1453 2086 1442 1947 3153 1668 2770 5771 2702 3601 1865 1030 2145 1832 2210 -1 2164 2116 3090 1759 2590 1677 1881 -1 1574 2476 3524 1791 2722 2613 395 2776 4793 2008 652 2493 3338 2723 2118 3346 1616 -1 1455 2380 3644 2922 2438 704 3358 2941 199 2089 4600
3391 3020 3879 4973 4899 3372 4601 -1 2813 2759 3561 2800 2836 4756 4027 -1 2097 4297 5448 4184 3960 4472 4469 2990 3080 3992 -1 3833 4468 2556 3376 4135 -1 4324 3023 3919 2446 4997 3385 5042 3097 3627 2656 4763 4655 3576 1208 3943 2601 4368 3452 3949 3805 1597 6951 3761 4447 3672 3777 5071 3219 3531 -1 3971 3618 3979 4506 3675 4003 3371 -1 3591 4730 4595 4593 5212 3128 3158 2930 6222 3510 3578 3891 5035 4420 4292 4848 4542 -1 4381 3857 5031 4458 3861 3630 2185 3287 3125 4119 7250
1087 2627 3897 1982 4645 743 4517 -1 2664 808 2535 2651 2443 2140 1723 -1 2115 3415 4251 3791 2009 2480 1853 2669 3098 3908 -1 2696 4313 2574 2450 3324 -1 2089 2874 3770 2464 4016 2992 4278 2704 3522 2413 2505 3844 1860 1226 1951 2631 3613 1501 3096 1973 3101 4666 1117 3652 2556 1471 2517 1666 1770 -1 2755 2807 2644 2200 1648 2506 1497 -1 3039 647 3094 3835 3225 3384 898 3217 6110 2699 2696 3547 3615 3000 2776 2865 2307 -1 2284 1367 3478 3554 3712 1533 3689 1892 2976 1503 4291
3125 3352 5116 4331 5490 3092 4933 -1 5013 3157 4116 4324 3168 3789 3761 -1 4464 4538 6441 5083 4358 1671 2173 3394 4375 4324 -1 3348 4890 2888 4771 2951 -1 4438 5223 4225 3144 5065 3717 4881 3429 3149 4002 4050 3471 4209 3575 1142 3670 3597 3822 3471 2821 3826 5139 3466 5301 4383 3820 4866 4015 3419 -1 3498 3373 2738 4549 2687 3629 2537 -1 4284 2996 4743 4925 3875 4175 3247 4952 6958 3265 3819 3695 5097 4482 1967 4603 4656 -1 3407 3716 5827 2745 3892 2656 4414 3985 3431 3152 3482
876 2416 2620 2519 4434 2768 4731 -1 2943 2525 2787 2930 2232 3135 1512 -1 2227 2181 4363 3872 3593 2843 2848 2458 3210 4122 -1 852 2484 2686 3506 3013 -1 2201 3153 4049 2576 4006 2781 4522 2493 3211 2786 2210 3533 1972 1338 2314 2420 4007 3218 3533 1762 2890 6676 1229 4282 2668 2494 2629 3349 1798 -1 1002 2496 242 3223 1437 2585 2967 -1 3721 3286 3980 3989 4141 1679 1893 3554 5899 2811 3708 3336 4141 3526 2921 3726 2419 -1 2363 3146 5161 3854 3991 3424 3227 2004 3255 2498 6064
1980 134 4159 2753 4171 486 3787 -1 2788 1770 2549 1106 2022 2570 2616 -1 2910 1943 4459 2765 2971 2158 2283 176 1940 3178 -1 2543 3394 1742 2336 1455 -1 2630 2998 2225 3254 1558 2571 2446 211 1653 1868 1877 1975 3180 2021 1629 1612 2674 1387 1975 1844 608 5329 2750 2753 2391 2262 3377 1409 2200 -1 1245 938 2924 2991 1920 564 2382 -1 152 3048 2377 3023 2898 1922 1328 3743 4926 830 1884 1260 2418 1803 2410 2168 2848 -1 2125 2917 3221 3644 2931 1936 1196 2663 1431 1933 5194
2565 2886 3734 3499 4238 2260 4467 -1 2152 1018 3513 2139 2702 1628 3201 -1 3632 2907 5192 2241 2219 1973 1341 2329 2778 3858 -1 3464 3807 2422 2660 3963 -1 3464 2362 3258 2312 3903 3050 4908 2588 4161 1995 3983 4094 2915 2743 1444 2345 3707 1711 3306 1659 2761 6183 2634 3140 3798 2988 4034 3183 1258 -1 3614 3484 2854 3717 3126 2874 2523 -1 2930 2164 2582 4056 2713 2872 386 3864 5796 3376 2917 3230 3825 3210 3631 2353 3682 -1 3089 2393 4669 4324 3200 2957 3349 2932 2464 991 5680
2095 1780 4571 4504 4490 2132 4402 -1 3290 2119 3004 2752 1596 2513 2438 -1 4104 4249 4808 4164 3320 1880 2740 1822 3227 3793 -1 3075 3116 2357 2058 1177 -1 3561 3500 3871 3711 3810 2145 3157 1857 1375 2881 3171 1697 3264 3461 1351 2391 3221 1109 1697 1566 2254 5706 2521 3988 409 2492 3933 3055 2291 -1 708 660 2690 3221 1642 2906 3027 -1 2494 2882 3462 4394 2620 1385 2606 3613 5637 552 3530 3501 2777 2162 2534 1890 3779 -1 3209 3448 4067 3929 4101 2458 2842 3501 3077 2810 6062
1853 1478 4271 3891 3709 1830 3059 -1 4132 2987 3493 2450 1294 4146 2489 -1 3840 3947 4750 4063 2778 1261 3242 1520 3078 2450 -1 2291 4532 1014 3474 2593 -1 3259 4342 3569 4166 3191 1843 3500 1555 2791 3212 3221 3113 2962 2951 732 2829 4018 2525 3113 947 1952 5995 2219 4097 3105 2429 4621 2753 1989 -1 3404 2076 3698 3158 2414 3219 2408 -1 2832 3188 3797 3051 2001 2690 2904 3371 5084 1968 3228 2398 3223 2608 3036 3306 3477 -1 2997 3820 4565 2916 2991 2246 2540 3996 2775 2747 5999
1882 2829 3688 3009 3885 1871 4152 -1 2622 1040 943 2609 2645 4195 2518 -1 1906 337 3739 4194 2241 3275 2836 2142 1918 3543 -1 3270 4277 2365 2682 3898 -1 2663 2832 2258 2255 4245 2441 4593 1914 3937 2465 3300 3611 2655 1017 2746 3015 3845 1733 3328 2768 2574 5461 1912 1691 2142 2961 3312 2794 2804 -1 3429 3381 2876 3690 2443 741 3139 -1 2839 1442 1133 3056 3652 946 2231 3240 6058 3273 1917 3700 3847 3232 2630 2347 2881 -1 519 3009 4606 4187 3536 1840 3162 2687 1464 1055 5086
1251 2631 5020 4176 4809 2953 4212 -1 3954 2842 4070 3603 2447 3891 1887 -1 3238 3526 5311 4023 2176 659 2640 2673 3363 3603 -1 2231 4817 2167 3759 2878 -1 3492 4164 3977 3587 2589 2996 3869 2678 3076 3136 2669 3398 3657 2349 130 2724 4466 2810 3398 345 3105 6700 3151 3753 2594 3582 4300 3876 2173 -1 3034 2361 3882 4311 1812 2617 1806 -1 3729 2681 3195 3946 1399 3251 3470 2769 4482 2253 2807 2683 2621 2006 2434 3591 3710 -1 2395 3767 5667 4069 2880 1644 3693 3926 3898 3107 6325
1827 2808 4728 3625 4579 2456 4281 -1 2354 924 2421 2480 2624 3541 2463 -1 2423 2765 3290 3235 2125 2009 2061 2670 3082 3672 -1 1803 3420 2517 2566 2205 -1 1196 2564 3599 2772 3902 175 4185 2885 2403 2299 3103 2725 899 2939 1480 766 3729 1617 2725 2201 3102 5214 156 4127 1437 1357 3539 3379 1161 -1 1736 1688 2760 2086 2388 2468 1536 -1 2968 2360 3653 3185 3188 2378 2284 3103 6195 1580 2046 3571 3136 2521 1855 2918 1414 -1 2849 2509 4575 4316 3541 2098 3690 3273 2805 3024 4927
2737 2491 4656 3914 5223 1885 3863 -1 3137 2230 2953 850 2307 3731 3373 -1 3916 2347 5749 4344 3431 2958 3300 2533 3101 3254 -1 2981 4489 3673 2734 2550 -1 2374 3347 1969 4265 2719 2856 3607 2568 2748 2948 3391 3070 2924 3027 2429 3062 2418 2403 3070 2644 2965 6747 3232 2497 1782 2006 3121 2808 3002 -1 2081 2033 2278 2735 3015 2653 2857 -1 1313 3452 4500 2767 3698 2758 1371 3752 5769 1925 1628 2421 4150 3535 3094 3263 2592 -1 2431 3356 4620 3898 3414 1680 3127 3917 1175 3065 5576
-1 -1 -1 -1 -1 -1 -1 -1 -1 -1 -1 -1 -1 -1 -1 -1 -1 -1 -1 -1 -1 -1 -1 -1 -1 -1 -1 -1 -1 -1 -1 -1 -1 -1 -1 -1 -1 -1 -1 -1 -1 -1 -1 -1 -1 -1 -1 -1 -1 -1 -1 -1 -1 -1 -1 -1 -1 -1 -1 -1 -1 -1 -1 -1 -1 -1 -1 -1 -1 -1 -1 -1 -1 -1 -1 -1 -1 -1 -1 -1 -1 -1 -1 -1 -1 -1 -1 -1 -1 -1 -1 -1 -1 -1 -1 -1 -1 -1 -1 -1
2266 2089 5344 3489 3415 2040 4329 -1 1329 2662 3171 1316 2773 3272 2902 -1 3999 2813 5661 3885 3863 3200 2985 1506 1955 3720 -1 3447 2984 2829 1892 3252 -1 2840 1539 2435 2719 3513 3149 4401 1765 3450 1172 3431 3772 2092 3110 2671 2942 2884 3184 2538 2886 1938 6178 2695 2963 3282 2472 3587 2963 2354 -1 3200 2735 3470 3201 2827 2519 2503 -1 2107 3611 4226 3233 3940 2894 1837 3041 6235 2627 2094 2407 3551 2936 2808 3812 3058 -1 2897 2373 4775 4364 2377 2146 2526 2109 1641 2635 5766
-1 -1 -1 -1 -1 -1 -1 -1 -1 -1 -1 -1 -1 -1 -1 -1 -1 -1 -1 -1 -1 -1 -1 -1 -1 -1 -1 -1 -1 -1 -1 -1 -1 -1 -1 -1 -1 -1 -1 -1 -1 -1 -1 -1 -1 -1 -1 -1 -1 -1 -1 -1 -1 -1 -1 -1 -1 -1 -1 -1 -1 -1 -1 -1 -1 -1 -1 -1 -1 -1 -1 -1 -1 -1 -1 -1 -1 -1 -1 -1 -1 -1 -1 -1 -1 -1 -1 -1 -1 -1 -1 -1 -1 -1 -1 -1 -1 -1 -1 -1
2543 1411 4451 3045 4463 1763 4677 -1 3386 2252 3574 2383 3036 2729 3008 -1 3166 3220 5378 3475 3453 1396 1675 1453 2232 4068 -1 2835 3686 2756 2628 1747 -1 2999 3596 3305 2646 1850 3585 2738 1488 1945 3054 3154 2267 3711 3077 1921 2889 3099 1679 2267 2136 1885 4641 2968 3958 3365 3062 4368 2686 2492 -1 2522 1230 3216 3791 2189 1841 3348 -1 444 2498 3654 4300 3190 3199 1620 4560 5218 1122 3161 1552 3392 2777 1469 2460 3217 -1 3402 3218 4498 4499 3617 3028 2473 3487 2708 2225 6142
2147 620 4645 3042 4657 972 4010 -1 3183 1868 3035 1592 2245 2500 2783 -1 2375 2429 4945 3251 3069 605 884 662 2426 3401 -1 3029 3880 1965 2822 1941 -1 3116 3393 2711 1855 2044 2794 2932 697 2139 2263 2363 2461 2920 2286 2115 2098 2308 1873 2461 2330 1094 3850 2177 3239 2877 2531 3577 1895 2130 -1 1731 1424 3410 3260 1398 1050 2557 -1 638 1707 2863 3509 3384 2408 1814 3886 5412 1316 2370 1746 2904 2289 678 2654 3334 -1 2611 2427 3707 3867 2826 2422 1682 2696 1917 1863 5351
2181 3721 5877 5253 5314 3939 6221 -1 3906 2772 5267 3893 3537 3382 2817 -1 5386 4661 6572 5033 3973 3727 3095 3405 4532 5612 -1 2157 5561 4176 4414 4836 -1 5218 4116 3854 4066 5311 4086 5827 3664 5034 3749 2457 5356 4669 4497 3198 3725 4254 3465 5060 3067 3837 7748 4388 4894 4826 4672 5788 4862 3012 -1 4722 4319 3962 5401 2742 3161 4272 -1 4684 3918 4336 2610 4467 4626 2140 5618 7204 4211 4671 4641 4853 4238 3280 4107 4352 -1 4843 4272 6423 5159 4954 4712 4425 4686 4218 2745 6054
1458 2998 4871 4867 3378 1100 4874 -1 4039 2778 3254 3955 2814 4039 2094 -1 3930 4761 5091 4454 3979 2539 3381 3040 1147 4265 -1 3604 5221 2951 2358 3617 -1 2997 4249 4569 4279 4469 3363 5104 3075 3815 3132 2876 4137 2700 3418 2010 2691 3521 1409 3004 2225 3472 5370 1957 920 3454 2190 3516 2023 2380 -1 3763 3100 3349 2919 2019 3565 3461 -1 3153 3541 362 4571 2881 3994 2273 3936 5693 3488 4228 3801 3481 2866 3193 1576 3215 -1 3509 3751 3835 4229 3950 2758 3668 4786 3775 3110 5578
2590 3136 5329 3485 5125 2246 4717 -1 3039 2311 4038 3026 2952 3643 3226 -1 2213 4523 5696 3836 2784 3661 3356 3178 3196 4108 -1 3949 4694 2672 2822 4251 -1 3592 3249 4145 2562 4235 3501 5158 3213 4449 2882 4008 4771 3363 2729 3132 2849 4594 3004 3468 1991 3610 5004 2620 4673 4059 2974 4020 3169 1762 -1 4231 3734 3471 3703 3151 4009 3000 -1 3817 2150 4597 4709 4401 3376 2074 4720 6128 3626 3804 4056 5017 4402 4279 4368 3295 -1 3787 2870 4981 4574 4042 3036 4198 3395 3351 3006 5794
1946 1769 5024 3169 3095 1720 4009 -1 1009 2342 3099 996 2453 2952 2582 -1 3679 2493 5469 3565 3543 2880 2665 1186 1635 3400 -1 3127 2664 2509 1572 2932 -1 2520 1219 2115 2399 3193 3002 4081 1445 3130 852 3111 3452 1772 2790 2351 2622 2564 2864 2218 2566 1618 5858 2375 2643 2987 2152 3267 2643 2034 -1 2880 2415 3150 2881 2507 2199 2183 -1 1787 3291 3906 2913 3620 2574 1517 3002 5915 2307 1774 2087 3231 2616 2488 3492 2738 -1 2577 2053 4455 4044 2057 1826 2206 1789 1321 2315 5446
4208 4682 2566 4208 6008 4633 4757 -1 3922 4162 5077 3909 4570 5697 4844 -1 5745 4471 6526 6310 5260 3743 5380 4099 4548 4148 -1 5061 3256 5251 4485 4582 -1 4454 4132 5028 5312 4685 4014 5198 4358 4780 3765 5198 5102 4157 4856 3214 4004 5477 4514 5102 3429 4531 7723 3414 5556 4779 4205 5245 1906 4419 -1 4314 4065 4769 4934 4217 4777 3222 -1 3279 4277 5473 4891 4483 4531 2156 5634 7566 3957 3752 4387 5705 5090 5174 5295 4672 -1 4555 3092 3718 6022 4970 3804 5119 4702 4234 4523 7775
3436 4530 4894 4669 5211 2159 5933 -1 4728 2396 3276 3828 4346 4475 4072 -1 4615 4969 5085 3401 3597 4370 4184 3302 3125 5324 -1 4681 5584 4481 4038 3856 -1 4915 4938 3183 4515 5549 4609 5110 1884 3843 2342 3550 4376 2863 3726 3841 2238 4876 3089 4165 4056 3734 5987 3875 5326 3387 3004 4031 3082 3125 -1 3686 3602 4232 3733 3997 3429 3008 -1 4291 5007 4768 5389 3728 2765 3233 3146 7590 3494 4250 3924 4950 4335 3978 4596 5133 -1 3207 3553 4894 5306 2086 2456 4322 5298 3797 3838 6574
1406 2946 4457 3178 3326 3298 4989 -1 3374 2726 4315 3361 2762 4699 2042 -1 2548 3761 4910 4171 3927 2487 3329 2988 1095 4380 -1 3552 5029 2944 2422 4061 -1 2945 3584 2168 2897 4417 3311 1601 3023 4259 3045 2824 4114 2648 2832 1958 2950 4428 2527 3068 2173 3420 5318 1905 5008 3402 3251 3514 4221 2097 -1 2839 3544 2079 3980 1967 3513 3497 -1 3101 3489 4557 4519 2985 3516 2881 4597 4081 3436 4139 3866 3429 2814 3141 3975 3163 -1 3943 3922 5376 4384 4108 3472 3818 3738 3686 3262 6190
1989 2271 4799 2884 4502 1645 3852 -1 3566 1710 3437 3153 2087 2342 2625 -1 3017 3156 5070 3636 2911 3382 726 2313 3338 3243 -1 3084 4525 1807 3352 3386 -1 2991 3776 2778 1697 4765 2636 4293 2348 2784 2555 3407 3322 2762 2128 2853 2223 2150 2403 3106 2875 2745 3692 2019 3854 3458 2373 3419 2568 1972 -1 3657 2869 3546 3102 1240 3053 2399 -1 3359 1549 3296 3576 4127 3586 1800 4119 6578 2761 2437 3191 4517 3902 520 3767 3209 -1 2834 2269 4380 3709 4223 2489 3333 2538 1984 1705 5193
2928 2465 3018 3446 3372 1997 4195 -1 3190 2056 2003 2393 2281 2666 3564 -1 3956 3696 3260 3939 3257 2397 2379 1463 2664 3586 -1 3278 4845 2150 2706 3580 -1 3692 3400 3318 2676 3484 2830 4571 1722 3382 1881 1932 4100 3395 3067 1868 2899 3729 2749 3352 1821 1895 6840 2652 4040 2545 939 4358 2920 2296 -1 3225 3063 3892 1668 3475 3598 2460 -1 3474 3202 3620 4038 3137 3426 1424 2685 5958 2955 2977 3385 2572 1957 2755 3391 3910 -1 3780 2330 4732 3903 3602 3029 2483 3517 2524 1257 4509
2605 1816 2695 3123 3049 1674 3872 -1 3132 673 1680 2070 1632 3990 3215 -1 3633 3373 2937 3616 1874 2074 2638 1140 2341 3263 -1 2955 3893 1827 182 1954 -1 3369 3342 2995 2353 3161 2181 2945 1399 2152 1558 1609 2474 3072 2744 1545 515 3406 1366 828 1760 1572 6126 2329 3717 2222 616 4035 2597 2327 -1 2902 1437 2509 1345 2419 3275 1285 -1 3151 3245 4610 3715 2814 2127 2591 2362 5425 1329 2654 1759 2249 1634 2432 2667 3587 -1 3457 2007 4324 3580 3279 2706 2160 3194 2201 934 4186
2549 2870 4756 3483 3544 2169 4451 -1 2136 1002 3497 2123 2686 1612 3185 -1 3616 2891 5176 3263 2203 1957 1325 1635 2762 3842 -1 3448 3791 2406 2644 3947 -1 3448 2346 3242 2296 3887 3034 4892 1894 3774 1979 687 3656 2899 2727 1428 2329 2484 1695 3290 1643 2067 5978 2618 3124 3056 2972 4018 3092 1242 -1 3598 3468 2838 3701 2230 3295 2632 -1 2914 2148 2566 4040 2697 2856 370 3848 5780 3360 2901 3214 3083 2468 1510 2337 2582 -1 3073 2502 4653 4308 3184 2942 2655 2916 2448 975 5664
2048 1734 2138 2566 2492 1117 3315 -1 3195 2043 3616 1513 1550 3433 2684 -1 3076 3010 4866 3735 3034 1517 2081 583 3058 2706 -1 2547 4788 1270 1826 2849 -1 2812 3405 2632 1796 3447 2099 3756 842 3047 2275 1052 3369 2515 2187 988 2019 2849 2736 2472 1203 1015 5960 1772 3160 2601 2669 3478 2040 2245 -1 3339 2332 3397 3398 2595 2718 1580 -1 3088 2688 4053 3307 2257 2546 2034 3627 5340 2224 2291 2654 2628 2013 1875 3562 3030 -1 3094 1450 3852 3172 3247 2343 1603 2637 1838 1490 4843
1965 2287 4775 2483 2409 1034 3868 -1 2310 2094 3533 1430 2103 3350 2601 -1 2993 2927 4783 3652 2043 2949 3063 500 2936 3259 -1 3100 3965 1823 2873 3366 -1 2729 2520 2549 1713 4494 2652 4309 759 3564 2153 2425 3886 2432 2104 2420 1936 2998 2787 3519 2851 932 5877 1689 3077 2518 2586 3395 1957 2694 -1 3256 2849 3314 3315 2526 2635 1497 -1 3088 2605 4304 3347 4278 2463 1951 4303 5557 2741 2208 3207 2545 1930 3245 4075 2947 -1 3011 1367 3769 3725 3255 2260 1520 2554 1755 2713 4760
1853 2175 4663 2371 2297 922 3756 -1 3000 1982 3421 1318 1991 3238 2489 -1 2881 2815 4671 3540 3183 2837 2951 388 2863 3147 -1 2988 4841 1711 3563 3254 -1 2617 3210 2437 1601 4424 2540 4197 647 3452 2080 2313 3774 2320 1992 2308 1824 2886 2675 3774 2739 820 5765 1577 2965 2406 2474 3283 1845 2582 -1 3144 2737 3202 3203 2414 2523 1385 -1 3018 2493 4192 3235 4166 2351 1839 4208 5445 2629 2096 3095 2433 1818 3133 3963 2835 -1 2899 1255 3657 3613 3143 2148 1408 2442 1643 2601 4648
1997 2793 3409 4503 4429 3054 3332 -1 2343 3250 4433 2330 2609 3860 2633 -1 4634 3827 6065 4473 4451 4205 3083 2520 2969 2723 -1 3839 3998 2562 2906 3674 -1 3854 2553 3449 3733 4527 3158 3773 2779 3872 2186 3415 4122 3106 3745 3676 3456 3898 3602 3552 2883 2952 7185 3534 3977 1422 3486 4530 2749 2919 -1 4104 3157 3344 4215 2558 3533 3517 -1 3121 3166 4475 4247 4945 3908 2618 4336 6253 3049 3108 1727 1449 834 2877 4387 4072 -1 3582 3387 2293 4464 3367 2831 3540 3099 2655 3223 6349
2342 1967 3714 3489 4198 2319 3548 -1 4189 1392 3980 2939 1783 4635 2978 -1 3611 4436 4081 2221 2593 1750 3731 2009 3567 2939 -1 2780 4015 1503 3034 2076 -1 3735 4399 4058 3960 3680 2332 3989 2044 2274 3311 3710 2596 3438 2722 1221 1234 4197 2085 2596 1436 2441 6484 2695 4586 2957 2918 4832 3242 147 -1 2616 1559 1856 3647 2541 3708 2004 -1 3321 3677 4286 3540 2490 1761 3393 3860 5573 2457 3717 2887 3712 3097 3525 2789 3953 -1 3486 2373 5043 3405 3480 2735 3029 4485 3264 3236 5560
-1 -1 -1 -1 -1 -1 -1 -1 -1 -1 -1 -1 -1 -1 -1 -1 -1 -1 -1 -1 -1 -1 -1 -1 -1 -1 -1 -1 -1 -1 -1 -1 -1 -1 -1 -1 -1 -1 -1 -1 -1 -1 -1 -1 -1 -1 -1 -1 -1 -1 -1 -1 -1 -1 -1 -1 -1 -1 -1 -1 -1 -1 -1 -1 -1 -1 -1 -1 -1 -1 -1 -1 -1 -1 -1 -1 -1 -1 -1 -1 -1 -1 -1 -1 -1 -1 -1 -1 -1 -1 -1 -1 -1 -1 -1 -1 -1 -1 -1 -1
2781 3728 4587 3908 4784 3073 5051 -1 3521 2502 1842 3508 3544 4492 3417 -1 2805 1236 4638 5093 3703 4174 2876 3698 3788 4442 -1 4169 5176 3264 4084 4797 -1 3562 3731 3157 3154 5144 3340 5492 2813 4836 3344 4199 4510 3554 1916 3645 3931 5076 3195 4730 3667 3486 6360 2811 5155 4029 3924 4211 3927 3703 -1 4328 4280 4338 4653 3342 1640 4045 -1 3738 2341 5446 3955 5238 4777 3130 4139 6957 4172 2816 4599 5173 4558 2670 5510 3780 -1 1418 4419 5739 5086 4569 2868 4074 3586 2363 1954 5985
1850 3171 4828 4488 4828 356 4130 -1 3141 2007 4502 3128 3206 2617 2486 -1 3273 3896 5289 4268 3208 1907 2330 2434 3767 3521 -1 3752 3318 3411 3649 3955 -1 4408 3351 4247 3301 4058 3387 4571 2693 4153 2984 3001 4475 3904 3673 1378 2442 4696 2700 4295 2648 2866 6064 3368 4129 3007 3578 4383 1279 2247 -1 3910 3438 3843 4307 2411 3865 3212 -1 2652 3094 3571 4963 3702 3861 1375 4853 6785 3330 3906 3760 3034 2419 3682 3342 1312 -1 3643 3786 3091 4828 4128 2892 3454 3921 3453 1980 6669
3105 3539 5701 3749 5164 3225 5535 -1 4529 3379 3077 2837 3355 5416 3741 -1 4784 4290 5873 4208 4580 3421 4289 3581 3613 4926 -1 3690 5067 3490 4009 3128 -1 3995 4739 2192 5128 4558 3904 4119 3611 3326 2955 4523 3648 1872 3895 3208 3221 3885 3060 3648 3423 4013 4996 2955 4335 3769 2013 3040 4148 2134 -1 4068 2611 3843 2742 3593 2438 2763 -1 3300 4140 3777 4710 4341 3748 3314 3759 6599 2503 3571 2933 4745 4130 4083 3605 4213 -1 2216 2633 5589 4315 1095 1465 4601 5385 3118 4481 5583
2191 3092 4964 3705 5323 2320 3949 -1 3618 2316 3039 3016 2908 3163 2827 -1 3838 2433 5246 3562 3517 2507 1547 3134 3286 3340 -1 2776 4684 2628 3958 3078 -1 2460 3828 3344 2518 4042 3457 4069 2045 3276 2503 3477 3408 3010 2949 2469 2399 4048 3009 3598 3077 3370 6148 2840 4083 2927 2822 3207 3243 2793 -1 3226 2561 3656 3551 2061 1524 2943 -1 2636 2370 4117 2853 3889 2926 2621 3307 6549 2453 1714 2883 4400 3785 1341 3791 2678 -1 1302 3090 5055 3401 2247 551 3958 3359 2805 2526 6014
1605 1242 4415 2925 4829 1594 4263 -1 2478 1326 3914 2214 2265 2375 2241 -1 2633 3711 4769 3873 2527 2998 2088 1284 2743 3654 -1 3214 4831 2218 2968 3797 -1 2607 2688 3333 2982 4107 2814 4704 1319 3995 1960 2985 3778 2378 1744 2469 2720 3782 2019 3614 2491 1716 5184 1635 3861 1078 2900 3035 2517 2005 -1 3373 3280 3162 3629 2166 3702 3490 -1 2701 1165 3329 4131 4281 3247 1954 3960 5679 3172 2992 3602 1105 490 3294 4241 2825 -1 3795 3631 4329 4072 3023 3044 2304 2410 2539 1738 4809
1800 1425 4218 3838 3656 1777 3006 -1 4079 2934 3440 2397 1241 4093 2436 -1 3787 3894 4697 4010 2725 1208 3189 1467 3025 2397 -1 2238 4479 961 3421 2540 -1 3206 4289 3516 4113 3138 1790 3447 1502 2738 3159 3168 3060 2909 2898 679 2776 3965 2472 3060 894 1899 5942 2166 4044 3052 2376 4568 2700 1936 -1 3351 2023 3645 3105 2361 3166 2355 -1 2779 3135 3744 2998 1948 2637 2851 3318 5031 1915 3175 2345 3170 2555 2983 3253 3424 -1 2944 3767 4512 2863 2938 2193 2487 3943 2722 2694 5946
-1 -1 -1 -1 -1 -1 -1 -1 -1 -1 -1 -1 -1 -1 -1 -1 -1 -1 -1 -1 -1 -1 -1 -1 -1 -1 -1 -1 -1 -1 -1 -1 -1 -1 -1 -1 -1 -1 -1 -1 -1 -1 -1 -1 -1 -1 -1 -1 -1 -1 -1 -1 -1 -1 -1 -1 -1 -1 -1 -1 -1 -1 -1 -1 -1 -1 -1 -1 -1 -1 -1 -1 -1 -1 -1 -1 -1 -1 -1 -1 -1 -1 -1 -1 -1 -1 -1 -1 -1 -1 -1 -1 -1 -1 -1 -1 -1 -1 -1 -1
-1 -1 -1 -1 -1 -1 -1 -1 -1 -1 -1 -1 -1 -1 -1 -1 -1 -1 -1 -1 -1 -1 -1 -1 -1 -1 -1 -1 -1 -1 -1 -1 -1 -1 -1 -1 -1 -1 -1 -1 -1 -1 -1 -1 -1 -1 -1 -1 -1 -1 -1 -1 -1 -1 -1 -1 -1 -1 -1 -1 -1 -1 -1 -1 -1 -1 -1 -1 -1 -1 -1 -1 -1 -1 -1 -1 -1 -1 -1 -1 -1 -1 -1 -1 -1 -1 -1 -1 -1 -1 -1 -1 -1 -1 -1 -1 -1 -1 -1 -1
2310 1473 4266 3115 621 1825 3054 -1 3186 2933 3488 2445 1289 3816 2946 -1 3193 2924 4745 4058 4134 1674 2200 1515 3073 2445 -1 2286 4527 1009 3469 2588 -1 3254 3396 3564 3171 4338 1838 3495 1550 2786 3029 3216 3108 2957 2304 1145 2824 2795 2520 3108 2824 1947 2613 2214 4092 2685 2424 809 2748 1984 -1 3399 2071 3693 3153 2714 847 3594 -1 2932 2772 3720 3046 3878 3478 2899 4026 5975 1963 3223 2393 2712 2097 1994 3301 3472 -1 3106 3743 2671 2748 3895 2659 2535 3966 2770 2742 3485
1968 1597 3790 3565 3586 1949 3178 -1 1500 1468 3418 1487 1413 3443 2604 -1 674 2984 4157 2297 2283 2521 3140 1639 1657 2569 -1 2410 3155 1133 2063 2712 -1 3011 1710 2606 1023 2696 1962 3619 1674 2910 1343 3340 3232 2263 2798 1992 1310 3055 2161 2709 452 2071 5880 2338 3134 3033 2354 3758 2872 223 -1 2692 2195 1932 3083 2529 2690 2080 -1 2278 3307 4254 3170 3261 1837 1007 3493 4589 2087 2265 2517 3513 3107 2979 3425 3229 -1 3068 2449 4348 3035 2548 2317 2659 1864 1812 2806 5636
3706 3988 5074 4601 5428 3362 5569 -1 4124 2120 4059 4111 3804 2730 4342 -1 3389 5394 5316 4381 3321 4453 2443 3519 4372 4960 -1 4432 6049 3524 3762 4707 -1 3825 4334 5230 3414 5540 2804 6010 3778 4905 3937 3988 5196 3528 3845 3924 3395 4925 2813 4408 4139 3951 7285 2785 4242 3939 2995 5136 4285 2360 -1 4238 4190 3956 3724 4267 5097 4116 -1 4210 3266 3684 5561 5193 3974 3517 4741 8276 4082 4675 4908 4628 4013 3846 5420 4043 -1 4913 3986 5771 5426 5172 4162 4539 4255 4436 2093 6565
2176 1930 4317 3911 4662 1324 3302 -1 2576 1669 2392 289 1746 4187 2812 -1 3355 1786 2437 3684 2870 2397 2571 1972 2849 2693 -1 2252 3869 2966 3106 2225 -1 1645 2786 1408 3542 3395 2295 3743 2007 2423 2387 2830 2745 1348 2466 1868 2501 1857 2157 2745 2083 2404 6186 605 1936 2112 1445 2560 2247 1610 -1 2411 1708 3134 2174 2690 2092 2296 -1 1989 2891 2064 2206 3137 3028 810 3191 5208 1600 1067 2908 3585 2970 2365 2938 1863 -1 1870 2795 4059 3337 2853 1119 2566 3356 614 2504 5015
2942 3445 4186 3444 4862 1624 5076 -1 3785 2651 3828 3772 3470 3261 3407 -1 4084 4269 5301 3874 3852 2849 2974 3487 2631 4467 -1 3234 4085 4055 2882 2146 -1 3398 3995 3704 3945 2249 4019 3137 3522 2344 3628 3973 2666 4184 4368 2320 3215 4045 1933 2666 2535 3919 6675 3441 4357 3764 2980 4902 2547 2891 -1 2568 1629 1808 3709 2611 3875 3985 -1 843 3797 4215 5689 3589 3245 2019 4726 5617 1521 4550 1951 3791 3176 3101 2859 3616 -1 4033 4026 4359 4753 4833 3282 3547 4470 4097 2624 6550
2084 2880 3496 3923 4516 1490 3419 -1 2430 1442 2243 2417 2696 2052 2720 -1 3982 3914 5039 3703 2643 2846 1765 2607 3056 2810 -1 3888 4085 2649 2748 2448 -1 3888 2640 3536 2736 4614 3245 3860 2777 2646 2273 3502 2706 3193 3093 2317 2769 1534 1799 2968 2532 3039 6533 2984 3564 1509 3182 4384 2413 1682 -1 4038 3244 3278 1908 2645 3620 3438 -1 3208 2514 3006 4334 3586 3296 2663 4039 6340 3136 3195 1814 1536 921 2964 4474 4106 -1 3669 3308 2380 2242 2979 2918 3627 3186 2742 1415 6158
1200 363 3393 2776 3747 715 4016 -1 3017 1872 2378 1335 179 3031 1836 -1 2976 2832 3635 2948 3073 2181 2614 405 1963 3407 -1 1176 3417 1971 2359 1478 -1 2144 3227 2454 3051 3228 728 2469 440 1676 2097 2106 1998 1847 2652 1652 1714 2903 1410 1998 1867 837 4880 1104 2982 1990 1314 3606 1638 874 -1 2289 961 2583 2043 1761 2487 2484 -1 1822 2073 3386 1936 2921 2368 1789 2960 4949 853 2113 1283 2647 2032 2408 2191 2362 -1 2916 2705 3450 1801 2869 2165 1425 2892 1660 1632 4884
1723 3045 4180 3572 3498 1968 4772 -1 3015 2896 1563 2519 2861 3778 2359 -1 2984 3256 4359 2687 4097 2657 2471 1589 1412 4163 -1 3869 3871 2912 3323 2442 -1 3262 3225 2878 2802 4587 3061 4422 1693 2130 629 3141 2869 2965 2919 2128 3025 4087 2374 2452 2343 2021 5635 2222 4166 1674 3645 3831 2891 2645 -1 1973 1925 3467 4374 2284 3562 2586 -1 3271 3294 4727 3676 2015 2650 2811 1433 6480 1817 2537 4183 3237 2622 2265 3155 3480 -1 3340 2456 4703 4701 4236 2589 2609 3585 2084 3416 5849
2868 2434 4529 2204 4486 2786 4015 -1 2400 2307 3393 2387 2250 3871 3504 -1 1574 2787 3936 3197 3183 3421 3584 2476 2557 3406 -1 3247 4055 1970 1448 3549 -1 3050 2610 1194 1923 3596 2799 627 2511 3747 2071 3458 3140 3163 1858 2892 2149 3955 3000 2094 1352 2908 6780 3175 4034 3517 2465 4658 3709 1123 -1 2977 3032 2832 3194 1166 3191 2696 -1 3099 3892 3583 4007 4161 2737 1907 4081 3107 2924 3165 3354 4098 3483 3707 3001 3268 -1 2969 3349 5248 3872 3134 3217 3496 2764 2712 2783 6035
2474 2795 4681 3408 4147 2169 4376 -1 2061 927 3422 2048 2611 1537 3110 -1 3541 2816 5101 3188 2128 1882 1250 2238 2687 3767 -1 3373 3716 2331 2569 3872 -1 3373 2271 3167 2221 3812 2959 4817 2497 4070 1904 3892 4003 2824 2652 1353 2254 3616 1620 3215 1568 2670 6092 2543 3049 3707 2897 3943 3092 1167 -1 3523 3393 2763 3626 3035 3220 2923 -1 2839 2073 2491 3965 2622 2781 295 3773 5705 3285 2826 3139 3734 3119 3540 2262 3591 -1 2998 2793 4578 4233 3109 2867 3258 2841 2373 900 5589
1977 2259 4145 2872 4481 1633 3840 -1 2395 391 2979 2382 2075 1001 2613 -1 3005 3879 4565 2652 1592 3370 714 2301 3021 3231 -1 2837 4469 1795 2033 3336 -1 2837 2605 3501 1685 4579 2423 4281 2336 3534 2238 3395 3467 2750 2116 2841 1718 3196 1084 2679 2863 2733 5556 2007 2513 3171 2361 3407 2556 631 -1 2987 2857 2227 3090 2538 3406 2387 -1 3173 1537 1955 3832 3880 2245 1788 4107 6761 2749 3160 3179 3198 2583 3557 3755 3055 -1 3184 2257 4042 3697 3443 2433 3321 2526 2707 364 5181
2161 1698 2251 2679 2605 1230 3428 -1 2688 2156 1236 1626 1514 3546 2797 -1 3189 2929 2493 3172 3147 1630 2194 696 1897 2819 -1 2511 4356 1383 1939 2813 -1 2925 2898 2551 1909 2717 2063 3804 955 2615 1114 1165 3333 2628 2300 1101 2132 2962 2745 2585 1316 1128 6073 1885 3273 1778 172 3591 2153 2209 -1 2458 2296 3510 901 2708 2831 1693 -1 2707 2801 4166 3271 2370 2659 2147 1918 5453 2188 2210 2618 1805 1190 1988 3526 3143 -1 3013 1563 3965 3136 2835 2262 1716 2750 1757 490 3742
2768 2576 4512 4411 4807 2928 4157 -1 4835 3471 2727 3548 2392 5027 3404 -1 4119 4073 5523 5161 4672 3259 3921 2618 4176 3548 -1 2744 4376 2112 3797 3691 -1 4093 3444 4042 4468 5431 2941 4598 2653 3889 4310 4102 4211 3864 3230 2730 3927 5077 2965 4211 3654 3050 6887 3121 5195 4203 3527 4521 3851 3087 -1 2894 3174 2134 4256 3329 4477 4285 -1 4025 4286 5599 4149 3470 3571 3785 5173 5603 3066 3701 3496 4692 4077 3715 2165 4311 -1 4255 4918 5663 4014 4539 3753 1566 3896 3248 3845 5070
3518 3155 5324 4838 5320 2589 5887 -1 4391 2826 3706 4127 4122 4288 4154 -1 4546 5399 5515 3831 4027 3158 4001 3197 3555 5278 -1 4730 5924 3842 4468 4286 -1 4520 4601 3613 4624 5088 4671 5540 2314 4273 2772 3980 4806 3293 3657 2629 2668 5306 3519 4595 2844 3629 6417 3548 5756 2991 3434 4461 3512 3555 -1 3431 4032 4662 4163 4079 3859 3438 -1 4614 3078 5198 5819 1796 2215 3663 3576 6981 3924 4680 4354 3018 2403 4408 4702 4738 -1 3637 3983 5324 5736 2516 2886 4217 4323 4227 3651 6722
3071 3537 4602 4149 4075 2700 5291 -1 3536 601 3189 3096 3353 3924 3707 -1 2820 4376 3290 4907 1802 3827 3637 2166 3803 4682 -1 3047 4000 3279 2243 2061 -1 4395 3746 4215 3169 4789 3902 4617 2425 2259 3379 3670 2581 4098 1931 3369 443 3406 1294 2581 3821 2320 6054 3355 4743 2166 2677 4817 3623 2861 -1 3197 3220 2437 3406 2526 3616 1213 -1 3394 3520 4878 5013 4090 970 3617 3653 6945 3390 3874 3686 3408 2793 3900 4450 4613 -1 3394 3033 4252 4114 4584 2643 2908 4010 3421 2995 6247
2196 3594 4473 4901 4827 702 4476 -1 3641 2414 2906 3628 3410 3641 2832 -1 4716 4396 4715 5192 3615 3462 3354 2918 4119 3867 -1 3837 5296 3605 1960 3732 -1 4626 3851 4221 4131 4404 3733 4723 3177 3930 3336 3387 4252 4404 3827 2933 2293 3123 1011 2606 3082 3350 7840 3714 5153 3098 2394 4729 1625 3118 -1 4666 3215 4250 3123 2757 3333 3063 -1 2998 4103 4595 5019 4202 3905 1875 4140 7203 3107 3880 3403 3125 2510 4210 4445 4844 -1 3111 3785 3437 3831 4568 2360 3938 4421 3427 2712 5964
0 1540 4289 3632 3558 1892 4323 -1 3459 1702 3269 2512 1356 3949 636 -1 4142 3303 4391 2996 2717 2525 2447 1582 3140 3714 -1 2353 4594 2278 3344 2655 -1 3321 3669 3631 2862 3130 1905 3646 1617 2853 3274 1418 3175 3024 3253 1996 1544 3215 2395 3175 886 2014 6057 2281 4159 3167 2491 4544 2815 922 -1 3391 2138 2631 3220 561 3664 2091 -1 2999 3250 4563 3113 3265 2536 2966 4137 5023 2030 3290 2460 3694 3079 2241 3368 3539 -1 3485 2516 4627 2978 4046 3342 2602 3703 2837 1856 5909
1846 0 4124 3899 4303 352 3653 -1 2654 1636 3075 972 1888 2668 2482 -1 3855 2469 4325 2631 2837 2411 2381 42 2517 3044 -1 2885 4701 1608 3217 2762 -1 2496 2864 2091 3352 2865 2437 3753 77 2960 1734 1743 3282 3046 2966 2484 1478 2540 2329 3282 2699 474 5195 2783 2619 2257 2128 3243 1275 2298 -1 3262 2245 2856 2857 2407 2775 2248 -1 1459 3204 3622 2889 3753 2005 1426 3874 5099 2137 1750 2562 2284 1669 2484 3393 2714 -1 2553 2783 3087 3510 2797 1802 1062 2529 1297 2031 5060
1642 2964 0 1642 3919 2544 4815 -1 3046 1596 3792 2940 2780 3309 2278 -1 3815 4280 3982 3927 2797 2701 2814 2010 3511 4206 -1 2495 4112 2770 3176 3056 -1 1888 2823 4059 3223 4772 3329 5103 2269 3254 3663 3060 3576 1591 2926 2172 1438 3444 2289 3576 2528 2442 7049 848 4378 2213 2728 4175 3467 1853 -1 1748 2606 3139 3457 2203 3160 656 -1 4389 3637 3820 4755 3219 1965 2067 4474 6231 2498 3718 4102 3828 3213 2608 3836 2106 -1 3862 526 5247 4620 4765 3111 3030 4064 3265 2672 6270
2604 2925 4811 0 4277 2021 4506 -1 2191 1057 3244 2178 2741 1667 3240 -1 3671 2638 5231 3318 2258 2012 1380 2368 2817 3897 -1 3503 3846 2461 2699 2784 -1 3503 2401 3297 2351 3942 3089 4947 2627 2982 2034 4022 3304 2954 2782 1483 2384 3746 1750 3304 1698 2800 6222 2673 3179 2646 3027 4073 2944 1297 -1 773 2267 2893 3756 3165 3042 3053 -1 2969 2203 2621 4095 2752 1450 425 3903 5835 3415 2956 3269 3864 3249 3670 2392 3721 -1 2820 2923 4708 4363 3239 2997 3388 2971 2503 1030 5719
1689 852 3645 2494 0 1204 2433 -1 3288 2361 2867 1824 668 3520 2325 -1 2572 3321 4124 3437 3562 1053 3034 894 2452 1824 -1 1665 3906 388 2848 1967 -1 2633 3498 2943 2921 3717 1217 2874 929 2165 2586 2595 2487 2336 1683 524 2203 3341 1899 2487 2203 1326 5369 1593 3471 2479 1803 3995 2127 1363 -1 2778 1450 3072 2532 2250 226 2973 -1 2311 2399 3875 2425 3257 2857 2278 3405 5354 1342 2602 1772 3136 2521 2828 2680 2851 -1 2789 3194 2050 2127 3274 2038 1914 3370 2149 2121 2864
1494 3034 4986 4897 5025 0 3774 -1 2939 3196 4286 2926 2850 4714 2130 -1 5162 3694 5543 4490 4211 2760 3941 3076 3565 3165 -1 3847 4594 3772 3502 3599 -1 4052 3149 4045 4329 3702 3031 4215 3111 3797 2782 2912 4119 3702 4374 2231 3038 4494 3531 4119 2380 3508 7551 3012 4573 2752 3222 4027 923 2416 -1 3964 3082 3786 3951 2055 4098 3585 -1 2296 4744 4490 4607 3500 3975 1173 4651 6517 2974 3704 3404 4722 4107 3735 4312 4270 -1 3876 3983 2735 4472 3987 3273 4096 3719 3251 3350 6792
1667 342 4367 2961 4379 694 0 -1 2194 819 2757 1314 2230 2778 2303 -1 3118 2151 3508 2973 2020 1421 1962 384 2148 3386 -1 1643 3260 1950 2461 1663 -1 1036 2404 2433 2933 1766 2779 2654 419 1861 2076 2085 2183 3388 2229 1320 661 2882 1512 2183 2052 816 5537 2958 2961 1503 2300 3585 1617 2408 -1 1453 1146 2655 3029 2128 772 1431 -1 360 2785 2585 3231 3106 2130 1536 3951 5134 1038 1536 1468 2626 2011 1756 2376 1254 -1 2333 3125 3429 3852 3139 2144 1404 2871 1639 2141 5402
-1 -1 -1 -1 -1 -1 -1 -1 -1 -1 -1 -1 -1 -1 -1 -1 -1 -1 -1 -1 -1 -1 -1 -1 -1 -1 -1 -1 -1 -1 -1 -1 -1 -1 -1 -1 -1 -1 -1 -1 -1 -1 -1 -1 -1 -1 -1 -1 -1 -1 -1 -1 -1 -1 -1 -1 -1 -1 -1 -1 -1 -1 -1 -1 -1 -1 -1 -1 -1 -1 -1 -1 -1 -1 -1 -1 -1 -1 -1 -1 -1 -1 -1 -1 -1 -1 -1 -1 -1 -1 -1 -1 -1 -1 -1 -1 -1 -1 -1 -1
3340 2197 4740 4515 4315 2528 5332 -1 0 3594 2123 3169 2013 4338 3976 -1 4368 3816 4919 3247 4626 3705 3577 2239 4714 4723 -1 4450 4051 3805 563 3002 -1 3843 210 3438 4548 5039 2562 4982 2253 2690 3931 3839 3522 3641 3479 3176 3436 4328 2216 1209 2795 2671 6307 2898 3235 2234 3148 4503 2622 2708 -1 2533 2485 4417 3877 3467 4122 3529 -1 3656 4002 5287 4236 3788 3210 2872 1993 5721 2377 3097 3344 4330 3715 3371 2483 4061 -1 3900 3399 4407 5036 4750 3149 3259 4145 2644 1674 5784
2470 3276 4155 4113 4509 2761 4690 -1 3701 0 2588 3530 3092 3323 3106 -1 3821 3775 4397 4334 1201 3534 3036 2600 3801 4081 -1 2446 4078 3287 1642 3136 -1 3795 3911 3903 3813 4188 3641 4405 2859 3334 3018 3069 3076 3566 2932 3005 1975 2805 693 2288 3220 3032 5453 2823 4835 2780 2076 4223 3684 2260 -1 2596 2619 1836 2805 3031 3015 2745 -1 3654 3785 4277 4701 3489 3273 3487 3822 6885 2789 3562 3085 2807 2192 3892 3849 4013 -1 2793 3467 3651 3513 4250 2042 3620 3598 3109 2394 5646
2351 2863 4224 3818 2942 1231 3209 -1 2878 1576 0 2276 3374 4181 2987 -1 3262 1693 2796 4558 2777 2533 2646 2905 3495 2600 -1 2327 3944 3265 3218 2955 -1 1720 3088 1315 3611 3302 1498 3650 2940 3153 3024 2737 2668 2222 2373 2004 2089 3844 2269 3475 3185 3337 4934 1479 3923 2187 2082 2467 2154 2484 -1 2486 2438 3412 2811 2912 1999 2203 -1 1896 2798 3846 2113 4239 2935 2404 3828 5115 2330 974 2815 3660 3045 2440 3668 1938 -1 1777 2702 3966 3244 2760 1026 3925 4043 521 2411 5557
1887 1641 4028 3622 4373 1035 3013 -1 2287 1380 2103 0 1457 3985 2523 -1 3066 1497 4899 4156 2581 2108 2450 1683 2881 2404 -1 2131 3748 2823 2817 1936 -1 1524 2497 1119 3415 3106 2006 3454 1718 2134 2098 2541 2456 2074 2177 1579 2212 1568 1868 2456 1794 2115 5897 2382 1647 1991 1156 2271 1958 2152 -1 2290 1419 2845 1885 2401 1803 2007 -1 1700 2602 3650 1917 2848 2739 521 2902 4919 1311 778 2619 3464 2849 2244 2649 1742 -1 1581 2506 3770 3048 2564 830 2277 3067 325 2215 4726
2030 184 3214 2908 3568 536 3837 -1 2838 1693 2199 1156 0 2852 2666 -1 2797 2653 3456 2769 2894 2593 2435 226 2701 3228 -1 2572 4189 1792 2902 2579 -1 1965 3048 2275 2872 3049 549 3937 261 2777 1918 1927 3099 1668 3150 2064 1535 2724 2386 3099 2279 658 5379 925 2803 1811 1135 3427 1459 695 -1 2110 2062 2404 1864 2591 2959 2305 -1 1643 2734 3806 3073 3333 2189 1610 2881 5283 1954 1934 2746 2468 1853 2229 3292 2183 -1 2737 2526 3271 3694 2981 1986 1246 2713 1481 1453 4705
2331 2154 3144 2919 3480 1692 4394 -1 1394 2727 3484 1381 2838 0 2967 -1 4064 2878 5259 1651 3928 3265 3050 1571 2020 3785 -1 3512 4860 2894 1957 3317 -1 2905 1604 2500 2784 3578 3387 4466 1830 3515 1237 3496 3837 2157 3175 2736 3007 2949 2001 2603 2951 2003 6243 2125 1512 3372 2537 3652 2615 2419 -1 3265 2800 3535 3266 2892 2584 1933 -1 2172 3676 954 3298 4005 2959 1902 3387 6300 2692 2159 3280 3616 3001 2873 3877 3123 -1 2962 1803 4427 4429 2442 2211 2591 2174 1706 2700 5831
2478 1105 4116 2996 2922 1457 4381 -1 2823 2607 4046 1943 2616 3427 0 -1 3506 3440 5296 2623 2556 3462 1811 1013 3449 3772 -1 3613 4478 2336 3386 3867 -1 3242 3033 3062 2226 3970 3165 4822 1182 3869 2666 782 3084 2945 2617 2933 2449 2579 3300 4032 3364 1445 6073 2202 3590 3031 3099 3908 2380 3057 -1 3769 3350 3827 3828 2325 3148 2010 -1 2564 2634 4381 3860 4787 2976 2464 4816 6070 3242 2721 3667 3058 2443 1605 4498 3460 -1 3524 1880 4192 4238 3768 2773 2033 3067 2268 1220 5273
-1 -1 -1 -1 -1 -1 -1 -1 -1 -1 -1 -1 -1 -1 -1 -1 -1 -1 -1 -1 -1 -1 -1 -1 -1 -1 -1 -1 -1 -1 -1 -1 -1 -1 -1 -1 -1 -1 -1 -1 -1 -1 -1 -1 -1 -1 -1 -1 -1 -1 -1 -1 -1 -1 -1 -1 -1 -1 -1 -1 -1 -1 -1 -1 -1 -1 -1 -1 -1 -1 -1 -1 -1 -1 -1 -1 -1 -1 -1 -1 -1 -1 -1 -1 -1 -1 -1 -1 -1 -1 -1 -1 -1 -1 -1 -1 -1 -1 -1 -1
1294 923 3716 3336 3154 1275 2504 -1 2523 2432 2744 1805 739 3075 1930 -1 0 3302 3953 2288 3633 2375 2466 965 983 1895 -1 1736 3977 459 2919 2038 -1 2704 2733 2924 349 3788 1288 2945 1000 2236 1955 2666 2558 2407 2775 1846 2274 3373 1970 2558 2061 1397 5206 1664 3452 2550 1680 3402 2198 1434 -1 2849 1521 3143 2409 1855 3047 2570 -1 2382 2633 3580 2496 3115 2928 1061 3426 5425 1413 2583 1843 3207 2592 2968 2751 2922 -1 3386 2440 3674 2361 3429 2635 1985 1190 2130 2192 5250
1545 2492 3351 2672 3548 1837 3815 -1 2285 1266 606 2272 2308 3901 2181 -1 1569 0 3402 3857 2467 2938 3250 2462 2552 3206 -1 2933 3940 2028 2848 3561 -1 2326 2495 1921 1918 3908 2104 4256 1577 3600 2128 2963 3274 2318 680 2409 2695 3840 1959 3494 2431 2250 5124 1575 3919 2793 2688 2975 2691 2467 -1 3092 3044 3102 3417 2106 404 2809 -1 2502 1105 4326 2719 4002 3541 1894 2903 5721 2936 1580 3363 3937 3322 3044 4274 2544 -1 182 3308 4503 3850 3333 1632 2838 2350 1127 718 4749
2475 1567 4437 4202 4661 981 4755 -1 440 1721 2563 2539 1383 2331 3111 -1 4180 3610 0 2944 2922 2676 2044 1609 3481 4146 -1 3955 4491 3125 1003 3442 -1 3348 650 3658 3015 4432 1932 5196 706 3130 2698 1804 3754 3051 3446 2147 2918 3601 2414 1649 2362 2041 5824 2308 3675 1054 2518 4737 1904 1961 -1 2973 2925 3557 3247 3036 3577 3226 -1 3026 2867 3285 4456 3416 3572 1089 2433 6161 2817 3317 3784 3422 2807 2627 2923 3566 -1 3792 3096 3716 5027 3903 3369 2629 3635 2864 1694 5974
1268 2135 1493 1268 4366 1882 3716 -1 2672 2325 3418 3107 1951 2935 1904 -1 4342 3580 3608 0 3526 2327 2440 2177 2889 3107 -1 2121 3559 1671 3140 2404 -1 1514 2882 3202 3411 2507 2500 3395 2212 2602 3296 2686 2924 1217 3842 1798 2566 3070 2191 2924 2154 2609 6652 474 2592 1839 2354 3801 2209 1479 -1 2041 1887 2066 3083 1829 2786 282 -1 1101 3263 3889 2527 3822 2718 1693 4100 5875 1779 2861 2209 3454 2839 2234 3117 1732 -1 3488 152 4021 3573 4507 2737 3197 4239 2408 2298 5924
2469 3443 4626 4045 5463 2985 5192 -1 3747 1743 4331 3734 3259 2353 3105 -1 4357 5231 4993 3133 0 3384 2066 3485 3232 4583 -1 2445 3874 3147 3385 1935 -1 4136 3957 4305 3037 2987 3775 3738 3520 2133 3590 3887 2455 4102 3468 2855 2146 4284 2436 2455 3070 3917 6908 3359 3865 3483 3713 4691 3908 1059 -1 3528 1418 2768 4442 2400 4146 2916 -1 3268 2889 3307 5184 2288 2673 3140 4229 6218 2122 4512 2552 3510 2895 3702 2648 4354 -1 4536 3285 5394 3070 4138 3785 4505 3878 4059 1716 6472
3015 3518 5029 3517 4935 2294 5149 -1 4332 2531 3411 3963 3543 4610 3480 -1 4157 5104 4770 3536 3732 0 3350 3437 2704 4540 -1 3307 4158 4430 3100 2219 -1 4554 4542 3318 4321 4852 4092 3210 2019 2417 2477 3685 2739 2998 3861 2393 2373 4263 2151 2739 2608 3869 6122 3514 5461 3522 3139 3836 3217 3260 -1 3821 1702 3688 3868 2684 3564 3143 -1 3536 3924 4903 5524 3662 2900 3368 3281 5690 1594 4385 2024 3864 3249 3144 2932 4772 -1 3342 3688 5029 4971 2221 2591 4457 4543 3932 3647 6709
1263 1545 4073 2158 3776 919 3126 -1 2840 984 2711 2427 1361 1616 1899 -1 2291 3595 4427 2910 2185 2656 0 1587 3145 2517 -1 2358 4489 1081 2626 2660 -1 2265 3050 3546 971 4192 1910 3567 1622 2858 2589 2681 3180 2036 1402 2127 2333 3789 1677 3180 2149 2019 4842 1293 3128 2732 1647 2693 1842 1246 -1 2931 2143 2820 2376 1824 3219 1673 -1 2807 823 2570 3118 3401 2860 1074 3393 6047 2035 3205 2465 3791 3176 2952 3041 2483 -1 3777 1543 3654 2983 3888 3026 2607 1812 2752 979 4467
2028 2030 4823 4443 4261 534 3611 -1 2612 1594 3033 930 1846 2850 2664 -1 3813 2427 4283 4263 2795 3038 2563 0 2475 3002 -1 2843 4678 1566 3175 2866 -1 2454 2822 2049 3534 4036 2395 4052 259 3064 1692 1925 3386 3004 2924 2509 1436 2498 2287 3386 2724 432 5377 2771 2577 2921 2086 3201 1457 2480 -1 3220 2349 2814 2815 2589 2733 2206 -1 2630 3386 3804 2847 3778 1963 1451 3832 5057 2241 1708 2950 4217 3602 2748 3575 2672 -1 2511 3436 3269 3468 2755 1760 1020 2487 1255 2213 5656
311 1851 4580 3943 2231 2203 4634 -1 3008 1631 3327 2823 1667 3604 947 -1 3160 3614 3944 3307 2832 1392 2234 1893 0 4025 -1 2457 4074 2589 2381 2966 -1 1850 3218 3942 3173 3322 2216 3957 1928 3164 3189 1729 3486 1553 2271 863 1855 3333 1432 3027 1078 2325 4223 810 4470 2307 2802 2419 3126 1233 -1 2616 2449 2202 3531 872 2418 2402 -1 2006 2394 3928 3424 2132 2847 2366 3502 5215 2341 3540 2771 2334 1719 2046 3679 2068 -1 3128 2827 4281 3289 3613 2377 2913 3639 3148 2167 5095
2276 951 1821 2627 4909 1303 609 -1 2803 1428 3366 1923 2673 3387 2912 -1 1997 2760 4117 3582 2629 2030 2571 993 2757 0 -1 2252 3869 2393 1871 2272 -1 1645 2776 1617 2346 2375 3222 1050 1028 2470 2494 2694 2792 3412 2281 1929 1270 3491 2121 2517 1775 1425 6146 2669 3570 2112 2413 4194 2226 1546 -1 2062 1755 3255 3142 1589 1381 2040 -1 969 3394 3194 3840 3715 2739 2145 4159 3530 1647 2145 2077 3235 2620 2365 2985 1863 -1 2942 2347 4038 4295 3557 2753 2013 3187 2248 1582 5983
-1 -1 -1 -1 -1 -1 -1 -1 -1 -1 -1 -1 -1 -1 -1 -1 -1 -1 -1 -1 -1 -1 -1 -1 -1 -1 -1 -1 -1 -1 -1 -1 -1 -1 -1 -1 -1 -1 -1 -1 -1 -1 -1 -1 -1 -1 -1 -1 -1 -1 -1 -1 -1 -1 -1 -1 -1 -1 -1 -1 -1 -1 -1 -1 -1 -1 -1 -1 -1 -1 -1 -1 -1 -1 -1 -1 -1 -1 -1 -1 -1 -1 -1 -1 -1 -1 -1 -1 -1 -1 -1 -1 -1 -1 -1 -1 -1 -1 -1 -1
24 1564 3720 3656 3582 1916 4347 -1 3483 1726 3293 2536 1380 3973 660 -1 4166 3327 4415 3020 2741 2549 2471 1606 3164 3738 -1 0 4410 2302 3368 2679 -1 3345 3693 3655 2886 3154 1929 3670 1641 2877 3298 1442 3199 3048 3277 2020 1568 3239 2419 3199 910 2038 5824 2305 4183 3191 2515 4568 2839 946 -1 3415 2162 2655 3244 585 3688 2115 -1 3023 3274 4587 3137 3289 2560 2990 4161 5047 2054 3314 2484 3718 3103 2265 3392 3563 -1 3509 2540 4651 3002 4070 3366 2626 3727 2861 1880 5933
1989 1498 4528 3756 3682 1850 4596 -1 1596 2102 2697 1583 1314 3539 2625 -1 3660 2091 3452 3397 3303 2171 2284 1540 2222 3987 -1 1965 0 2679 2159 2593 -1 1358 1806 2702 2986 3319 1863 3604 1575 2791 1439 3241 3113 1061 2771 1642 1944 3151 2525 2805 2612 1972 4467 318 3230 1825 2449 3854 2773 1323 -1 2124 2076 3032 3178 961 2495 2491 -1 1913 3107 3997 3071 3666 2801 2104 3308 6084 1968 2361 2418 3298 2683 2078 3212 1576 -1 2273 2640 4585 2936 2644 2413 2560 2376 1908 2767 6019
1301 464 3257 2877 2695 816 2045 -1 3118 1973 2479 1436 280 3132 1937 -1 3077 2933 3736 3049 3174 2282 2715 506 2064 1436 -1 1277 3518 0 2460 1579 -1 2245 3328 2555 3152 3329 829 2486 541 1777 2198 2207 2099 1948 2316 1753 1815 3004 1511 2099 1968 938 4981 1205 3083 2091 1415 3607 1739 975 -1 2390 1062 2684 2144 1862 2588 2585 -1 1923 2174 3487 2037 3022 2469 1890 3061 4966 954 2214 1384 2748 2133 2509 2292 2463 -1 3017 2806 3551 1902 2970 2266 1526 2982 1761 1733 4985
3480 1634 4664 4358 5018 1986 5287 -1 3074 3093 3548 2606 1450 4283 4116 -1 4247 4103 4906 4219 4294 3410 3885 1676 4151 4678 -1 4022 5639 3242 0 4029 -1 3415 3284 3725 4322 4499 1999 5365 1711 4227 3368 3276 4549 3118 4018 2881 2935 3765 1653 646 3729 2108 6829 2375 4253 3261 2585 4877 2909 2145 -1 3560 3512 3854 3314 4041 3926 3705 -1 3093 3439 5237 4523 4783 3639 3060 4331 6250 3404 3384 4045 3767 3152 3679 4742 3633 -1 3753 3976 4611 4473 4187 3002 2696 4163 2931 2903 5221
2361 1781 4193 3934 4039 1772 5171 -1 3053 1606 3087 2753 2449 3661 2997 -1 3503 3590 4295 4211 2807 1766 2045 1823 2050 4562 -1 3724 4575 3126 3248 0 -1 3888 3263 3123 3016 2739 2998 2556 1858 2834 2133 3107 520 3603 3447 2810 1448 3469 2299 3156 3025 2255 5011 2860 4400 2531 3418 4469 2695 3052 -1 2830 2119 2298 4147 465 2211 1995 -1 1333 2868 4024 4670 3592 3060 2509 2957 5036 2011 3531 2441 4065 3450 1839 3349 4106 -1 3772 2997 4507 5028 3196 3566 2843 2928 3078 3024 6390
-1 -1 -1 -1 -1 -1 -1 -1 -1 -1 -1 -1 -1 -1 -1 -1 -1 -1 -1 -1 -1 -1 -1 -1 -1 -1 -1 -1 -1 -1 -1 -1 -1 -1 -1 -1 -1 -1 -1 -1 -1 -1 -1 -1 -1 -1 -1 -1 -1 -1 -1 -1 -1 -1 -1 -1 -1 -1 -1 -1 -1 -1 -1 -1 -1 -1 -1 -1 -1 -1 -1 -1 -1 -1 -1 -1 -1 -1 -1 -1 -1 -1 -1 -1 -1 -1 -1 -1 -1 -1 -1 -1 -1 -1 -1 -1 -1 -1 -1 -1
631 1838 3734 3084 3734 1845 4052 -1 1158 1506 3062 2655 1654 2542 1267 -1 3217 3356 4195 3627 2707 813 926 1825 3285 3443 -1 607 2224 2007 1721 1235 -1 0 1368 2978 1897 3761 2203 3215 1915 1433 2511 1907 1755 2962 2328 284 1348 3279 1167 1755 1517 2257 5764 2219 3197 467 2550 3619 2768 1553 -1 766 718 2748 3279 1192 2196 2118 -1 2552 1749 2639 3744 2678 1443 1590 3151 5654 610 2637 2837 1940 1325 720 1948 218 -1 1974 2469 4125 3609 3034 1223 2845 2738 2184 1905 5393
3130 1987 4530 4305 4855 2318 5122 -1 3365 3384 1913 2959 1803 4128 3766 -1 4158 3606 4709 3037 4416 3495 3367 2029 4504 4513 -1 4240 3841 3595 353 2792 -1 3633 0 3228 4338 4829 2352 4772 2043 2480 3721 3629 3312 3431 3269 2966 3226 4118 2006 999 2585 2461 6847 2688 4606 2024 2938 4380 3241 2498 -1 2323 2275 4207 3667 3257 3912 3319 -1 3446 3792 5077 4026 3578 3000 3161 1783 5511 2167 2887 3134 4120 3505 3161 2273 3851 -1 3690 3189 4197 4826 4540 2939 3049 3935 2434 1464 5574
2399 3939 5019 4794 5641 3500 6304 -1 4547 4101 3095 4662 3755 5310 3035 -1 5340 4788 5891 3526 5116 4677 3946 3732 4536 5695 -1 4339 5403 4677 4855 3974 -1 4815 4757 0 4917 5529 4304 5954 3225 3662 5420 3817 4494 4613 4451 4148 3943 5614 3906 3984 3285 4164 8029 3870 4309 3206 4890 4932 4423 3321 -1 3505 3457 5030 5619 2960 5094 3808 -1 4627 4769 3751 4792 5417 4182 4322 2965 7422 3349 4069 2590 5574 4959 3740 4687 5033 -1 4872 3678 6235 5377 5768 4121 4752 5117 3616 4255 7992
1411 574 3367 2987 2805 926 2155 -1 2174 2083 2395 1456 390 3242 2047 -1 3187 2953 3604 1939 3284 2299 2117 616 2174 1546 -1 1387 3628 110 2570 1689 -1 2355 2384 2575 0 3439 939 2596 651 1887 2017 2317 2209 2058 2426 1770 1925 3024 1621 2209 1985 1048 5091 1315 3103 2201 1331 3717 1849 1085 -1 2500 1172 2794 2060 1972 2698 2221 -1 2033 2284 3231 2147 3039 2579 712 3077 5076 1064 2234 1494 2858 2243 2619 2402 2573 -1 3037 2091 3661 2012 3080 2286 1636 841 1781 1843 4901
1681 2987 2601 4038 3601 2589 4117 -1 2307 2655 3899 2985 2803 3691 2317 -1 4157 3876 5314 4677 3856 1962 2075 2055 1370 3508 -1 1756 3373 2742 2870 2384 -1 1149 2517 4104 3046 0 3352 4364 2314 2582 2964 2524 2904 2923 3268 1433 2497 4321 2316 2904 2448 2487 5593 2180 2108 1616 3699 3789 3512 2603 -1 1915 1867 3306 4428 2242 3345 3052 -1 3376 2898 3788 4779 3502 2592 1355 4300 6585 1759 3763 3986 3089 2474 1869 3097 1367 -1 3123 2922 3078 4644 4169 2372 2738 3887 3310 2962 6242
2625 2633 5035 3450 4404 2281 4633 -1 2318 2346 2778 2305 2449 3366 3261 -1 2248 3802 5574 3871 2819 2733 1886 2495 2944 4143 -1 3928 3969 2707 2857 2030 -1 3627 2528 3424 2597 4259 0 4010 2710 2228 2161 3949 2550 3081 2764 2204 2884 3586 1962 2550 2026 2927 5039 2655 3952 1262 1714 4055 3204 1797 -1 1561 1513 3506 2443 2400 3508 2464 -1 3001 2185 3478 4222 3473 2238 2109 3460 6163 1405 3083 3396 3630 3015 1680 2743 3330 -1 3822 2334 4920 4609 3366 3071 3515 3098 2630 2865 5284
2241 1807 4063 1577 3859 2159 3388 -1 1773 1741 2766 1760 1623 3244 2877 -1 947 2160 3309 2570 2556 2794 2957 1849 1930 2779 -1 2620 3428 1343 821 2922 -1 2423 1983 2879 1296 2969 2172 0 1884 3120 1444 3550 2513 2536 2840 2265 1583 3328 2383 1467 725 2281 6153 2548 3407 2890 2627 4031 3082 496 -1 2350 2405 2205 3356 2802 2564 2353 -1 2472 3265 2956 3380 3534 2110 1280 3766 2480 2297 2538 2727 3786 3380 3080 2374 2641 -1 2342 2722 4621 3245 2507 2590 2869 2137 2085 2607 5909
1769 3309 4787 4462 4523 275 4049 -1 3115 1981 4476 3102 3125 2591 2405 -1 4595 3870 4552 4242 3182 2936 2304 2614 3741 3440 -1 4122 4770 3385 3623 3874 -1 3746 3325 3359 3275 3977 2725 4490 0 4072 2958 1666 4394 3449 3706 2407 3308 3463 2674 4269 2622 3046 5118 2706 4103 3027 3497 4302 1198 2221 -1 4239 3357 3817 4226 2330 4274 3611 -1 2571 3127 3545 4882 3676 3835 1349 4827 6759 3249 3880 3679 3958 3343 2489 3316 3561 -1 4052 3481 3010 4664 4163 3548 3634 3895 3427 1954 6643
2159 1310 4266 4034 4001 1662 4915 -1 1915 2769 2495 1902 1126 3858 2795 -1 3923 3399 3433 3895 3970 3645 3561 1352 2541 4306 -1 3698 1741 2918 2278 3705 -1 3091 2125 3021 3305 4099 1675 4987 1387 0 1758 3053 4225 2678 3694 3116 2611 3441 1329 322 3045 1784 6208 2051 3549 2937 2187 4173 2585 1821 -1 3236 3188 3530 2916 2702 3105 3089 -1 2693 3115 4812 3819 4385 3315 2423 3627 6409 3080 2680 2993 3443 2828 3355 4398 3309 -1 3429 2959 4287 4149 2963 2678 2372 2695 2227 2505 5757
1094 2624 5216 2943 2869 1494 4328 -1 3572 2267 3963 1890 2450 3458 1730 -1 3453 3387 4727 4090 3468 2028 1842 960 783 3719 -1 3240 4857 2283 3017 3749 -1 2633 3782 3009 2173 3958 2999 4740 1219 3947 0 2512 3820 2336 2564 1499 2396 3458 2068 3663 1714 1392 5006 1593 3537 2943 3046 3202 2417 2016 -1 3399 3232 2838 3775 1655 3054 1957 -1 2642 2665 4412 3807 2768 2923 2411 4138 5851 3124 2668 3554 2970 2355 1636 4462 2851 -1 3471 1827 4229 4072 3715 2720 1980 3014 2215 2821 5220
2292 2574 4767 3187 4805 1948 4155 -1 3869 2013 3740 3456 2390 2645 2928 -1 3320 3459 5009 3939 3214 3685 1029 2616 4174 3546 -1 3387 4828 2110 3655 3689 -1 3294 4079 3081 2000 5068 2497 4596 2651 3087 3618 0 2969 3065 2431 3156 2526 1797 2706 3409 3178 3048 5291 2322 4157 3632 2676 3722 2871 2275 -1 3931 3172 3849 3405 1543 3359 2702 -1 3662 1852 3599 3879 4005 3889 2103 4422 6881 3064 2740 3494 4321 3706 823 4070 3512 -1 3137 2572 4683 4012 4526 2792 3636 2841 2287 438 5496
2788 1261 5286 3593 3519 1518 4651 -1 3824 2509 3676 2233 2886 3141 3424 -1 3016 3070 5531 3892 3710 1246 1525 1303 3067 4042 -1 3670 4521 2606 2776 2582 -1 3757 4034 3352 2496 2685 3435 3573 1338 2780 2904 3004 0 3542 2927 2756 2739 2949 1827 3102 2971 1735 4491 2799 3880 3518 3172 4218 2441 2771 -1 2372 2065 4051 3901 2039 1691 2607 -1 1279 2348 3504 4150 4025 3049 2455 4527 6053 1957 3011 2387 3545 2930 1319 3295 3975 -1 3252 2477 4253 4508 2783 3063 2323 3337 2558 2504 5870
2457 2082 3829 3603 4313 2364 3663 -1 4285 1507 3580 3054 1898 3761 3093 -1 3726 3786 4196 2336 2708 1865 3474 2124 3682 3054 -1 2895 4130 1618 3149 2191 -1 3346 4495 4173 4075 3795 2325 4104 2159 2389 3426 3509 2711 0 2837 1336 1349 4312 2200 2711 1551 2556 6287 2306 4701 3072 2516 4138 3287 262 -1 2731 1674 1971 3245 2656 1569 2119 -1 3436 2268 4401 3655 2605 1876 2519 3975 5688 2572 3832 3002 3827 3212 3640 2904 3564 -1 2403 2488 5099 3520 3595 1652 3144 3513 3379 2834 5675
2183 1812 2671 3765 3691 2164 3393 -1 1605 2876 2353 1592 1628 3548 2819 -1 889 3089 4842 3177 4077 3264 3261 1782 1872 2784 -1 2625 3260 1348 2168 2927 -1 3116 1815 2711 1238 3789 2177 3834 1889 2920 1448 3555 3447 2368 0 2735 2718 3160 2859 2814 2597 2214 6095 2553 3239 2464 2569 3863 2011 2323 -1 2763 2410 3746 3298 2467 2795 2779 -1 2383 3522 4469 3385 4004 3170 1950 2223 6314 2302 2370 2683 3827 3212 3084 3640 3334 -1 3173 2649 3823 3250 2653 2422 2802 2079 1917 2911 6042
2398 3938 5358 4046 5464 2823 4912 -1 4581 3060 3940 3979 3754 4126 3034 -1 4686 3396 5299 4065 4261 529 2510 3966 3233 4303 -1 2374 4687 3591 3629 2748 -1 3423 4791 3847 3481 5005 4303 3739 2548 2946 3006 3816 3268 3527 3912 0 2902 4792 2680 3268 3137 4333 6651 3803 5046 3890 3668 4170 3746 3320 -1 4189 2231 4217 4397 2959 2487 3672 -1 3599 3333 5080 3816 4191 3429 3584 3810 6219 2123 2677 2553 4393 3778 2304 3461 3641 -1 2265 4053 5558 4364 2750 1514 4921 4322 3768 3489 6977
2628 3126 4313 4271 4667 2919 4848 -1 3287 158 2746 3688 2942 3481 3264 -1 3462 3933 2847 4492 1359 3384 3194 2758 3668 4239 -1 2604 3557 3307 1800 1618 -1 3953 3497 4061 3811 4346 3491 4174 3017 1816 3176 3227 2138 3724 2573 2926 0 2963 851 2138 3378 2962 5611 2981 4993 2808 2234 4374 3842 2418 -1 2754 2777 1994 2963 2083 3173 770 -1 2951 3077 4435 4859 3647 1612 3571 3980 6654 2947 3720 3243 2965 2350 3457 4007 4171 -1 2951 3625 3809 3671 4408 2200 3550 3756 3267 2552 5804
3336 2433 4708 4483 4691 2690 4542 -1 4803 2386 4118 3405 2777 4313 3972 -1 4188 4143 5075 3215 3587 2418 2697 2475 3967 3933 -1 3774 3950 2497 3948 3070 -1 4170 5013 3073 3668 3857 3326 4745 2510 3268 3184 4176 1172 3705 3716 2215 2228 0 2999 3590 2430 2907 5663 3689 5052 3403 3846 4873 3613 1141 -1 3544 2553 2850 4575 3211 2863 2998 -1 2451 3490 4676 4534 2208 2627 3627 3988 6567 3129 3424 3559 3430 2815 2491 3783 4388 -1 4049 3367 5425 4399 2928 3298 3495 4509 2971 3676 6554
2662 2583 3462 3890 3816 2068 3997 -1 3008 1440 1895 2837 2399 2630 3298 -1 3705 3588 3704 4281 2641 2841 2343 1907 3108 3388 -1 2826 4660 2594 949 2721 -1 3615 3218 3210 3120 3928 2948 3712 2166 2919 2325 2376 3241 3771 2816 2312 1282 2112 0 1595 2527 2339 6829 3096 4142 2087 1383 4362 2991 2260 -1 3669 2204 3276 2112 3186 2322 2052 -1 2961 3092 3584 4008 3581 2894 2799 3129 6192 2096 2869 2392 2114 1499 3199 3434 3833 -1 2100 2774 2958 2820 3557 1349 2927 3764 2416 1701 4953
2834 988 4018 3712 4372 1340 4641 -1 2428 2447 2902 1960 804 3637 3470 -1 3601 3457 4260 3573 3648 3397 3239 1030 3505 4032 -1 3376 4993 2596 1956 3383 -1 2769 2638 3079 3676 3853 1353 4719 1065 3581 2722 2731 3903 2472 3372 2868 2289 3119 1007 0 3083 1462 6183 1729 3607 2615 1939 4231 2263 1499 -1 2914 2866 3208 2668 3395 3329 3059 -1 2447 2793 4591 3877 4137 2993 2414 3685 6087 2758 2738 3399 3121 2506 3033 4096 2987 -1 3107 3330 3965 3827 3785 2356 2050 3517 2285 2257 5509
2661 2286 4845 4699 4517 2638 3867 -1 4305 3574 4301 3258 2102 4184 3297 -1 4648 4755 4966 4871 1831 2069 3897 2328 3350 3258 -1 3099 5340 1822 4282 3401 -1 3147 4515 4377 4868 2244 2651 3856 2363 3599 3916 4029 3921 3770 3759 1540 3637 4826 3333 3682 0 2760 6803 3027 4352 3614 3237 5429 3561 2797 -1 3913 2884 4334 3966 3222 4027 3216 -1 3640 3996 4605 3859 2809 3498 3599 4179 4137 2776 4036 3206 3061 3416 3844 4114 3365 -1 3805 4628 5322 3724 3799 3054 3348 4711 3583 3547 6807
2354 1598 4391 4011 3829 1950 3179 -1 2180 1162 3492 2570 1414 3218 2990 -1 3381 2886 3851 3831 2363 3288 2931 1640 2043 2570 -1 2411 4561 1134 2743 2622 -1 2913 2390 3420 3433 3694 1963 3620 1675 2820 1260 3341 3142 3082 2492 2759 1004 3967 1855 3142 2974 0 6115 2339 4217 2727 2545 3660 2873 2109 -1 3142 2196 2382 3274 2915 3192 1774 -1 2288 3308 4172 3171 4028 1531 1976 4173 4625 2088 2167 2518 3882 3267 2896 3426 3131 -1 2970 3087 4685 3036 2323 2219 588 2055 2895 2581 6115
3382 3113 3720 4148 4074 1888 4897 -1 4157 3197 2705 3095 2983 4064 4018 -1 4504 4398 3962 4641 4398 2598 2448 2165 3366 4288 -1 3980 4850 2852 3408 3503 -1 4394 4367 4020 3378 4186 3532 5273 2424 3701 2583 2634 4023 4097 3615 2069 3079 4431 3890 4023 2785 2597 0 3354 4742 2949 1641 4906 2811 3678 -1 1492 2986 3665 2370 3614 3063 3162 -1 4176 3036 5018 4740 1754 2169 2907 3387 5438 3657 3679 4087 2976 2361 2242 4216 2844 -1 3897 3032 4623 3672 4304 3146 3185 4219 3226 1959 4409
1671 2825 4572 4124 4445 2885 4406 -1 2198 2250 4102 3466 2641 3582 2307 -1 4257 4396 3134 3079 3451 1853 1966 2536 4325 3797 -1 1647 3264 2361 2761 2275 -1 1040 2408 4018 2937 4538 3068 4255 2795 2473 3551 2947 2795 743 3368 1324 2092 4319 2207 2795 2294 2968 6804 0 4237 1507 3259 4659 3808 1005 -1 1806 1758 2714 3988 2232 2312 2862 -1 3592 2789 3679 4398 3348 2483 2630 4191 6431 1650 3677 3745 2980 2365 1760 2988 1258 -1 3014 3231 5165 4263 4074 2263 3556 3778 3224 2945 6418
2870 2495 4894 3947 4726 2847 4076 -1 3131 3804 3275 3035 2311 5074 3506 -1 3010 3886 5767 4633 3795 2278 3895 2537 3757 3467 -1 3308 4636 2031 3618 2697 -1 3191 3341 4154 3359 4208 2860 4517 2572 2895 2974 2866 3217 3894 3968 1749 3646 4083 2669 3217 1964 2969 7012 3153 0 3658 2211 2596 3770 2559 -1 3957 2180 3316 2940 3162 4236 2961 -1 3498 4205 3975 4068 3018 3707 1365 3957 6101 2985 3813 3415 4240 3625 3689 3347 3409 -1 4014 2831 5481 3933 4008 3263 2748 3911 3360 3304 5781
3217 1371 4401 4095 4755 1723 5024 -1 3741 2880 3386 2343 1187 4039 3853 -1 3984 3840 4643 3956 4081 3780 3622 1413 3888 4415 -1 3759 5376 2979 4089 3766 -1 3152 3951 3462 4059 4236 1736 5124 1448 3964 3105 3114 2700 2855 4337 3251 2722 3911 3573 4286 3466 1845 6566 2112 3611 0 2322 4614 2646 1882 -1 3297 3249 3591 3051 3778 4146 3492 -1 2830 3921 3053 4260 4520 3376 2797 4068 6470 3141 3121 3933 2368 1753 3416 4479 3370 -1 3924 3713 4458 4881 4168 3173 2433 3900 2668 2640 5892
2036 1526 4493 3885 3811 1878 4273 -1 2516 2640 1064 2498 1342 3554 2672 -1 3297 2757 3860 3000 3841 2970 2784 1568 1725 3664 -1 2339 4184 3134 3079 2641 -1 2784 2726 2379 3115 2545 1891 3632 1603 2443 942 3269 3161 3010 3232 2441 2877 4066 2573 2765 2656 2000 5948 2267 4145 1987 0 3531 2801 2037 -1 2286 2124 3746 729 2597 3063 2899 -1 2535 3236 4508 3099 2328 2963 2312 1746 6112 2016 2038 2446 3550 2935 2578 3354 3002 -1 2841 2769 4613 2964 3824 2090 2588 3898 1585 2795 3570
4960 5306 6844 5516 6931 5370 7008 -1 3700 4128 4844 4604 5122 4738 5596 -1 6742 6017 7640 5351 5329 5083 4451 5348 5505 6399 -1 6119 6917 4963 4263 6304 -1 5635 3910 5723 5422 4486 5671 7361 5383 5586 4722 4435 6824 5465 5853 4554 5455 5652 4821 4909 4769 5780 9293 4722 6102 5536 3780 0 6293 4368 -1 5835 5787 5964 4509 5521 5984 4530 -1 5067 5274 5544 6521 5823 5982 3496 5526 8906 5679 5382 6175 6512 5897 5258 5463 5853 -1 6185 4400 7356 6744 6310 5434 6368 6042 4929 4101 7350
2429 2776 4063 3974 4102 2727 2851 -1 2016 2857 3363 2003 3460 3791 3065 -1 4239 2771 4620 4404 3354 1837 3504 2193 2642 2242 -1 3409 3671 3345 2579 2676 -1 3129 2226 3122 3406 2779 2108 3292 2452 2874 1859 3292 3196 2779 3451 1308 2699 3571 2608 3196 1523 2625 6865 2089 3650 3243 2299 4274 0 3041 -1 3542 2159 2863 3028 2990 3175 2984 -1 1373 3859 3567 3920 2577 3380 250 3728 5660 2051 2781 2481 3799 3184 3495 3389 3347 -1 2953 3060 1812 4327 3064 2350 3213 2796 2328 2617 5869
3342 4181 3567 3342 4719 3344 5790 -1 4180 1245 3833 3740 3997 4568 3978 -1 3464 5020 3934 2074 2446 3602 4281 2810 4447 5181 -1 3691 4644 3745 2887 2705 -1 3588 4390 4859 3813 4581 4546 4749 3069 2903 4023 4314 3225 3291 2575 3073 1087 4050 1938 3225 4228 2964 6698 2548 4666 2810 3321 5461 4267 0 -1 2469 3864 1709 4050 3170 4260 1857 -1 3175 4164 5522 4601 4734 1614 3767 4297 7229 3853 4518 3955 4052 3437 4308 5094 3806 -1 4038 2226 4896 4676 5228 3287 3552 4654 4065 3639 5413
-1 -1 -1 -1 -1 -1 -1 -1 -1 -1 -1 -1 -1 -1 -1 -1 -1 -1 -1 -1 -1 -1 -1 -1 -1 -1 -1 -1 -1 -1 -1 -1 -1 -1 -1 -1 -1 -1 -1 -1 -1 -1 -1 -1 -1 -1 -1 -1 -1 -1 -1 -1 -1 -1 -1 -1 -1 -1 -1 -1 -1 -1 -1 -1 -1 -1 -1 -1 -1 -1 -1 -1 -1 -1 -1 -1 -1 -1 -1 -1 -1 -1 -1 -1 -1 -1 -1 -1 -1 -1 -1 -1 -1 -1 -1 -1 -1 -1 -1 -1
3338 3244 6148 3856 3782 2407 5241 -1 3683 3467 4704 2803 3060 3926 3974 -1 4366 4300 5642 5003 3416 3460 4056 1873 4061 4632 -1 4473 3950 3196 4246 2011 -1 4102 3893 3922 3086 4750 3609 4567 2132 2209 3526 3798 2531 2667 3477 2931 3309 4371 3500 2531 3146 2305 7022 3062 3280 1873 3959 4767 3330 2929 -1 0 1494 4270 4688 2476 4008 2870 -1 3344 3978 4880 4720 4029 677 3324 4968 6841 4022 3581 4452 3918 3303 3850 2724 4320 -1 4154 2740 5142 5098 4628 3403 2893 3927 3128 4045 6133
2558 2025 4710 4451 4556 2289 5519 -1 2630 2123 3210 2617 1841 3188 3194 -1 4020 4107 4148 4610 3324 1966 2562 2067 2567 4910 -1 3538 2456 3474 2955 517 -1 3560 2840 3640 3533 3256 2390 3073 2102 715 2473 3257 1037 3263 3486 1437 1965 3907 2006 1037 1652 2499 5528 2520 4264 2820 2849 3273 3212 2536 -1 3347 0 2776 3578 982 2728 2512 -1 1850 2907 4142 4534 2535 3577 1946 3474 5347 2528 3395 2958 2847 2232 2356 1230 3778 -1 3518 3514 4964 4826 3604 2767 3087 3410 2942 2551 6419
4020 4004 2378 4020 4542 3167 6001 -1 4443 3974 5464 3563 3820 4686 4656 -1 5126 5060 6360 5763 4176 4220 4816 2633 4821 5392 -1 4873 4710 3956 5006 2771 -1 4266 4653 4682 3846 5510 4369 5327 2892 2969 4286 4558 3291 3427 4237 3691 3816 5131 4260 3291 3906 3065 7782 3226 4040 2633 4719 5527 4090 3689 -1 760 2254 0 5448 3236 4768 3034 -1 4104 4738 5640 5480 4789 1437 4084 5728 7601 4782 4341 5212 4678 4063 4610 3484 4484 -1 4914 2904 5902 5858 5388 4163 3653 4687 3888 4805 6893
2686 3198 4559 4153 3277 1566 3544 -1 1787 1911 335 2611 3709 2825 3322 -1 3597 2028 3131 3438 3112 2868 2538 3240 3830 2935 -1 2662 4279 3600 2350 3290 -1 2055 1997 1650 3509 3637 1833 3985 3275 3488 3192 3072 3003 2557 2708 2339 2424 4179 2604 2996 2856 3672 5269 1814 4258 2522 2417 2802 2489 2455 -1 2821 2773 3747 0 3247 2334 2538 -1 2231 3133 3779 2448 3910 3270 1583 3780 5450 2665 1309 3150 3715 3100 2775 3550 2273 -1 2112 3037 4301 3579 3095 1361 4260 4129 856 2188 5892
2398 2168 3728 4156 4082 2520 4905 -1 4160 1141 2708 3103 1984 3388 3034 -1 4047 4401 3830 4753 2342 3107 2976 2173 4648 4296 -1 3587 4540 2860 2783 2601 -1 3949 4370 4023 3386 5033 2533 5157 2245 2799 3865 2642 3121 3652 3556 2578 983 3946 1834 3121 2793 2605 6594 2909 4750 3656 3119 4931 3443 2679 -1 3737 3760 2977 3848 0 4156 1530 -1 3627 3799 4342 4821 3127 2595 3594 4865 6930 3814 3682 4226 3948 3333 3465 4990 4167 -1 3934 3040 4792 4654 4837 3183 3193 4227 3229 2751 6433
2942 3269 4128 2268 5148 1448 4850 -1 3062 2887 2818 3049 3085 3497 3578 -1 2346 3732 5614 4433 4088 3806 2846 3239 3329 4241 -1 4075 4717 2805 3625 4377 -1 3759 3272 4133 2695 5150 3634 5291 1173 3876 2905 2572 4707 3825 1457 3313 2850 4369 3580 4198 3528 1846 6291 3879 4696 3921 4026 4506 2371 3127 -1 3041 3860 4228 4755 3360 0 3620 -1 3744 3669 4451 4152 4582 3377 2255 3179 6471 3752 3013 4140 4968 4353 2640 4222 3977 -1 2601 4106 4183 4700 3546 1850 2434 3536 3339 2860 7313
4554 4543 7496 5770 5696 4321 6598 -1 3783 4965 4784 3770 5227 5726 5190 -1 6280 5082 7455 6003 6166 2685 4666 3787 4409 5989 -1 4530 5438 5110 4346 4904 -1 5109 3993 4889 5000 5967 5603 5895 4046 5102 3626 5712 3960 4546 5391 2156 5016 2788 4836 4992 5218 4219 8451 4976 5417 5576 4926 5856 5244 3929 -1 5654 4387 5638 5655 5115 4643 0 -1 4561 5489 6680 5502 4996 5348 4291 5495 8375 4279 4363 4709 5583 5217 4460 5617 5327 -1 4421 4654 7056 6520 4831 3670 4807 4563 4095 5089 8047
-1 -1 -1 -1 -1 -1 -1 -1 -1 -1 -1 -1 -1 -1 -1 -1 -1 -1 -1 -1 -1 -1 -1 -1 -1 -1 -1 -1 -1 -1 -1 -1 -1 -1 -1 -1 -1 -1 -1 -1 -1 -1 -1 -1 -1 -1 -1 -1 -1 -1 -1 -1 -1 -1 -1 -1 -1 -1 -1 -1 -1 -1 -1 -1 -1 -1 -1 -1 -1 -1 -1 -1 -1 -1 -1 -1 -1 -1 -1 -1 -1 -1 -1 -1 -1 -1 -1 -1 -1 -1 -1 -1 -1 -1 -1 -1 -1 -1 -1 -1
2099 2602 4007 2601 4019 2954 4233 -1 2942 1808 3130 2929 2627 2418 2564 -1 3241 3697 4934 3031 3009 2006 2131 2644 1788 3624 -1 2391 3242 3212 2184 1303 -1 2555 3152 2861 3102 1406 3176 2294 2679 1501 2785 3297 1823 3341 3525 1477 2517 3347 1235 1823 1692 3076 5832 2598 3514 2921 2618 4059 3877 2048 -1 3321 786 2772 3347 1768 3032 3153 -1 0 2954 3372 4846 2746 3508 1176 4116 4774 678 3707 1108 2948 2333 2258 2016 2773 -1 3335 3183 4193 4055 3990 2584 3664 3627 3254 1781 6188
440 1980 3250 1760 3998 2332 3972 -1 2184 161 2749 2171 1796 3427 1076 -1 1468 3310 3604 3436 1362 1833 2335 2022 2451 3363 -1 2049 3666 1927 1803 2677 -1 1442 2394 3290 1817 3570 2345 4086 2057 2875 2027 1858 3197 1213 579 1304 1984 2966 854 2449 1326 2454 4019 470 3779 1909 1735 1870 2590 1362 -1 2208 2160 1997 2464 1001 2537 2531 -1 2962 0 3221 3553 3116 2885 789 2795 5463 2052 2949 2900 2968 2353 2129 3390 1660 -1 2954 2666 3812 2907 3232 2203 3042 1245 2496 2296 3644
2232 3053 4509 4505 4863 738 4512 -1 3677 2450 2942 3593 2869 3677 2868 -1 3568 4432 4751 5191 3651 2836 3390 2954 4155 3903 -1 3866 5194 2589 1996 3255 -1 3749 3887 4257 3917 4440 3418 4759 3130 3453 3372 3423 3775 4440 3863 2307 2329 3159 1047 2642 2522 3386 6873 3711 558 3134 2430 3154 1661 3117 -1 4515 2738 3874 3159 2793 3369 3099 -1 3034 4139 0 4626 3576 3941 1911 4176 6245 3143 3916 3439 3161 2546 3701 3905 3967 -1 3147 3389 3473 3867 4566 2396 3306 4457 3463 2748 5216
3087 3314 4679 2819 5545 1999 4895 -1 3613 3140 3369 3600 3130 4048 3723 -1 2897 4283 6165 4770 4341 1633 3397 3356 3880 4286 -1 3478 4852 2850 4176 2913 -1 4310 3823 1244 3246 5027 3679 4843 1724 3111 3456 3123 3433 4192 2008 1104 3401 3921 3784 3433 2783 2397 6842 3449 5247 4345 4265 4849 2922 3678 -1 3592 3335 4080 4994 3378 551 4171 -1 4246 2979 4995 0 3837 3928 2806 3730 6920 3227 3564 3657 5059 4444 3191 4111 4528 -1 3152 4657 4734 2707 3854 2401 2985 4087 3890 3411 3444
1722 1359 4532 3042 4741 1711 4091 -1 2595 1443 4031 2331 2326 2492 2358 -1 2750 3828 4172 3990 2644 1362 2205 1401 2860 3482 -1 2934 4128 2046 3085 2943 -1 2724 2805 3450 3099 3292 2875 4532 1436 3141 2077 2370 3463 2495 1861 833 1325 3899 2136 3463 1048 1833 5301 1752 3978 1195 3017 3152 2634 2122 -1 1635 3064 3279 3746 2283 3320 2095 -1 2818 1282 3446 4083 0 1852 2071 3472 5185 2956 3109 3386 1222 607 3137 4294 2942 -1 3098 3748 4446 3948 3140 2347 2421 2527 2656 1855 4926
2661 2567 5471 3179 3105 1730 4564 -1 3006 2790 4229 2126 2383 3249 3297 -1 3689 3623 5479 4348 2739 3645 3759 1196 3632 3955 -1 3796 4661 2519 3569 4062 -1 3425 3216 3245 2409 5190 2932 5005 1455 4260 2849 3121 3896 3128 2800 3116 2632 3694 3483 4215 3547 1628 6573 2385 3773 1196 3282 4091 2653 3078 -1 3952 3545 4010 4011 3222 3331 2193 -1 3784 3301 4203 4043 4974 0 2647 4999 6253 3437 2904 3903 3241 2626 3941 4771 3643 -1 3707 2063 4465 4421 3951 2956 2216 3250 2451 3409 5456
2179 2526 5781 3926 3852 2477 4766 -1 1766 3099 3127 1753 3210 3709 2815 -1 4090 2521 5923 4322 3104 1587 3422 1943 2392 4157 -1 3159 3421 3095 2329 3689 -1 3277 1976 2872 3156 3517 3586 4797 2202 3887 1609 3597 4209 2529 3201 1058 3379 3321 3621 2975 1273 2375 6615 3132 3400 3522 2909 4024 3400 2791 -1 3637 3172 3907 3638 2740 2925 2734 -1 2544 3609 3317 3670 2327 3130 0 3478 5410 3064 2531 2844 3549 2934 3245 4249 3495 -1 2703 2810 5212 4801 2814 2572 2963 2546 2078 3072 6203
2522 2007 2747 2522 4698 2359 4710 -1 2612 2568 3192 2599 1823 3200 3158 -1 2860 4014 4130 1254 3769 3394 1584 2049 3238 4101 -1 3375 2438 2665 2975 3658 -1 2768 2822 2847 2555 3761 2372 4649 2084 697 2455 3750 4178 2471 1971 2865 3308 4085 2026 1019 3080 2481 6426 1728 3846 3093 2884 4277 3282 2518 -1 3295 3141 3320 3613 3083 3802 1536 -1 2355 2407 4154 3781 4134 3972 2658 0 7106 3033 3295 3463 4140 3525 1378 4371 2986 -1 3692 1406 4984 4567 3660 3347 3069 3392 2842 2563 6051
1830 1929 4640 2725 3255 1486 3279 -1 1169 1551 2018 1156 2212 2883 2466 -1 2858 2606 829 3725 2752 3040 2596 1346 1795 3513 -1 3240 4635 2669 1732 3092 -1 2633 1379 2275 2559 3353 2761 4241 1535 3290 1012 2633 3581 1932 1969 2511 2782 2724 2244 2378 2716 1778 5409 1860 2803 1883 1393 3260 2409 2194 -1 3040 2575 3310 2122 2391 2359 2240 -1 1947 1390 3837 3026 3721 2734 1641 3139 0 2467 1887 3055 3391 2776 2648 3608 2851 -1 2690 2110 4221 4157 2217 1939 2366 1949 1481 2246 4963
1920 1924 4019 4090 4373 2276 4554 -1 2738 1567 2452 2725 1949 3187 1886 -1 3552 3733 4256 4509 2768 1328 2188 1966 2675 3945 -1 2900 2564 2836 1506 625 -1 3668 2948 3748 3159 3258 2498 2605 2001 823 2329 2619 1145 3371 2909 799 1839 2669 557 1145 1014 2398 5154 2628 4372 2243 1940 3381 3199 2644 -1 2898 108 2138 2669 1090 2354 2475 -1 1942 2330 3864 4407 2068 3451 2054 3438 5085 0 3426 2949 2270 1655 1982 1338 3886 -1 2657 3040 3515 3377 3549 1906 2986 2949 2973 2258 5510
1377 1889 4480 3523 4480 2241 4315 -1 1904 2252 3405 1302 2400 3207 2013 -1 3644 2799 4941 3953 3453 1559 1672 1931 2710 3706 -1 1353 2970 2753 2467 1981 -1 746 2114 2421 2643 2328 2949 3216 1966 2179 3257 2653 2501 3376 3074 1030 2094 2870 1913 2501 2211 2363 5119 2965 2949 1213 2458 3573 3164 2299 -1 1512 1464 3494 3187 1938 2319 2864 -1 922 2495 3385 3219 3265 2189 1823 3897 5696 1356 0 2030 2686 2071 1466 2694 964 -1 2720 3215 4871 4350 3314 1969 2951 3484 1627 2651 6028
2619 2901 4835 3514 5132 2275 4482 -1 4196 2340 3980 3740 2717 2972 3255 -1 3647 3786 5700 4266 3541 3722 1356 2943 4501 3873 -1 3067 4699 2437 3982 4016 -1 3621 4406 3408 2327 4176 3266 4923 2978 3414 3858 3571 4536 3392 2758 3483 2853 3857 3033 3736 3505 3375 6198 2649 4484 4088 2916 3301 3198 2602 -1 3217 3499 2457 3645 1870 3686 3029 -1 2770 2179 3926 4206 4757 3894 2430 4662 7208 3391 3067 0 5147 4532 1150 4397 3839 -1 3464 2899 5010 4339 4853 3119 3963 3168 2614 2335 5823
1949 3479 4919 3798 3724 2349 5183 -1 1775 2203 3204 2745 3305 2813 2585 -1 4308 4092 5582 3426 3404 2883 2526 1815 1638 4574 -1 3119 4992 3138 2338 3186 -1 3488 1985 3015 3028 3289 3854 4177 2074 3384 855 3367 3706 2695 3419 2354 3251 4313 2896 2984 2569 2247 5819 2448 4325 3798 2140 3863 3043 2443 -1 4254 2669 3693 2869 2510 3261 2812 -1 1883 3349 3767 4662 3623 3778 1571 3657 6657 2561 3523 2991 0 3210 2491 3538 3706 -1 3039 2682 4855 4927 1918 2288 2835 1650 3070 2176 5710
2564 1959 4985 4092 4339 2311 3773 -1 1988 2416 3819 2931 1775 3026 3200 -1 3800 4305 5231 3639 3617 3371 2739 2001 2253 3164 -1 3005 5205 1728 2551 3307 -1 3740 2198 3630 3643 3904 2324 4214 2036 3505 1470 3702 3288 3310 2911 2842 3310 4499 2768 3197 3057 2433 6351 2700 4199 588 2755 4202 3234 2470 -1 3527 2790 2767 3484 3125 3876 3427 -1 2498 2332 3641 3765 4111 3964 1784 3981 6694 2682 3709 3112 615 0 3106 3751 3958 -1 3654 3297 5046 3630 2533 2903 3021 2265 3256 2389 5976
1469 1751 4279 2364 3982 1125 3332 -1 3046 1190 2917 2633 1567 1822 2105 -1 2497 2636 4633 3116 2391 2862 206 1793 3351 2723 -1 2564 4695 1287 2832 2866 -1 2471 3256 2258 1177 4245 2116 3773 1828 3064 2795 2887 3386 2242 1608 2333 2539 2707 1883 3386 2355 2225 5048 1499 3334 2938 1853 2899 2048 1452 -1 3137 2349 3026 2582 2030 2536 1879 -1 2839 1029 2776 3056 3607 3066 1280 3599 6058 2241 1917 2671 3997 3382 0 3247 2689 -1 2314 1749 3860 3189 3703 1969 2813 2018 1464 1185 4673
2961 2664 5182 4347 5499 2447 5396 -1 3488 2684 3564 3636 3631 3797 3597 -1 3158 5018 4424 3689 3885 2667 3256 2706 3413 4787 -1 2937 4554 3351 3985 3565 -1 2330 3698 3471 3507 4597 4180 5398 2172 3763 2630 3675 4085 2033 3166 2138 2526 5164 3377 4085 2353 3138 6275 1290 5283 2500 3292 3051 3370 2295 -1 2940 3048 4004 4021 3522 3602 3296 -1 4123 2587 4751 5388 1305 3053 3376 3434 4117 2940 4414 3865 2527 1912 3050 0 2548 -1 3495 3841 5182 5253 2374 2744 3726 3832 3961 3160 6231
2222 1859 3516 3542 3516 2141 4880 -1 2450 1288 3876 2437 2882 2614 2858 -1 3092 3462 3977 4131 2489 595 2327 1607 3076 4271 -1 2440 2006 2835 2930 2748 -1 3224 2660 3556 2820 4634 3431 3805 1866 2946 2293 1689 3268 2995 2361 66 1130 3486 1981 3268 2645 2039 5801 2252 3174 1695 3364 3652 2856 2244 -1 3884 2297 3124 4093 2783 2553 1900 -1 3228 1782 2616 3882 3699 2742 1372 3876 6285 2189 2743 2619 1722 1107 2370 2780 0 -1 2331 2474 4668 4430 2816 1580 2627 3027 2762 1977 5426
-1 -1 -1 -1 -1 -1 -1 -1 -1 -1 -1 -1 -1 -1 -1 -1 -1 -1 -1 -1 -1 -1 -1 -1 -1 -1 -1 -1 -1 -1 -1 -1 -1 -1 -1 -1 -1 -1 -1 -1 -1 -1 -1 -1 -1 -1 -1 -1 -1 -1 -1 -1 -1 -1 -1 -1 -1 -1 -1 -1 -1 -1 -1 -1 -1 -1 -1 -1 -1 -1 -1 -1 -1 -1 -1 -1 -1 -1 -1 -1 -1 -1 -1 -1 -1 -1 -1 -1 -1 -1 -1 -1 -1 -1 -1 -1 -1 -1 -1 -1
3164 3491 4350 2490 5370 1670 5072 -1 3284 3109 3040 3271 3307 3719 3800 -1 2568 3954 5836 4655 4310 4028 3068 3461 3551 4463 -1 4297 4939 3027 3847 4599 -1 3981 3494 4355 2917 5372 3856 5513 1395 4098 3127 2794 4929 4047 1679 3535 3072 4591 3802 4420 3750 2068 6513 4101 4748 4143 4248 4728 2593 3349 -1 3263 4082 4450 4977 3582 222 3842 -1 3966 3891 4190 4374 4804 3599 2477 3401 6693 3974 3235 4362 5190 4575 2862 4444 4199 -1 0 4328 4405 4922 3768 2072 2656 3758 3561 3082 7535
1116 2438 4894 1116 4674 2790 4289 -1 2520 2173 3266 3294 2254 2783 1752 -1 4579 3754 3456 3401 3374 2175 2288 2480 3927 3680 -1 1969 3586 2244 3083 2597 -1 1362 2730 4340 3259 4246 2803 4577 2515 2795 3144 2534 3117 1065 3690 1646 2414 2918 2529 3117 2002 2912 7126 322 4295 1687 2202 3649 3713 1327 -1 1889 2080 2613 2931 1677 2634 130 -1 3897 3111 3737 4229 3670 2566 1541 3948 6139 1972 3999 3576 3302 2687 2082 3310 1580 -1 3336 0 5487 4094 4355 2585 3500 4087 3546 2146 5772
1685 1381 2251 3057 4283 1733 1039 -1 3233 1858 3596 2353 1868 3817 2321 -1 2427 2990 4547 4012 3059 2460 3001 1423 3187 430 -1 1661 3293 1588 2301 2702 -1 2075 3206 2047 2776 2805 2417 1480 1458 2900 2924 3019 3222 2781 2147 2359 1700 3921 2551 2947 2205 1855 6569 2038 4000 2542 2843 3438 2656 1976 -1 1811 2185 1051 3572 2019 1511 2470 -1 1399 3660 3624 3625 4145 2488 2575 3696 3960 2077 2575 2507 3665 3050 2795 3415 2293 -1 1289 2777 0 3388 3987 538 2443 2813 2678 2012 6413
712 1714 3522 2032 4245 1978 3780 -1 2319 433 2899 2306 1530 3699 1348 -1 1740 3582 3837 3708 1634 1972 2094 1756 2256 3635 -1 2321 2145 2199 2075 206 -1 1714 2529 3329 2089 2920 2079 2762 1791 404 2162 2130 726 1485 851 1576 1654 1214 1126 726 676 2188 4291 742 3002 2181 2007 2142 2862 1634 -1 2421 2325 1661 2736 671 2417 2201 -1 1539 272 3493 3825 3388 3098 1061 3067 4813 2217 3084 2647 3240 2625 1888 3555 1932 -1 3207 2938 4084 0 3367 2456 2776 1517 2631 2568 3916
3750 4594 5147 4389 5501 3569 6324 -1 5042 3626 3590 4522 4410 5029 4386 -1 4467 4138 5389 4714 4827 4160 4498 3592 3439 5715 -1 4429 5898 4279 4835 4469 -1 3898 5252 4905 4805 5613 2877 5722 3294 4157 2656 4061 4896 3601 3578 3997 3468 5858 4319 4479 4212 3967 7662 2858 6169 3701 3068 5858 3842 3863 -1 4000 3952 5462 3797 4311 2121 4238 -1 4283 5062 5788 5703 4042 4677 3787 3460 8012 3844 4564 4536 4701 4086 4292 5182 4116 -1 2955 4459 5654 5054 0 2204 4555 5612 4111 3386 6638
1640 3180 5101 3241 5198 2421 5457 -1 4035 3283 3791 4022 2996 4470 2276 -1 3319 4705 6031 4412 4357 1956 3688 3222 3012 4848 -1 2225 4466 3778 3408 2527 -1 4564 4245 4085 3668 4770 3545 3518 2146 2725 3878 3058 3047 4335 2430 1918 3184 4064 2459 3047 2526 2819 7056 3592 4142 3928 3842 4992 3344 2562 -1 4014 2010 3996 4571 2201 973 3731 -1 3844 3122 3584 4753 3970 4176 3228 3158 5998 1902 3980 2332 3955 3340 3482 3240 4782 -1 751 4156 5156 2850 3918 0 3407 4367 4312 3496 6766
1847 1010 3803 3423 3241 1362 2591 -1 3664 2519 3025 1982 826 3678 2483 -1 3623 3479 4282 3595 3720 2828 3261 1052 2610 1982 -1 1823 4064 546 2231 2125 -1 2791 1878 3101 3698 3875 1375 3032 1087 2323 2744 2753 2645 2494 2862 2299 2361 3550 2057 2645 2514 1484 5527 1751 3629 2637 1961 4153 2285 1521 -1 2936 1608 3230 2690 2408 3134 3131 -1 2469 2720 4033 2583 3568 3015 2436 3607 4037 1500 2760 1930 3294 2679 3055 2838 3009 -1 3563 3352 4097 2448 3516 2812 0 3528 2307 2279 5531
2526 2016 4983 2537 4301 2368 4763 -1 3006 3130 1554 2988 1832 4044 3162 -1 3787 3247 4350 3490 4331 3322 3274 2058 2215 4154 -1 2829 4558 3624 3500 2619 -1 2783 3216 2869 3605 3035 2381 3610 2093 2817 1432 3759 3139 2486 3722 2793 3367 4339 2551 3139 3008 2490 6438 1743 4635 2477 490 4021 3291 2527 -1 2776 2102 4034 1219 3084 3553 1551 -1 3025 3726 4998 3589 2818 3453 2802 2236 6090 1994 2528 2424 4040 3425 3068 3332 3001 -1 3331 1421 5103 3454 4314 2580 3078 0 2075 3285 4060
1830 2342 3703 3297 4712 710 2688 -1 2357 1055 1778 1755 2853 3660 2466 -1 2741 1172 4574 4085 2256 2012 2125 2384 2974 2079 -1 1806 3423 2744 2697 2434 -1 1199 2567 794 3090 2781 3276 3129 2419 2632 2503 2216 2147 1749 1852 1483 1887 3323 1748 2954 2664 2816 5572 2503 3402 1666 1561 1946 1633 2011 -1 1965 1917 2891 2290 2391 1478 1682 -1 1375 2277 3325 1592 3718 2414 1883 3307 4594 1809 453 2294 3139 2524 1919 3147 1417 -1 1256 2181 3445 2723 2239 505 3404 3522 0 1890 5036
3711 3491 4329 4023 4683 3308 5506 -1 4238 2786 3314 3704 3592 5298 4347 -1 4307 4649 4571 5119 3987 3708 3945 2774 3975 4897 -1 3687 5304 3461 4017 3962 -1 3080 4448 4629 3987 4795 2059 5759 3033 4160 3192 3243 4482 2783 4378 3179 2650 5040 3479 4482 3394 3206 7098 2040 5351 3194 2250 5423 4231 3045 -1 3493 3445 4622 2979 4272 4352 3420 -1 3465 4244 5537 5069 4448 4170 4168 3996 7531 3337 3930 4573 3883 3268 3739 4675 3298 -1 4733 3641 6043 5214 4913 3982 3794 4828 3835 0 5820
2163 3079 3632 3483 3986 2340 4279 -1 3290 1884 2617 3007 2895 3280 2799 -1 3191 4310 3874 4553 3085 3011 2993 2077 3278 3670 -1 3772 3596 2764 3320 1657 -1 3165 3500 3932 3290 4098 3444 4213 2336 1855 2495 2546 2177 2936 2302 2482 3105 2665 2577 2177 2127 2509 5742 2193 4453 2369 1553 3593 3263 2910 -1 3839 3677 3112 2282 2122 3868 3074 -1 2990 1723 4234 4652 3751 4040 2038 3299 6264 3569 3591 2674 2396 1781 3339 4005 3383 -1 3881 2944 3240 1451 4216 3130 3097 2647 3138 1871 0
4321 4620 3438 2952 1786 3635 2905 2610 3485 3365 2844 -1 3434 -1 3558 4130 1529 3066 2745 2430 1498 2035 -1 2659 3353 1452 4486 2761 3246 1522 2608 3112 1652 2940 1238 3131 3370 3048 2812 2785 2488 2638 2289 3443 2427 3296 3820 3604 2758 1264 5150 1866 2125 3593 -1 2894 -1 2555 3334 2952 5731 1940 2450 3218 2169 2045 3492 4101 3162 2596 2151 1149 1261 2375 775 -1 2067 4904 2951 2959 2589 1317 -1 -1 4565 3479 1219 4029 3145 2973 1177 2804 3019 2671 2948 2319 3223 1739 1566 3761
4441 3210 3610 1412 2029 3657 2839 2136 1945 2604 2869 -1 3922 -1 2290 2590 2061 3173 1464 2537 2030 2111 -1 2378 2504 1984 3597 1648 3169 2333 1068 1572 1759 2577 3084 1591 3477 1508 3342 1245 2595 1098 1758 3975 3238 3230 2292 2064 2554 3110 3610 2354 2627 2832 -1 1863 -1 1015 1806 3235 4381 2472 2169 1678 2546 2152 1964 4208 3096 1056 2726 2191 2303 835 2621 -1 2999 4550 1702 3131 3034 3035 -1 -1 4127 4011 3065 4519 2889 2499 1709 2441 3126 1131 1667 2851 1683 2952 1035 3287
5001 4556 3614 3380 3428 2202 3272 2504 3913 4572 3312 -1 282 -1 4258 4558 2951 4708 2105 2898 2922 3243 -1 3020 3714 3094 3987 1444 3769 1883 3036 3540 3294 3177 2880 2944 3838 3476 3173 3213 2889 3066 1718 3212 2788 2897 4288 4032 1946 2195 4251 2797 3549 3988 -1 2504 -1 3979 3802 3031 5022 2985 2811 3031 2836 3687 3960 4502 3056 3108 3613 1510 1622 2954 1706 -1 3044 5267 3670 3135 2723 2248 -1 -1 4926 4524 2861 4390 3546 2867 2819 3041 4629 1772 2308 3500 3651 2670 995 2961
3557 4790 2925 1854 3332 3565 1838 1965 3151 3810 1868 -1 2921 -1 3491 3796 1514 4451 463 3134 2287 2847 -1 1391 3163 2837 4803 3317 3622 1332 1510 2778 3037 2606 3842 2800 4074 2714 2341 2451 2617 2304 2664 4575 2237 2651 2817 2506 3561 2506 2609 1353 2914 3013 -1 862 -1 3434 3945 2426 3380 3124 1182 2887 2147 3430 3684 3968 2517 3606 3074 2146 1980 2415 3069 -1 1402 3625 2144 2446 2869 2559 -1 -1 4427 4663 3392 3518 2524 2328 2562 3340 4320 130 666 2961 2889 2981 1941 1319
3686 4030 1966 2264 2373 2947 3037 2114 2797 2677 2156 -1 3426 -1 2870 3442 841 2378 2316 1742 810 2963 -1 2488 308 764 4449 2309 2844 2200 1920 2424 964 2252 2927 1701 2682 2360 2263 2097 1800 1950 475 2755 2561 2859 2641 2916 2070 2940 4462 1858 1437 2905 -1 2206 -1 1867 2646 3107 4708 1252 2279 1788 1188 1357 2804 3413 2666 1908 1744 2838 1939 1687 2451 -1 3348 4969 2179 1487 2507 1309 -1 -1 4062 2791 2433 4088 2457 2477 489 2116 2247 1983 2519 1631 2535 1731 1887 3265
5105 5371 3673 2602 3280 4003 4399 3746 3899 4491 3788 -1 3669 -1 4502 4544 2262 4010 3510 3374 2229 3529 -1 2139 4820 2946 3839 1296 4263 2989 2258 3526 2596 3354 2732 4392 4314 3462 4279 3199 3432 3052 3783 4569 3894 3544 3565 3086 3757 2758 3357 2101 2856 4719 -1 1610 -1 3993 4278 2883 4128 3066 1930 4388 2895 2989 4436 5045 4298 4090 3163 2643 2728 3869 2269 -1 3561 4373 2892 3194 3617 2811 -1 -1 5175 4488 2713 5496 3272 4109 2671 3535 3588 3177 3713 3050 3637 3233 3060 4194
3541 3506 2550 1754 2163 3066 2420 1727 2287 2946 1852 -1 3275 -1 2566 2932 1722 2074 1574 1438 2372 2453 -1 2502 2846 2326 3383 1990 3341 2443 1410 1914 660 2749 2805 1933 2378 1850 2923 1587 1496 1440 1021 3636 2947 2413 208 1150 1094 2860 3720 1707 2969 3174 -1 1973 -1 1357 2148 3008 4491 2133 2293 2020 1556 1053 2306 3109 2279 1398 2241 2361 2436 1177 2442 -1 915 3752 2044 2071 1871 2490 -1 -1 3758 2927 1731 4100 2153 2090 2051 2613 2027 1241 1777 2128 2025 2912 1303 2621
-1 -1 -1 -1 -1 -1 -1 -1 -1 -1 -1 -1 -1 -1 -1 -1 -1 -1 -1 -1 -1 -1 -1 -1 -1 -1 -1 -1 -1 -1 -1 -1 -1 -1 -1 -1 -1 -1 -1 -1 -1 -1 -1 -1 -1 -1 -1 -1 -1 -1 -1 -1 -1 -1 -1 -1 -1 -1 -1 -1 -1 -1 -1 -1 -1 -1 -1 -1 -1 -1 -1 -1 -1 -1 -1 -1 -1 -1 -1 -1 -1 -1 -1 -1 -1 -1 -1 -1 -1 -1 -1 -1 -1 -1 -1 -1 -1 -1 -1 -1
3648 4906 4618 2333 3787 4252 3637 2431 3292 3951 3191 -1 3957 -1 4487 3937 2830 5286 3409 2777 2155 3612 -1 3805 3228 3930 4944 3824 2100 1397 3265 2919 3872 696 4144 3497 3717 2855 3038 3442 2835 3295 3824 3355 2302 4798 4167 2985 1825 3603 5056 3046 2782 4179 -1 3276 -1 3212 3681 4623 5421 2597 3596 3550 2771 3957 3749 3938 2921 3232 3089 3906 3284 2881 3756 -1 4874 5897 3655 4139 3542 3221 -1 -1 3694 4136 2369 5715 3492 2794 3906 3461 4931 3076 3612 2976 3646 3643 3232 3582
5014 3733 4447 2798 3437 4177 3494 908 3757 4416 3325 -1 3658 -1 4317 4402 2540 3825 2350 3189 3234 4369 -1 2901 4304 2618 5297 3157 2565 2473 2996 3384 2411 2525 3708 2114 4129 3320 2491 3803 2969 3656 2301 4434 3378 1594 4203 3450 3654 3734 5671 2875 3861 4644 -1 3920 -1 3210 3717 4082 5886 3530 2692 2201 2164 2804 3875 4582 1460 3117 2017 3619 2212 1358 3245 -1 2539 5376 3155 3968 3540 2326 -1 -1 4909 4678 3689 4980 3626 1271 3239 2389 3778 3192 2322 1904 4241 2748 2617 2059
3572 4586 2834 2704 2466 2833 3104 2484 1169 1828 3144 -1 4408 -1 3768 1814 1576 3421 3110 2730 3460 4334 -1 3016 3001 1807 2821 2527 3123 3418 3135 796 2007 2531 3589 2391 3670 732 2936 2549 2788 2402 2248 3036 2960 3170 2729 2686 1778 2826 4588 2840 1323 2056 -1 2487 -1 1452 2243 3497 4704 1533 2807 1658 2516 2400 2401 4401 3036 2940 3268 3045 3157 2934 2337 -1 3436 3774 1665 2355 2555 2879 -1 -1 2321 3072 3301 4778 2526 2847 3245 2395 3023 2777 3261 3169 2987 2715 1965 3448
3469 4390 2638 1950 2270 2685 2908 2083 973 1632 2125 -1 3017 -1 3572 1618 1380 3225 2914 1711 1599 2943 -1 1487 2805 1611 2625 2331 2197 1554 1606 600 1811 1605 3078 2195 2651 536 2740 273 1769 126 2052 3544 2459 2603 2533 2490 1582 2602 2705 1449 2226 1860 -1 958 -1 1256 2047 3301 3476 2041 1278 1462 2243 2204 2205 3382 2635 2697 2533 2849 2076 2476 2189 -1 3240 3578 1469 2159 2359 2655 -1 -1 4424 3580 3059 4582 2330 2446 2319 1469 2827 2581 3065 2420 711 1980 1769 3234
3018 3394 3506 1596 1774 2279 2369 2320 2129 2009 2768 -1 3496 -1 2474 2774 967 3357 1648 2354 142 2295 -1 2067 2688 2168 3781 1832 2176 1532 1252 1756 1943 1584 3268 1775 3294 1692 2822 1429 2412 1282 1942 2087 2437 3287 2476 2248 1402 2272 3794 1934 769 2237 -1 1538 -1 1199 1990 2725 4565 584 1858 1862 2237 2336 2148 4025 3153 1240 1076 2375 1271 1019 1783 -1 3183 4301 1886 3027 2599 1385 -1 -1 4311 2123 3249 4039 2707 2683 1893 1448 3310 1315 1851 963 1867 1807 1219 2841
4850 4542 4019 1057 3464 2768 3508 2216 2354 3013 3506 -1 3426 -1 2969 2999 2761 3886 2133 2337 2980 3640 -1 594 3275 2992 4006 2721 3494 1444 713 1981 2472 2090 3569 3193 3277 1917 2734 1654 3150 1507 2833 3778 2349 3984 2020 1709 2963 2529 4086 2606 3607 3241 -1 2339 -1 2637 3241 3890 4145 3422 2659 1954 3400 2865 3399 4763 2768 2809 3325 3480 1183 2666 2272 -1 2727 4959 1347 3540 2511 2582 -1 -1 3630 3848 3543 3951 1727 2579 2995 2260 3839 1800 2336 3212 2092 3004 2564 990
5353 3984 4375 2383 1150 3556 2269 3241 2916 3575 3974 -1 4342 -1 3261 3561 2225 4278 2569 3642 2477 3082 -1 2023 2717 2712 4568 2753 4140 886 2039 2543 2864 3519 3002 2635 4582 2479 2176 2216 3700 2069 2729 4566 1791 4201 3397 3035 3300 3549 4648 3392 3104 3803 -1 2901 -1 2120 2911 2857 5095 3200 1814 2722 3421 3257 3069 5117 4067 2161 3411 513 625 1940 3060 -1 4104 4531 2673 3896 1953 3602 -1 -1 3929 4739 2983 3393 2881 3604 2437 3412 4195 2236 2426 3298 2654 2991 2006 3803
-1 -1 -1 -1 -1 -1 -1 -1 -1 -1 -1 -1 -1 -1 -1 -1 -1 -1 -1 -1 -1 -1 -1 -1 -1 -1 -1 -1 -1 -1 -1 -1 -1 -1 -1 -1 -1 -1 -1 -1 -1 -1 -1 -1 -1 -1 -1 -1 -1 -1 -1 -1 -1 -1 -1 -1 -1 -1 -1 -1 -1 -1 -1 -1 -1 -1 -1 -1 -1 -1 -1 -1 -1 -1 -1 -1 -1 -1 -1 -1 -1 -1 -1 -1 -1 -1 -1 -1 -1 -1 -1 -1 -1 -1 -1 -1 -1 -1 -1 -1
3757 4101 3288 2186 2513 3018 2924 2185 2778 2748 2227 -1 3284 -1 2941 3423 912 2449 2387 1447 881 3034 -1 1723 3384 835 4430 2571 2721 2271 1842 2405 1035 2129 2532 2514 2387 2341 2334 2078 1871 1931 2046 2826 2795 4026 2712 2838 2141 2558 3245 1716 1508 2976 -1 1498 -1 1938 2351 3178 3218 1323 1514 2591 2510 1428 2509 3484 2737 1979 1815 2443 2010 1758 2069 -1 3361 4261 2334 2809 2212 2124 -1 -1 2593 2862 2513 1516 2528 2548 560 1993 2318 2054 2590 1702 2516 2546 1958 3336
4178 4863 2182 1948 2589 2684 3708 2174 1775 2434 3750 -1 3633 -1 3860 2420 1292 4018 2697 3016 1975 3580 -1 1485 2193 2404 3427 3133 3010 2335 1604 1402 2604 1606 2783 698 3956 1338 1243 2545 3394 2398 653 3642 1267 2860 2911 2600 2384 2809 4078 2822 1929 2662 -1 2331 -1 2058 2849 4103 4010 2139 1276 785 1864 2997 2714 4848 2726 2289 2763 2694 2074 2488 2320 -1 3612 2081 2238 1703 3161 2862 -1 -1 2927 2825 2649 3085 2618 2401 2129 3001 3629 2364 2900 2796 2983 3284 2571 3189
4088 4348 3589 2518 2172 2619 2502 2629 3512 3392 2532 -1 3585 -1 3857 4157 2178 4740 1127 3217 1525 3511 -1 2055 3668 3501 4606 2277 2540 1837 2174 3139 3326 1136 3713 3158 4157 3075 3005 2812 3275 2665 3325 3470 2742 3315 3481 703 2265 3170 3273 2017 2152 3620 -1 1526 -1 2582 3373 3090 4044 1967 1846 3245 2811 3719 3531 4378 3181 1117 2459 2252 2364 2402 3166 -1 4188 4289 2808 3110 3095 2768 -1 -1 4134 3506 2809 4182 3188 2992 3226 2831 4569 794 1330 2346 3250 3190 2602 3321
4282 4247 3240 3122 2904 1828 2898 2406 3056 3715 2593 -1 1775 -1 1500 3701 2124 2815 1731 2179 2093 3303 -1 2659 3415 2047 3613 1070 3395 2499 2778 2683 1401 2803 2506 2492 3119 2619 3401 1218 2237 2209 2846 2838 3404 2523 3569 1891 1572 1821 3877 2423 2720 3943 -1 2130 -1 3150 3083 2657 4648 2535 2450 303 2462 1794 3241 3850 2958 2734 3027 2417 2529 2856 1332 -1 2670 4893 3412 2761 2349 1874 -1 -1 4499 3668 2487 4578 258 2769 1772 2667 2768 1398 1934 2914 1656 2296 2123 1180
3813 4436 4297 3410 3247 4468 2524 2651 4707 4288 2124 -1 2457 -1 3650 5200 1621 3158 1149 2456 2973 3777 -1 2947 3916 1544 4096 4094 4308 3742 3066 4334 1744 3595 3077 3486 3396 4270 3027 3721 1768 3860 2426 3959 3051 3337 3582 4058 4057 3733 5324 2725 3600 4516 -1 2719 -1 3733 3096 3089 5906 2456 3039 3436 2936 2137 3254 3381 3203 3988 3760 3369 3481 3101 3244 -1 4282 5482 3043 3818 2405 3373 -1 -1 4842 3995 3058 4204 2425 3014 3248 4026 3111 2845 1352 3647 4159 3795 1703 3271
4097 4366 3835 3621 2719 3384 3808 2366 3218 2885 2408 -1 3831 -1 3122 4672 2424 2630 3406 1994 3558 3757 -1 3532 5012 3915 4922 3590 3388 3310 3651 4207 1216 1984 3361 3572 2934 4143 4062 4236 2052 4045 2653 4619 4086 4125 3384 4149 3113 3416 5033 2263 4185 3113 -1 3003 -1 3271 2898 4396 5804 4127 3323 3659 135 1609 3056 3665 2918 2998 3475 3596 3049 2816 3113 -1 4091 5766 1126 3356 2759 3469 -1 -1 4314 3483 3342 5488 2709 2729 4192 1848 2583 3073 3609 3362 4674 3891 1930 3517
4206 4717 3569 2503 2497 2402 458 1892 3330 3370 2517 -1 3570 -1 3563 4045 1010 3071 1112 2435 1503 3298 -1 2040 1911 1457 4758 2215 2688 1981 2159 3027 1657 2096 2501 1420 3375 2963 961 2700 2493 2553 2613 3448 985 2578 2655 3155 2323 2527 3258 2002 2130 3598 -1 1511 -1 2560 3339 1046 3840 1945 1831 1507 2791 2050 2432 3917 2444 2601 2437 2412 2524 2342 2038 -1 3330 4274 2793 3090 3100 2580 -1 -1 4755 3484 2482 2138 3150 2255 1182 1960 2940 779 615 2324 3138 3002 1890 2606
4399 4554 3568 1370 2293 3615 3021 2318 1903 2562 3051 -1 3947 -1 2248 2548 2019 3556 1646 2641 1988 2069 -1 2417 3735 1942 3555 1830 3127 2484 1026 1530 2142 2535 3266 2942 3581 1466 3441 1203 2699 1056 1716 3933 3389 3188 3463 2022 2512 3292 3635 2379 2615 2790 -1 1888 -1 2186 2977 3417 4406 2430 2208 2392 3173 2535 3135 4312 3054 1238 2908 2373 2264 2768 2803 -1 4095 4508 1660 3089 3216 3217 -1 -1 4085 3969 3247 4701 3260 2681 1667 2399 3425 1313 1849 2809 1641 2910 993 3469
4385 3260 2305 2465 1591 2164 2692 1647 3527 3676 3155 -1 2301 -1 3869 4172 894 3377 2400 464 1809 2227 -1 2970 2539 1763 4797 3072 3304 1833 2523 3154 1963 3197 1549 2289 1404 3298 2532 3096 2799 2949 1063 3174 2556 3225 1854 2796 1908 1575 4197 733 2436 3904 -1 2803 -1 1741 1368 3263 4968 2251 2761 2376 1527 2356 1526 4412 2199 1996 2462 1460 1572 2097 1086 -1 2378 4972 2518 1826 1229 1628 -1 -1 1610 3790 1530 4340 3456 2010 1488 3115 3330 2071 2603 2630 3534 2050 1877 2798
3965 2206 3159 2172 2772 3675 3029 2336 2896 2159 2461 -1 2103 -1 3175 3541 2331 2683 2183 2047 2815 1912 -1 2023 3455 2769 3992 2599 3454 2705 1828 2523 1269 2862 2266 2299 2987 2459 3532 2196 2105 2049 1630 4245 3556 3022 817 1759 1703 2583 2873 2316 3442 2387 -1 2582 -1 1966 2757 1283 3644 2742 1814 2386 2165 1662 2915 3718 2888 2007 2829 2506 2612 1786 3051 -1 1524 4361 2462 2680 2480 2636 -1 -1 4367 1323 2247 3513 2762 2699 2494 2726 423 1850 2386 2716 2634 3058 1912 3230
-1 -1 -1 -1 -1 -1 -1 -1 -1 -1 -1 -1 -1 -1 -1 -1 -1 -1 -1 -1 -1 -1 -1 -1 -1 -1 -1 -1 -1 -1 -1 -1 -1 -1 -1 -1 -1 -1 -1 -1 -1 -1 -1 -1 -1 -1 -1 -1 -1 -1 -1 -1 -1 -1 -1 -1 -1 -1 -1 -1 -1 -1 -1 -1 -1 -1 -1 -1 -1 -1 -1 -1 -1 -1 -1 -1 -1 -1 -1 -1 -1 -1 -1 -1 -1 -1 -1 -1 -1 -1 -1 -1 -1 -1 -1 -1 -1 -1 -1 -1
4345 4644 3462 2976 1810 3659 2929 2634 3509 3389 2868 -1 3458 -1 3582 4154 1553 3090 2769 2454 1522 2059 -1 2683 3377 1476 4510 2785 3270 1546 2632 3136 1676 2964 1262 3155 3394 3072 2836 2809 2512 2662 2313 3467 2451 3320 3844 3628 2782 1288 5174 1890 2149 3617 -1 2918 -1 2579 3358 2976 5755 1964 2474 1154 2193 2069 2132 4125 3186 2620 2175 1173 1285 2399 799 -1 2091 4928 2975 2983 2613 1341 -1 -1 4589 3503 1243 4053 3169 2997 1201 2828 3043 2695 2972 2343 3247 1763 1590 3785
4332 4224 3084 1259 2483 1672 2742 2740 2556 3215 2782 -1 3835 -1 3171 3201 1487 3024 2335 2368 1456 3609 -1 796 3477 1410 4208 3146 3415 1646 915 2183 1610 2011 1638 2439 3308 2119 2936 1856 2426 1709 2690 2682 2551 2939 2222 1911 1416 1665 4288 2267 2083 3443 -1 267 -1 1469 2260 3330 4347 1898 587 2526 2252 2003 2418 4039 3292 2554 2390 2354 1385 2333 1176 -1 2929 3030 1549 2605 2193 1718 -1 -1 3832 3437 1619 4153 1929 3103 1135 2762 2977 2002 2538 2277 1047 2140 1967 2851
3298 3642 3195 1876 2054 2559 2649 1726 2409 2289 1768 -1 3191 -1 2482 3054 453 1990 1928 1354 422 2575 -1 2347 2925 376 4061 2112 2456 1812 1532 2036 576 1864 2539 2055 2294 1972 1875 1709 1412 1562 2222 2367 2336 3567 2253 2528 1682 2552 4074 1623 1049 2517 -1 1818 -1 1479 2258 2719 4845 864 2138 2142 2417 969 2416 3025 2278 1520 1356 2450 1551 1299 2063 -1 2960 4581 1875 2716 2119 1665 -1 -1 3674 2403 2520 4319 2069 2089 101 1728 1859 1595 2131 1243 2147 2087 1499 2877
4468 4343 4253 3046 3224 3729 3074 1868 3579 3459 4218 -1 4946 -1 3924 4224 2417 4785 3098 3804 1592 3745 -1 3517 2665 3578 5231 3282 3525 834 2702 3206 3371 3034 3824 3074 4744 3142 3577 2879 3862 2732 3261 2792 1739 4235 3926 3698 2852 3722 5244 3384 2219 3687 -1 2988 -1 2649 3440 4175 6015 2034 3308 3161 3124 3764 3186 5475 2420 2690 2526 3825 2721 2318 3233 -1 4633 5751 3092 3844 4049 2835 -1 -1 5761 3573 4699 5489 4157 2231 3343 2898 4738 2765 3282 2413 3317 3257 2669 3019
4002 3712 3697 1811 1384 4039 2503 2514 3726 3860 2825 -1 3761 -1 1732 4371 2841 3047 2547 2411 2591 3892 -1 3475 3834 3502 5208 2665 3064 2003 1467 3353 1633 1660 1142 3372 3351 3289 3006 3026 2469 2879 2460 4536 2908 3200 1647 2123 2122 3625 4379 2680 3218 4088 -1 2946 -1 2796 1161 3091 4899 3033 3266 3459 1901 955 1319 4082 3066 2837 2055 3510 1742 2616 3136 -1 2354 4765 2101 3218 3070 2364 -1 -1 3660 2829 1123 4183 490 2877 3227 3614 1929 2214 2660 3298 3464 2786 2090 1336
-1 -1 -1 -1 -1 -1 -1 -1 -1 -1 -1 -1 -1 -1 -1 -1 -1 -1 -1 -1 -1 -1 -1 -1 -1 -1 -1 -1 -1 -1 -1 -1 -1 -1 -1 -1 -1 -1 -1 -1 -1 -1 -1 -1 -1 -1 -1 -1 -1 -1 -1 -1 -1 -1 -1 -1 -1 -1 -1 -1 -1 -1 -1 -1 -1 -1 -1 -1 -1 -1 -1 -1 -1 -1 -1 -1 -1 -1 -1 -1 -1 -1 -1 -1 -1 -1 -1 -1 -1 -1 -1 -1 -1 -1 -1 -1 -1 -1 -1 -1
3113 2866 1726 2071 2133 3328 1384 1382 2832 2776 1424 -1 2847 -1 2967 3477 1063 3443 1628 1010 1796 2666 -1 1868 2837 2083 4484 3141 3039 1698 1987 2459 2029 1854 1869 1081 1950 2395 1887 2928 1068 1985 2445 2600 1911 3100 2400 2723 58 1895 3774 1279 2423 3004 -1 2019 -1 2287 1914 1972 4545 1097 1659 1168 948 2190 2072 2681 1934 1220 2491 1325 1437 1832 1406 -1 2698 3646 1939 1247 835 1454 -1 -1 4741 2636 1850 3064 1725 1745 1808 2661 3164 1295 1541 2378 3271 1876 1990 2533
3438 4696 4408 2123 3577 4042 3427 2221 3082 3741 2981 -1 3747 -1 4277 3727 2620 5076 3199 2567 1945 3402 -1 3595 3018 3720 4734 3614 1890 1187 3055 2709 3662 486 3934 3287 3507 2645 2828 3232 2625 3085 3614 3145 2092 4588 3957 2775 1615 3393 5345 2836 2572 3969 -1 3066 -1 3002 3471 4413 5211 2387 3386 3340 2561 3747 3539 3728 2711 3022 2879 3696 3074 2671 3546 -1 4664 5687 3445 3929 3332 3011 -1 -1 4234 3926 3915 5505 3282 2584 3696 3251 4721 2866 3402 2766 3436 3433 3022 3372
5852 6500 5590 3305 3285 5224 4404 3952 4264 4923 4163 -1 5301 -1 5026 4909 3802 5465 4360 3749 3897 4434 -1 4777 5436 3851 4744 2201 3072 3605 4758 3891 4051 1668 3637 4469 4689 3827 4010 4744 3807 4633 4688 5842 4510 4805 5139 3957 2797 3663 6506 4018 4418 5151 -1 4248 -1 4547 4653 2182 3389 4339 4568 3829 4568 4444 4811 4910 4673 3952 4550 3548 3344 4402 3174 -1 4466 5769 4673 5111 4514 3716 -1 -1 5416 5878 3618 6084 3784 4315 3576 5203 5418 4027 4561 4718 5182 4138 3965 3787
3408 3752 3212 1837 2164 2669 2575 1836 2429 2399 1878 -1 3208 -1 2592 3074 563 2100 2038 1464 532 2685 -1 1374 3035 486 4081 2222 2372 1922 1493 2056 686 1780 2649 2165 2404 1992 1985 1729 1522 1582 2332 2477 2446 3677 2363 2489 1792 2662 2896 1640 1159 2627 -1 1149 -1 1589 2368 2829 2869 974 1165 2242 2434 1079 2526 3135 2388 1630 1466 2560 1661 1409 2173 -1 3070 3912 1985 2733 2229 1775 -1 -1 3784 2513 2630 1167 2179 2199 211 1644 1969 1705 2241 1353 2167 2197 1609 2987
4262 4015 2875 2784 2892 3534 2533 2531 3958 3925 2573 -1 2883 -1 4116 4051 2212 4592 2777 1834 2945 3597 -1 2321 3686 3118 5610 3840 4188 1928 2440 3585 3178 3003 2919 2230 2774 3521 3036 734 2217 3111 2060 3749 2833 3064 3224 3436 1207 2945 3539 2103 3572 4153 -1 1792 -1 3111 2738 3121 4310 2246 2112 2317 2097 3339 2896 3830 3083 2369 1472 2474 1667 2981 2456 -1 3748 4555 3074 2396 1984 1781 -1 -1 2980 3785 2900 4213 2874 2894 2843 3810 3931 2444 2690 3527 1172 2203 3048 3682
3908 4556 2999 1981 1225 3692 1820 2177 3278 1460 2219 -1 3642 -1 3400 3923 1858 4697 2474 1805 2591 3175 -1 1518 3273 3083 4930 3252 2755 2368 1637 2905 3283 2163 3077 2782 2745 2841 2323 2578 1863 2431 3164 1538 2347 3940 2944 2633 853 2834 4293 2074 3218 1688 -1 989 -1 3082 2709 2270 5064 35 1309 2869 2868 2985 2867 3476 2729 3337 2897 2934 2107 2627 3196 -1 3651 3752 2271 3167 2570 2249 -1 -1 4554 1574 3058 3764 2158 2540 2808 2027 3959 2141 2501 3173 3016 2671 2441 3080
2915 1156 3591 1122 3377 2817 3415 2598 2733 3171 1850 -1 3703 -1 3348 3378 1796 3333 2040 2394 1765 1874 -1 973 3353 1719 4385 3455 3668 1655 778 2360 1919 2469 3479 2858 3334 2296 3113 2033 2755 1886 1863 3304 2560 3335 2399 1774 2481 1533 1823 2135 2392 3399 -1 1717 -1 2822 3154 2526 2594 1801 764 2873 2438 2312 3312 4368 3150 2863 2699 2806 1562 2642 2651 -1 2979 4241 1412 3112 2890 1586 -1 -1 3540 273 3460 2463 2106 2961 1444 2940 3202 1707 2243 2586 2471 2008 1140 2896
4481 4884 3849 2778 2034 4046 2762 2059 4075 4185 2792 -1 3845 -1 4690 4720 2438 4285 1387 3649 2504 3771 -1 2315 4087 3221 4114 1571 4538 2256 2434 3702 2871 3530 3007 3265 4589 3638 3265 3375 3707 3228 3588 4263 3161 3575 3741 2130 3578 3033 3533 2277 2550 4413 -1 1786 -1 4268 4553 3158 4304 2760 2106 3352 3071 3264 4608 4892 3441 979 2649 2114 2226 2509 2544 -1 3836 4549 3068 3370 2957 2958 -1 -1 5351 4299 2988 4442 3448 2422 2946 3810 3863 1054 1590 3325 3813 3380 2865 3210
4144 4369 3929 1578 2900 3289 2750 1544 2875 3135 3894 -1 4548 -1 3490 3520 2093 4407 2654 2858 1268 3421 -1 1115 3796 3151 4504 1961 2472 1965 1234 2502 2993 2330 3379 2750 3798 2438 3253 2175 3538 2028 2937 2468 2870 4363 2541 2230 2528 3282 4607 2986 1895 3363 -1 586 -1 2325 3116 3548 4666 1710 906 2837 2800 3386 3274 1248 2096 2366 2128 3308 1704 1994 2793 -1 3248 3349 1868 4061 3032 2437 -1 -1 4151 3249 3360 4472 2248 1907 2876 2500 4360 2321 2857 2015 2613 2859 2345 2695
5021 3896 2941 2330 2227 2947 2300 2283 2863 3522 3938 -1 2937 -1 3208 3508 1530 4160 2606 1100 2592 2863 -1 3369 2664 2546 4515 2745 3940 833 1986 2490 2746 3490 2332 2582 2040 2426 2123 2163 3582 2016 1846 3957 1738 3861 2490 2982 2691 2358 4595 1369 3219 3750 -1 2848 -1 2377 2004 2888 5042 3034 3160 2669 2163 3139 2162 5195 2835 2198 3245 2243 572 2733 1869 -1 3161 4562 2620 2462 1865 2411 -1 -1 2393 4573 2313 3340 4220 2646 2271 3359 4113 2273 2457 3279 2601 2833 1953 3434
4571 5247 4598 3532 368 3431 1487 2921 2935 3594 3546 -1 4174 -1 4592 3580 2039 4100 2141 3464 1695 4327 -1 3069 2940 2486 4587 3244 3717 3010 3188 2562 2686 3125 2220 2449 4404 2498 1990 3729 3522 2088 3608 4035 2014 3607 3684 4184 3223 3280 4287 3031 2322 3822 -1 2540 -1 3218 3610 2075 4869 2532 2860 2536 2639 3079 3461 4335 3473 3630 2629 3441 2824 3371 2791 -1 4359 3749 3431 4119 4122 2938 -1 -1 5784 4071 2201 3167 4179 3284 2211 2989 3969 1808 1644 2516 4167 2209 2919 3635
3482 4425 3293 2582 864 3927 1983 2042 3206 3865 2771 -1 3913 -1 3485 3851 2535 2993 2493 2357 3028 3372 -1 3421 3314 2982 4858 2814 3699 1483 2238 2833 1579 3230 2716 2852 3297 2769 2486 2506 2415 2359 1940 4857 2388 4103 1127 2069 3815 3779 4639 2626 3655 4093 -1 2892 -1 2276 641 2571 5365 3470 3212 2939 1381 1972 799 4028 2594 2317 3151 3452 1222 2096 3563 -1 1834 4245 2372 2814 2550 3460 -1 -1 4677 3846 2650 3663 3072 2405 2707 3094 2946 2160 2140 3038 2944 3361 2296 816
3661 4467 2778 3494 3185 611 1903 2415 4027 3785 2380 -1 2774 -1 3836 4672 1367 3608 2557 2712 1523 2700 -1 3485 3119 1994 3826 3406 3557 2913 3150 3654 2194 2933 3333 2855 3652 3590 2406 3327 2024 3180 1629 1621 2430 3101 3838 4146 2989 604 4703 1206 2150 4013 -1 2956 -1 2992 3352 2292 5474 2360 3276 2639 1509 2587 3510 3637 2967 3138 2457 2572 2652 2865 115 -1 4046 5719 2500 2299 2722 657 -1 -1 5292 3899 3245 5242 2594 2778 1719 2797 3477 2224 2760 2344 3765 1079 906 3516
4646 4753 4177 1268 3378 2979 3719 3074 2565 3224 3116 -1 2953 -1 3180 3210 1801 3338 2344 2336 1770 3746 -1 805 3486 1724 4217 3460 2330 1655 924 2192 1924 926 3144 18 3276 2128 2945 1865 2760 1718 2935 3715 2560 4130 2231 1920 2055 2972 4134 2605 2397 3452 -1 2387 -1 2827 3240 4067 4107 2212 596 105 3399 2317 3398 4168 3626 2868 2704 3332 1394 2647 2483 -1 2938 5150 1558 3698 2722 3013 -1 -1 3482 2145 3125 2405 1938 3437 1449 2882 3207 2011 2547 2591 2303 3435 2775 2860
4626 4895 1442 4150 1849 3174 2968 2895 2872 3414 2937 -1 4360 -1 3651 3517 2064 3159 3435 2523 3896 4286 -1 4061 4421 2838 4524 4119 3917 3839 4180 2499 1745 2513 3636 3930 3463 2435 3471 4252 2581 3569 2736 5148 3495 4654 3913 4389 3481 3662 5562 2792 4523 3642 -1 3532 -1 3155 3427 3556 6093 3750 3852 3361 664 2138 3585 4194 3447 3527 4004 3547 3578 3345 3173 -1 4465 5230 1655 963 3288 3715 -1 -1 4843 4012 1909 4648 3238 3258 3575 2377 3112 3289 3125 3891 4690 4137 2459 4046
5172 3891 4368 2956 3002 4335 3652 1066 3915 4574 3483 -1 3816 -1 3350 4560 2698 3983 2508 3347 3084 4527 -1 2931 4165 2776 5455 3315 2723 2631 3050 3542 2569 2683 2760 2272 4287 3478 2649 3961 1451 3814 1365 4284 3239 1752 3265 3550 3740 3892 5755 3033 3711 4802 -1 2402 -1 3368 2779 4240 5598 3526 2722 2359 2322 2573 2937 3064 1618 3275 2175 2308 2370 1516 3403 -1 2697 5165 3313 3889 3698 2484 -1 -1 5067 4447 2741 4978 2108 1429 3397 2547 3547 3276 2480 2062 4399 2906 642 2217
4540 4356 3657 3561 2036 4091 3155 3214 1686 3592 3259 -1 2377 -1 4657 4264 2246 4165 3496 3529 2919 3579 -1 4383 3998 2873 4705 3986 4095 2655 3410 3246 2751 2691 3888 3734 4469 3182 3628 3678 2903 3531 2508 4864 3560 3980 2299 3241 3820 1483 5811 2085 3546 3820 -1 3854 -1 3448 1813 3171 6462 3361 4174 2175 842 3144 1971 4516 3766 3489 3853 3323 2394 3268 994 -1 3006 5417 1833 3178 2325 1536 -1 -1 5577 4900 3822 4835 3473 3577 2598 2555 4118 3332 3312 3740 4116 412 1785 1988
4452 3040 3754 2105 2744 4226 2801 215 3064 3723 2910 -1 3744 -1 3624 3709 1899 3132 3181 2496 2541 3676 -1 2208 3611 1925 4716 2464 1872 1780 2303 2691 1718 1832 3863 1421 3436 2627 3070 3110 2554 2963 1608 3741 2685 3034 3634 2757 2961 3233 4983 2182 3168 3951 -1 3236 -1 2517 3308 3389 5193 2837 1999 1508 1471 2111 3466 4167 767 3145 1324 3590 1519 665 3106 -1 3979 5669 2462 3275 2847 1633 -1 -1 4216 3985 3844 4287 3211 578 2546 1696 3085 2848 1629 1211 3548 2055 1924 1366
3822 4047 3607 2400 2578 3083 2428 1222 2933 2813 3572 -1 4300 -1 3278 3578 1771 4139 2452 3158 946 3099 -1 2871 3492 2932 4585 2636 2879 2336 2056 2560 2725 2388 4072 2428 4098 2496 2931 2233 3216 2086 2615 2146 2955 4041 3280 3052 2206 3076 4598 2738 1573 3041 -1 2342 -1 2003 2794 3529 5369 1388 2662 2515 2478 3118 2952 4829 1774 2044 1880 3179 2075 1672 2587 -1 3987 5105 2690 3831 3403 2189 -1 -1 5115 2927 4053 4843 3511 1585 2697 2252 4092 2119 2636 1767 2671 2611 2023 2373
3865 4957 2982 3594 3389 4381 4355 3548 4231 4111 3590 -1 2978 -1 3768 4876 1571 3812 2980 3176 2244 1149 -1 4169 4747 2198 4030 3934 4278 3243 3250 3858 2398 3562 3899 3777 4116 3794 3697 2978 3234 3384 4044 4189 4148 5168 4075 4246 3205 808 5679 1410 2871 4339 -1 3640 -1 3196 3987 4541 6450 2686 3960 3864 1713 2255 4145 4847 4100 3342 3178 3283 3373 3121 3436 -1 4728 6403 2704 2503 2926 861 -1 -1 4960 4129 3449 6035 3891 3911 1923 3426 3229 3417 3183 3065 3416 1283 3321 4641
4432 4122 4201 938 3188 3486 3389 2070 2362 2987 2902 -1 4197 -1 1816 3007 1587 3124 2014 2360 1556 1637 -1 2942 3924 1510 3343 3246 3586 2093 594 1989 1710 2876 3592 2510 3300 1925 3009 2843 2455 2696 1284 3501 2998 2756 3387 1590 2816 3618 4160 2629 2183 3215 -1 2413 -1 2613 3264 3853 4026 1998 2733 2597 3326 2103 3422 4068 2622 2654 2490 2227 1832 2433 3129 -1 3701 4967 1228 3722 3125 2799 -1 -1 3653 3537 3573 4600 3112 2433 1235 2858 2993 1681 2217 2377 3281 3221 561 3221
4710 3531 3511 2915 2439 2105 2906 4105 3324 4533 3692 -1 1923 -1 4413 4519 2601 4693 2945 3683 3017 3934 -1 3873 1853 3079 5526 3184 2682 22 3165 3501 3279 2090 3012 3633 4623 3437 3174 3368 3336 3221 3312 4095 927 3423 5009 3567 3219 3593 5091 2440 3644 3732 -1 3344 -1 3732 4523 3494 5862 2592 3664 3720 2733 3672 2374 4949 4657 3403 1582 2865 1777 3948 4157 -1 4368 1532 3724 3032 1871 1891 -1 -1 4976 4131 3945 4545 3993 4468 2804 1954 4646 2612 3063 1469 3806 2313 2636 4839
4153 3906 2766 3111 3173 1354 2424 2422 3872 3816 2464 -1 3517 -1 4007 4517 2103 4351 2668 2050 2266 3443 -1 2908 3862 2737 4569 4149 4079 2409 3027 3499 2937 2894 2909 2121 2990 3435 2927 3739 2108 3025 2372 2364 2951 3844 3440 3763 1098 1347 4814 1949 2893 4044 -1 3059 -1 3327 2954 3012 5585 2137 2699 2208 1988 3230 3112 3721 2974 2260 3200 2036 2148 2872 858 -1 3738 4686 2979 2287 1875 1400 -1 -1 5452 3676 2890 4104 2765 2785 2462 3540 4204 2335 2581 3087 4177 1822 1649 3573
4074 5166 3191 2794 3234 4505 4353 2884 3894 1957 2886 -1 3187 -1 3897 1943 1780 4021 3870 3218 2453 3113 -1 2331 3696 2407 4239 3749 3252 2025 2450 3635 2607 2660 3839 3944 4158 3571 3906 744 2530 3161 3926 4398 2930 3074 3757 3446 3249 1017 3549 1619 3080 2185 -1 1802 -1 3405 3858 2378 4320 2895 2122 2328 1922 3000 4016 4143 3436 3551 3387 4019 2920 3188 3645 -1 4019 4565 2913 2712 3135 1070 -1 -1 5367 2336 3658 4526 2655 3101 2132 2524 3890 3537 4073 3274 1182 1492 3203 3577
4205 3294 4693 2499 2961 3466 3556 3507 3316 3196 3955 -1 4683 -1 3661 3961 2154 4544 2835 3541 1329 3482 -1 3254 3875 3355 4968 3019 3363 2719 2439 2943 3130 2771 4455 2962 4481 2879 4009 2616 3599 2469 3129 3274 3624 4474 3663 3151 2589 3459 4981 3121 1956 3424 -1 2725 -1 2386 3177 3912 5587 1771 3045 3049 3424 3523 3335 5212 4340 2427 2263 3562 2458 2206 2970 -1 4370 5488 3073 4214 3786 2572 -1 -1 5498 3310 4436 5226 3894 3870 3080 2635 4497 2502 3038 2150 3054 2994 2406 3089
3069 4476 3883 1274 3105 3621 3242 2733 1683 2892 2830 -1 2497 -1 3544 2878 1515 3052 2350 2042 1484 3637 -1 3278 3606 1438 3885 3174 1041 1775 2594 1860 1638 449 3274 3117 2982 1796 2791 2771 2474 2624 2788 3429 2680 4234 3368 1926 1578 3300 4496 2311 2111 3120 -1 2749 -1 2091 2882 3830 4362 1926 3069 2172 3105 2031 3040 3691 3340 2582 2418 3185 1514 2361 2811 -1 4075 4838 2729 3404 2445 2727 -1 -1 3335 3465 3255 4282 3131 3096 1163 313 3005 2017 2553 2305 3209 3149 2561 3884
6628 7438 5996 2458 4803 5026 4909 5036 5463 3526 4939 -1 5992 -1 5466 3512 4585 6781 3534 5822 5264 5918 -1 4462 6234 5218 7229 4762 4821 4403 4581 5204 5367 4229 6198 5819 6762 5140 5412 4877 6137 4730 5735 5898 5308 5722 5888 3110 5127 5577 5680 4424 5891 3754 -1 3933 -1 5860 6651 5497 5546 5706 4253 5654 5218 5760 6755 6834 5588 6362 5958 6109 5051 5063 5580 -1 6595 6696 5215 5517 5940 5630 -1 -1 7115 7245 6069 6589 4224 5399 4943 4093 6734 3201 3737 6032 5315 6052 5012 5146
4182 4448 2750 1679 3157 3080 3928 2823 2976 3568 2865 -1 2746 -1 3579 3621 1339 3087 2587 2451 1306 2672 -1 1216 3897 3614 4628 3978 3340 2066 1335 2603 1673 2431 3667 3469 3391 2539 3356 2276 2509 2129 3424 3646 2971 2621 2642 2163 2834 2331 2434 1178 1933 3796 -1 687 -1 3070 3355 3525 3205 2143 1007 3465 1972 2066 3513 4122 3375 3431 2240 3578 1805 3273 2894 -1 3349 3450 1969 2271 2694 2384 -1 -1 4252 3565 3217 4573 2349 3186 3446 2612 2665 2254 2790 2127 2714 2806 3186 3271
6259 4205 4515 3843 4089 3902 4739 2153 4713 5372 4570 -1 3849 -1 3574 5358 3785 4889 3595 4253 4139 4601 -1 3380 2857 3863 5687 3144 3810 2683 3499 4340 3475 3501 3847 2593 5193 4276 3736 3292 2538 3866 1367 4912 3588 2839 4352 3965 3646 3895 5951 4120 4766 4709 -1 3489 -1 4455 3866 2030 5600 4581 3171 2377 3409 3660 4024 4151 2705 3800 3262 2310 2422 2603 3406 -1 3784 5617 4133 4036 3750 3571 -1 -1 5726 4720 3828 4980 2332 2516 3846 3634 4634 3472 3567 3149 3730 3993 644 3254
-1 -1 -1 -1 -1 -1 -1 -1 -1 -1 -1 -1 -1 -1 -1 -1 -1 -1 -1 -1 -1 -1 -1 -1 -1 -1 -1 -1 -1 -1 -1 -1 -1 -1 -1 -1 -1 -1 -1 -1 -1 -1 -1 -1 -1 -1 -1 -1 -1 -1 -1 -1 -1 -1 -1 -1 -1 -1 -1 -1 -1 -1 -1 -1 -1 -1 -1 -1 -1 -1 -1 -1 -1 -1 -1 -1 -1 -1 -1 -1 -1 -1 -1 -1 -1 -1 -1 -1 -1 -1 -1 -1 -1 -1 -1 -1 -1 -1 -1 -1
3889 4844 4373 3243 3395 3278 4514 3715 3776 4435 2200 -1 4198 -1 3743 4421 2962 5058 3478 2532 3202 3853 -1 2883 3577 3572 5428 3658 4681 1746 2899 3403 3644 3671 3153 3495 3472 3339 3036 3076 1844 2929 3589 4288 2651 5061 3658 3895 3613 3271 5508 2801 3829 2240 -1 2795 -1 3809 3172 4959 5955 3644 2674 3582 3012 2966 3330 3457 4267 3111 4066 1373 1485 4079 2782 -1 4365 5558 3533 3894 2813 3324 -1 -1 4789 4840 3134 4253 2501 4078 3297 4272 3940 3145 3681 4023 3514 3746 2866 3347
2395 3773 2879 2293 1901 3874 3020 2221 3590 3850 706 -1 2704 -1 2249 4235 1468 3564 1984 1038 1856 2359 -1 1830 3995 3850 5219 2676 3187 2520 1949 3217 2150 2177 1659 3427 1978 3153 3045 2890 350 2743 2977 3183 3069 3717 2164 2640 2639 2460 4130 1307 2483 4078 -1 1301 -1 2315 1678 3608 4901 2425 1621 3514 1518 1472 1836 1963 2773 2570 2572 3705 2259 2671 3333 -1 2871 4064 2509 2400 1742 2513 -1 -1 4177 3346 1640 4608 1007 2584 3575 3162 2446 1651 2187 2677 3328 2935 2607 1853
4649 5604 5133 4003 4155 4038 5274 4475 4536 5195 2960 -1 2660 -1 4503 5181 3722 5818 4238 3292 3962 4613 -1 3643 4337 4332 6188 3822 5441 2506 3659 4163 4404 4431 3913 4255 4232 4099 3796 3836 2604 3689 4096 5048 3411 5275 4418 4655 4324 4031 6268 3561 4589 3000 -1 3555 -1 4569 3932 5409 6715 4404 3434 4342 3772 3726 4090 4217 5027 3871 4826 2133 2245 4839 3542 -1 5125 6318 4293 4654 3573 4084 -1 -1 5549 5600 3894 5013 3261 4838 4057 5032 4700 3905 4441 4783 4274 4506 3373 4107
3907 4641 3169 545 2801 3113 2996 2819 1504 2163 3026 -1 4079 -1 4103 2149 1911 3756 1621 3065 3445 4005 -1 2549 3336 2142 3156 2862 312 2490 2668 1131 2342 2483 3924 2726 4005 1067 3271 2884 3123 2737 2583 3371 3295 3505 3064 1197 2113 3161 3767 2511 1658 2391 -1 2020 -1 1787 2578 3584 3633 1868 2340 1993 2851 2735 2736 3718 3371 3275 3603 3380 3138 3269 2672 -1 3771 4109 2000 2690 2610 3214 -1 -1 2656 3407 3636 4676 2861 3182 3580 2730 3358 1288 1824 3504 3322 3050 2300 3783
5002 4874 3232 2918 3010 4263 3434 2049 3877 3993 4466 -1 3296 -1 4333 4522 2609 4850 2184 4214 2126 3942 -1 3914 3877 3236 4743 2200 2685 2046 3199 3504 3436 3568 677 3255 5154 3440 3336 3376 2434 3229 2348 4071 2951 2735 4248 3570 3386 3601 5778 2448 2753 4221 -1 3385 -1 3183 3762 3787 6006 2568 3705 3342 2751 3556 3920 4047 2601 3224 1590 3291 1785 2499 3173 -1 3680 6148 3742 2753 3113 1899 -1 -1 5029 4107 658 4553 3091 2412 2961 3432 4530 3299 2387 2947 3814 2321 1625 3200
5387 5894 1778 2725 2185 3510 3304 3232 3208 3867 3698 -1 4410 -1 3662 3853 2400 4788 2293 3793 3227 3483 -1 2262 4757 3174 4860 2744 2795 3112 2381 2835 3374 2383 4037 1475 4733 2771 3807 3322 4210 3175 249 5172 3831 4481 3688 3303 3512 4206 4439 3183 3723 4095 -1 2692 -1 3491 4282 3892 4482 3669 2053 1562 1460 3767 4440 5124 4347 1885 3822 3020 2851 3682 3717 -1 3670 5455 2451 1299 3863 4131 -1 -1 4939 3602 2245 3862 3395 3595 2906 3173 4664 1960 2496 4048 3760 4553 2407 3587
6782 6758 3598 3446 4005 5157 5124 5051 4474 5217 5093 -1 5165 -1 5358 5203 4220 4277 4522 4679 4801 5856 -1 2983 5491 4994 6210 5572 5602 3660 3102 4185 3901 4198 5792 5409 5619 4121 4950 4043 4737 3896 4892 6167 4565 6373 4409 4098 5167 4271 6475 4873 5428 5445 -1 2454 -1 4841 4601 5712 6534 5638 2774 4963 2820 4294 4759 6350 5603 5025 5735 5703 3399 5378 3782 -1 5116 5217 3736 3119 4727 4324 -1 -1 6019 6168 4065 6167 4116 5414 5211 4533 5268 4189 4725 5622 4481 3200 4573 4776
-1 -1 -1 -1 -1 -1 -1 -1 -1 -1 -1 -1 -1 -1 -1 -1 -1 -1 -1 -1 -1 -1 -1 -1 -1 -1 -1 -1 -1 -1 -1 -1 -1 -1 -1 -1 -1 -1 -1 -1 -1 -1 -1 -1 -1 -1 -1 -1 -1 -1 -1 -1 -1 -1 -1 -1 -1 -1 -1 -1 -1 -1 -1 -1 -1 -1 -1 -1 -1 -1 -1 -1 -1 -1 -1 -1 -1 -1 -1 -1 -1 -1 -1 -1 -1 -1 -1 -1 -1 -1 -1 -1 -1 -1 -1 -1 -1 -1 -1 -1
3181 3146 2919 2605 1803 2706 2589 1450 3902 2844 1492 -1 2915 -1 2206 3756 1508 1714 1214 1078 2642 2841 -1 2142 3914 3160 5554 3462 3107 2083 2261 3529 300 2963 2445 2656 2018 3465 3092 2140 1136 3055 2843 3578 2988 3323 2468 790 2613 2500 3360 1347 3269 3072 -1 1613 -1 2355 1982 3177 4131 3211 1933 2743 2141 693 2140 2749 2002 2610 2559 3077 2731 1900 2874 -1 3175 4376 2895 2440 1843 2553 -1 -1 3398 2567 2426 4269 1793 1813 3276 2931 1667 881 1417 2446 2578 2975 2538 2601
3678 3894 2746 1847 1674 1579 2793 1069 3144 3803 2866 -1 3285 -1 3759 3789 187 3506 2223 2452 1938 2475 -1 1384 1088 1892 4796 3089 2726 1962 1503 2771 2092 1505 1678 597 3392 2707 138 2444 2510 2297 2462 2834 162 1755 2810 2499 1500 1704 2973 1717 2565 4031 -1 1226 -1 2995 3356 3381 3744 2380 1175 684 1968 2485 1609 4123 1621 2662 2178 1589 1701 1519 1215 -1 2507 3989 2137 2267 2277 1757 -1 -1 4061 2724 1659 2984 2517 1432 1617 2048 3459 1890 2426 2065 2882 2179 2006 2220
4632 4087 3749 3090 3246 4741 3848 1262 4111 2515 3444 -1 3745 -1 4455 2501 2338 4179 4166 3543 2967 3671 -1 2877 2660 2965 4577 2034 2919 829 2996 3738 2765 2879 3470 2468 4483 3674 4117 1302 3088 3719 2655 4788 1734 3632 4303 3742 3807 1575 4095 2177 3594 2743 -1 2348 -1 3564 4355 2936 4866 3453 2668 2555 2480 3158 3181 4701 1814 4109 2371 3381 2566 1712 3007 -1 4299 5111 3471 3270 3693 1628 -1 -1 5263 2894 3186 5084 3213 1625 2690 2743 4132 3833 2676 2258 1740 2050 2971 36
5276 5985 2329 3276 2736 4061 3855 3783 3759 4418 4041 -1 4006 -1 3802 4404 2599 4263 2844 3627 3272 3932 -1 2813 888 3226 5411 2889 3346 2789 2932 3386 2849 2912 4055 2026 4567 3322 3117 3873 2746 3726 800 5041 3141 3838 4239 3854 4041 3591 4990 2438 3899 4646 -1 3243 -1 4042 4074 3426 4633 3714 2604 2113 1768 3242 4075 4058 4551 2436 4206 3571 3402 4149 3862 -1 4221 6006 2759 1850 3954 1889 -1 -1 5490 4153 2796 4413 3403 4146 2951 3481 4216 2511 3047 4093 1946 2311 2958 4138
4355 2148 2275 1353 2682 2861 2663 2351 3304 3804 3770 -1 169 -1 3649 3949 864 3992 1288 3177 2468 2197 -1 2666 2370 2422 4956 3007 4008 2910 1411 2931 2578 2787 2960 1879 4117 2867 1420 2604 2776 2457 1605 4116 1444 3037 3651 2005 2782 1856 4255 703 3095 3875 -1 2508 -1 2374 3165 3251 4441 2910 2457 1966 1497 2971 2891 4389 2903 2415 3402 2548 2649 2194 2497 -1 3789 5271 2045 1796 117 1085 -1 -1 4470 4006 2191 4266 3433 2714 2147 3210 3905 2096 1491 3289 3042 1507 882 3482
5401 4167 4558 2566 3486 3739 4217 3514 3099 3758 4247 -1 4525 -1 3444 3744 2408 4509 2842 3837 2525 3265 -1 2206 2900 2895 4751 2981 4323 1069 2222 2726 3095 3702 3899 2818 4777 2662 2359 2399 3895 2252 2912 4470 1974 4384 3632 3218 3483 3732 4831 3575 3152 3986 -1 3084 -1 3382 4173 4568 5278 2967 1997 2905 3780 3488 3421 5508 4250 2434 3459 696 808 3402 3243 -1 4339 5704 2856 4079 2136 3768 -1 -1 4112 4506 3880 3576 3339 3877 2620 3595 4378 2509 3045 3346 2837 4106 2189 4239
4580 4475 2500 1429 2907 3140 3880 3836 2726 3385 3878 -1 2496 -1 3341 3371 1089 4217 2505 2709 2784 2422 -1 966 3647 3364 4378 3728 3585 1816 1085 2353 2803 2181 3417 3219 3649 2289 3106 2026 3522 1879 3174 4150 2721 4356 2392 2081 3310 2081 2184 928 3411 3613 -1 437 -1 3009 3613 4468 2955 3621 757 3215 1722 3196 3771 5135 4388 3181 3718 3328 1555 3361 2644 -1 3099 3200 1719 2021 2444 2134 -1 -1 4002 5070 2967 4323 2099 4199 3196 3222 4170 2172 2708 3605 2464 2556 2936 3021
4841 5066 4307 2275 3597 3082 2042 2241 3490 3832 3847 -1 3029 -1 2754 4135 2594 3588 2696 3433 1965 4118 -1 1812 3495 3041 4867 2324 3169 2662 1931 3117 2655 2897 3760 1989 4373 3053 2545 2472 3491 2643 3634 3165 2569 3777 3238 2927 2826 3075 4842 2735 2592 4060 -1 1283 -1 3022 3813 2630 5363 2407 1603 1557 3038 3048 3971 1945 2793 3063 2825 3671 2401 2691 2586 -1 3924 4046 2565 3828 3603 2186 -1 -1 4848 3946 3741 3722 1512 2604 2766 3197 4022 2363 2199 2712 2910 2608 3042 2434
4462 4317 3794 832 2409 2543 1025 2459 2082 2741 3084 -1 3890 -1 2744 2727 1577 3661 1679 2112 2354 3415 -1 369 2478 2720 3734 2782 2434 1219 488 1709 2247 1842 3068 1987 3052 1645 1528 1429 2925 1282 2608 3553 1552 3145 1795 1484 2691 2536 3825 2381 2981 2969 -1 2078 -1 2365 3016 3642 3920 2215 2398 2074 3175 2640 2999 4538 3011 1946 3288 2979 958 2764 2047 -1 2502 4687 1122 3315 2286 2589 -1 -1 3405 3754 3049 3726 1502 2822 2556 1706 3614 1346 1882 3175 1867 3011 2339 2424
2503 3196 2241 2401 1527 3909 2646 772 3463 2166 814 -1 2237 -1 2357 4108 830 3656 2092 400 1964 2163 -1 1938 3418 2482 5044 2784 2429 2337 2057 3090 2242 2285 1767 1978 1340 3184 2468 2998 458 2851 2165 3291 2492 3161 1790 2732 2747 1822 4238 669 2591 2394 -1 1409 -1 1677 1304 3234 5009 2533 1729 2065 1463 1580 1462 2071 1324 1932 1881 2399 2076 1222 2695 -1 2497 4172 2454 1762 1165 1875 -1 -1 4285 2878 1748 4326 1115 1135 2937 2253 2554 1759 2186 1768 3436 2297 2481 1923
3859 3612 2472 2817 1492 3628 2130 2128 2275 2934 2170 -1 3434 -1 3128 2920 1809 2636 2136 1756 2542 3360 -1 2614 3583 2829 1847 3537 3499 2444 2733 1902 1222 2600 2615 1827 2696 1838 2633 1575 1814 1428 2568 3346 2657 3846 1755 1712 804 2641 4007 1866 3169 3162 -1 2260 -1 478 1269 2718 4778 1843 2405 1914 1694 1615 1427 3427 2680 1966 3237 2071 2183 2578 2152 -1 2462 4392 2685 1993 1581 2200 -1 -1 4320 3382 2596 3810 2471 2491 2554 2771 2589 1803 2287 3124 2013 2622 2736 3279
5562 5916 4925 3859 695 3758 1814 3248 3262 2662 3873 -1 4926 -1 4602 2648 2366 4427 2468 3791 2859 4654 -1 3396 3267 2813 4914 3571 3957 3337 3515 2889 3013 3365 2547 2776 4731 2825 2317 4013 3849 2415 3935 4804 2341 2215 3603 3560 3679 3883 4614 3358 3486 2890 -1 2867 -1 2326 3117 2402 5196 3301 3187 2863 3857 3406 3275 4662 3800 3738 3002 3768 3197 3698 3394 -1 3160 4076 3758 4446 4456 3311 -1 -1 6111 4840 2528 3494 3360 3611 2538 3229 4296 2135 1971 3680 4451 3733 3246 3962
4540 4751 3796 533 3082 3081 2984 3111 3718 2582 3014 -1 3792 -1 4063 4363 1049 3597 1609 1955 3433 3718 -1 2537 3519 3401 4619 3600 3181 1688 189 3345 2183 2471 3187 3437 2895 3281 2978 3018 3019 2871 2701 3973 2593 3797 3345 1185 3546 3213 3755 2224 4060 2810 -1 2008 -1 3232 2859 3572 3621 3889 2328 3524 3018 2576 3017 4632 3663 3053 4100 3098 1427 3561 2724 -1 4016 4771 823 3317 2720 3266 -1 -1 3248 4450 3168 4195 3280 3474 3126 2453 3550 1276 1812 4107 3456 3688 2808 3346
4793 1541 4284 746 3549 3314 3197 2983 3904 3197 3227 -1 4097 -1 4210 4549 1664 3718 1822 2570 1917 4070 -1 2750 3420 2104 5234 3607 3796 2303 804 3531 2304 2684 3802 2929 3510 3467 2470 3204 3140 3057 3316 3862 2494 4010 3960 1398 3177 3828 3968 2712 2544 3425 -1 2221 -1 2974 3474 3785 3834 2359 2541 3016 3506 2697 3632 4753 3535 3015 2851 3713 2042 2794 3339 -1 4631 4984 1438 3805 3335 3160 -1 -1 3863 3898 3783 4810 3797 3346 1829 3068 3587 1489 2025 2738 3642 3582 2994 3677
4412 4923 3775 2709 2703 2608 664 2098 2112 2771 2723 -1 3776 -1 3769 2757 1216 3277 1318 2641 1709 3504 -1 2246 2117 1663 3764 2421 2894 2187 2365 1739 1863 2302 2707 1626 3581 1675 1167 2906 2699 1265 2785 3654 1191 2784 2861 3361 2529 2733 3464 2208 2336 2999 -1 1717 -1 2395 3186 1252 4046 2151 2037 1713 2997 2256 2638 4123 2650 2807 2643 2618 2730 2548 2244 -1 3536 2926 2608 3296 3306 2786 -1 -1 4961 3690 2688 2344 3356 2461 1388 2166 3146 985 821 2530 3344 3119 2096 2812
1165 3453 3580 2658 3987 2644 3714 3592 3371 3038 3754 -1 1474 -1 4954 5254 2169 4818 2593 3340 3556 1129 -1 3184 3675 3727 5075 3743 3541 3463 2716 4236 3404 2137 4199 3184 4280 4172 2725 3909 3398 3762 2806 3654 2749 4278 4610 3310 2388 2637 4681 2008 4183 3266 -1 3813 -1 3679 4244 4302 5452 3427 2975 3271 288 3797 4196 5011 3803 3151 4360 3326 3202 3499 2148 -1 5028 5976 1279 3101 1422 2390 -1 -1 5023 2484 3496 4082 3736 3955 3452 2001 4771 3226 2796 4247 4014 2812 2083 3802
3945 2648 1508 1853 1915 3240 2664 2196 2938 3480 2256 -1 3798 -1 3717 3583 1969 3225 1410 2589 3024 3308 -1 1650 2870 2904 4590 3392 3853 1480 1769 2565 1811 2579 3460 863 3529 2501 1920 2710 2581 2563 2495 2382 1944 2882 3076 2505 3282 3453 3556 2300 3651 3708 -1 1809 -1 2874 3493 3114 4327 879 1441 950 730 2204 3391 4194 2748 1002 3305 1107 1219 2646 2997 -1 3783 4572 1721 1029 617 3506 -1 -1 4523 2418 1975 3987 2783 2559 2936 2443 3178 1077 1613 3192 3053 3898 1772 2652
-1 -1 -1 -1 -1 -1 -1 -1 -1 -1 -1 -1 -1 -1 -1 -1 -1 -1 -1 -1 -1 -1 -1 -1 -1 -1 -1 -1 -1 -1 -1 -1 -1 -1 -1 -1 -1 -1 -1 -1 -1 -1 -1 -1 -1 -1 -1 -1 -1 -1 -1 -1 -1 -1 -1 -1 -1 -1 -1 -1 -1 -1 -1 -1 -1 -1 -1 -1 -1 -1 -1 -1 -1 -1 -1 -1 -1 -1 -1 -1 -1 -1 -1 -1 -1 -1 -1 -1 -1 -1 -1 -1 -1 -1 -1 -1 -1 -1 -1 -1
5609 6116 2000 2947 2407 3732 3526 3454 3430 4089 3920 -1 4632 -1 3884 4075 2622 5010 2515 4015 3449 3705 -1 2484 4979 3396 5082 2966 3017 3334 2603 3057 3596 2605 4259 1697 4955 2993 4029 3544 4432 3397 471 5394 4053 4703 3910 3525 3734 4428 4661 3405 3945 4317 -1 2914 -1 3713 4504 4114 3828 3891 2275 1784 1682 3989 4662 5346 4569 2107 4044 3242 3073 3904 3939 -1 3892 5677 2673 1521 4085 4353 -1 -1 5161 3824 2467 4084 3617 3817 3128 3395 4886 2182 2718 4270 3982 4775 2629 3809
4475 4228 3088 2970 2902 1676 2746 2744 3885 4138 2786 -1 3839 -1 4329 4839 2425 4182 1579 2372 2396 3151 -1 2507 4184 2568 3461 918 3243 2448 2626 3821 2768 2651 2354 2443 3312 3757 3249 3567 2430 3347 2694 2686 3273 2371 3762 3622 1420 1669 3725 2271 3023 4129 -1 1978 -1 3453 3276 2505 4496 2459 2298 2530 2310 3161 3434 4043 3296 2582 3267 2265 2377 3194 1180 -1 2518 4741 3260 2609 2197 1722 -1 -1 5537 3998 2335 4426 3087 3107 2293 2515 4103 1246 1782 3217 4005 2144 1971 2435
3839 2636 3289 2602 3202 1268 3459 2766 3326 2589 2891 -1 2533 -1 3605 3971 1088 3113 2613 2477 2010 2342 -1 2453 3885 1862 4422 3029 3884 3135 2258 2953 1699 3073 2696 2165 3417 2889 1706 2626 2535 2479 1760 3955 3822 809 1247 2189 2133 2949 3303 2746 2637 2817 -1 3012 -1 2396 3187 1713 4074 2452 2244 2252 2595 2092 3345 4148 3318 2332 2944 2834 2946 2216 2460 -1 1754 4591 2892 2810 2910 3002 -1 -1 4797 1753 2677 3943 3192 3129 1689 3156 853 2280 2816 2831 3064 3424 2342 3660
3950 3918 3018 1982 1433 1851 2552 1341 2900 3539 3031 -1 3557 -1 1095 3924 459 3253 2495 2617 1672 1825 -1 1519 1360 2164 4706 2365 2876 2209 1638 2906 1839 1777 1348 869 3557 2842 410 1628 39 2432 2666 2872 434 2027 1853 2329 1772 1484 3245 1989 2299 3767 -1 990 -1 2729 1367 3140 4016 2114 1310 956 2056 1161 1368 1652 1893 2770 2261 1861 1948 1791 1487 -1 2560 3753 2272 2539 2549 1537 -1 -1 3866 2996 1329 3256 696 1704 1889 2320 2135 2162 2698 2337 2066 1626 2278 1542
4951 5627 3899 3800 4102 1163 4697 4447 3397 4337 4658 -1 4211 -1 5634 5404 2754 5142 3825 3756 2075 5024 -1 4383 5296 3528 6411 4865 3567 3465 4502 4386 3728 2163 4988 3596 4696 4322 4505 4795 4302 4648 2370 4415 4370 5220 5116 4452 3292 4205 5971 3867 2702 4565 -1 3866 -1 3839 4630 5147 6603 2912 4174 3683 3581 4121 4788 5405 5086 3417 3009 4552 3204 4897 3716 -1 5791 6219 4572 3420 4159 3318 -1 -1 5049 4451 4366 5972 4959 4810 4231 2027 5095 3492 4028 2896 5233 3740 4110 5598
4041 4674 2751 3698 3027 4483 4021 2674 4181 4068 2716 -1 4139 -1 3430 4826 550 2938 3266 2302 3138 3675 -1 3235 4210 1324 5827 3717 3768 3162 3354 3808 1524 3356 2878 2448 3242 3744 3260 4295 2360 4148 1222 3739 3284 4547 3692 4276 4398 2904 5341 2571 3765 4296 -1 3311 -1 3579 3206 4471 4579 2236 3026 2535 2091 1917 3364 3973 3226 2858 3783 2789 2901 3124 2415 -1 3707 6074 2823 2272 3067 2957 -1 -1 4622 3775 2859 4835 3017 3037 2817 3804 2891 2933 3469 3670 4733 3379 3206 3620
3844 4188 3741 2422 2600 3105 3195 2272 2955 2835 2314 -1 3737 -1 3028 3600 999 2536 2474 1900 968 1049 -1 2893 3471 922 4607 2658 3002 2358 2078 2582 1122 2364 3085 2601 2840 2518 2421 2255 1958 2108 2768 2913 2882 4113 2799 3074 2228 3098 4620 2169 1595 3063 -1 2364 -1 2025 2804 3265 5391 1410 2684 2688 2963 1515 2962 3571 2824 2066 1902 2996 2097 1845 2609 -1 3506 5127 2421 3262 2665 2211 -1 -1 4220 2949 3066 4865 2615 2635 647 2274 2405 2141 2677 1789 2693 2633 2045 3423
3559 4766 4235 1764 3119 3097 3732 2766 2173 3382 2808 -1 2987 -1 3522 3368 2005 3030 2840 2394 1974 4127 -1 2881 4096 1928 4375 2339 1531 2265 3000 2350 1616 939 3761 3607 3334 2286 3281 3261 2452 3114 3278 3919 3170 3792 3784 2416 2068 3090 4986 2663 2601 3610 -1 3239 -1 2581 3298 3926 4852 2416 3559 2662 3457 2009 3314 4065 3318 3072 2908 3675 2004 2851 2601 -1 3939 5328 3219 3756 2935 3143 -1 -1 3825 3883 3742 4772 3109 3129 1653 803 2983 2507 3043 2795 3699 3565 3051 3856
4312 4065 2313 2835 1945 2360 2583 1963 648 1307 2623 -1 3887 -1 3247 1293 1055 2900 2589 2209 2939 3813 -1 2657 2480 1286 2300 2006 2602 2897 2776 275 1486 2010 3068 1870 3149 211 2415 2028 2267 1881 1727 3370 2439 2649 2208 2165 1257 2353 4067 2319 3101 1535 -1 2320 -1 931 1722 2976 4183 2198 2448 1137 1995 1879 1880 3880 2515 2419 2747 2524 2636 2413 1864 -1 2915 3253 1144 1834 2034 2406 -1 -1 4099 3402 2780 4257 2005 2326 2724 1874 2502 2256 2740 2959 2466 2828 1444 2927
4133 4809 4621 3265 3284 3394 3879 3694 3933 3519 4151 -1 4611 -1 5022 4770 3210 5179 4341 3737 1257 4543 -1 3577 4478 3688 5777 4559 3291 2647 3696 3752 3765 2699 4949 4161 4677 3688 3937 3977 3795 3830 4015 3597 3552 4380 4298 3917 2785 3387 5359 3049 1884 3747 -1 3048 -1 3021 3812 4329 6130 2094 3368 4248 3352 4158 3970 5408 4246 4012 2191 4076 2386 4144 2898 -1 5005 5811 4330 4142 3714 2500 -1 -1 5585 3633 4930 5154 4217 4057 3413 2563 5132 4008 4544 2078 4415 2922 3292 4845
4622 3322 3058 2527 2884 3302 1879 2792 3236 4445 3481 -1 3914 -1 2546 4431 1910 4605 2076 3595 3037 3276 -1 2490 2811 2991 5289 2746 2594 1950 2585 3413 3191 2002 2799 1703 4535 3349 1861 3079 1490 3133 3793 1597 1885 3478 3304 3179 3131 2935 4222 2352 3664 4673 -1 2441 -1 3644 2818 4039 4993 2860 2281 1790 2655 2612 2819 614 3344 3315 1494 3312 1689 947 2938 -1 4011 5204 3219 3445 3017 1803 -1 -1 4888 4399 2780 4457 2147 2513 2716 1866 3586 1743 2279 1381 3517 2225 3070 2993
