100
3609 3797 -1 4161 3082 4360 3862 2428 1949 3577 3967 3608 3111 3532 4514 3404 5798 3887 3038 3047 3893 2635 2889 4938 5065 3043 522 2668 2344 3176 3771 3865 3077 3982 3979 1795 -1 4237 3137 3748 3221 -1 3651 3307 3417 4108 2700 942 2127 798 3542 2709 -1 1591 3146 3651 3330 1131 3340 4619 2791 -1 -1 3434 2752 3449 4800 4056 3773 2855 2567 4390 2681 2550 -1 1508 1880 3490 4277 645 3422 1399 3245 3321 3363 2900 2924 3980 -1 2353 4446 1569 2308 3095 3446 2813 4923 2472 3794 4205
3038 3065 2274 3561 3190 1865 396 2071 4164 -1 5528 3244 -1 3724 5607 4450 2601 2513 3657 3137 2589 2626 3474 3257 955 3483 2768 4576 4345 3599 3551 2399 2808 3803 3678 1103 3390 5310 1637 -1 1996 2602 4709 656 2950 2606 3163 3100 4044 3562 5158 2608 3874 5073 2635 4614 2717 2547 1460 3738 3279 2908 2274 3937 3430 3465 3644 4620 2670 3439 4041 3256 1969 3731 2730 2988 3964 3072 1445 3686 2832 4064 1606 -1 3961 -1 2671 4709 3728 4803 1540 1387 -1 3001 2394 3605 2288 -1 4228 3496
2427 2647 -1 3679 1225 1907 3548 2158 3467 2360 3092 3218 3445 2594 2925 1110 2948 1760 3874 1467 3748 1951 1371 3634 4073 4126 4026 2016 3353 3520 2614 2644 2395 3452 2067 801 -1 3158 2906 4102 2764 -1 2761 2010 1673 3750 2005 1654 4198 3373 1378 3043 -1 4645 2666 863 977 5087 3031 3987 5256 -1 -1 2965 2702 1868 2674 5172 5313 2478 2601 3021 2861 2148 -1 2752 2413 2777 1894 4891 2903 3918 3385 2379 3573 2316 3562 2463 -1 1907 2789 2691 2632 2965 1673 2403 3061 3384 2591 2120
2434 1875 2455 2804 3286 2306 2200 2939 96 -1 2669 1676 -1 2543 3084 3661 1706 3911 2714 5339 2305 970 4164 2779 1641 2760 3044 2165 2667 1491 1856 3837 2202 1836 2780 3626 2362 3869 5714 -1 600 1658 1698 3515 2750 3104 3079 3234 670 2517 4226 4765 1604 2962 2070 2091 1967 2572 4600 2529 3148 2260 3663 3753 2474 3512 2708 1159 2101 2546 2683 2269 2488 2865 2795 1183 1675 2865 3239 2685 764 1636 1990 -1 2298 -1 3039 2969 1676 4232 4812 3297 -1 3478 2311 2991 1308 -1 2074 1984
0 1917 -1 3135 1202 3384 3267 2978 2027 2382 2484 2190 1113 4163 2847 1610 3680 1394 3890 2452 2360 3128 2341 2322 5055 2046 2415 2410 3278 3206 2973 2844 2183 1483 2993 1626 -1 2785 3572 3437 2276 -1 1158 3734 3967 3249 2559 2573 1869 1812 1049 2655 -1 2141 1663 1857 1450 2871 263 3716 2510 -1 -1 3137 1755 559 3280 2861 1775 1476 2309 4009 1895 1564 -1 2058 2430 2587 4223 1568 3164 1826 2194 3304 3427 1890 2666 3970 -1 2299 2652 1766 1287 2714 1761 1803 4777 2214 2996 3947
3120 0 -1 2758 3291 3879 3010 3950 3120 1650 3760 2410 2904 3341 3563 2552 3790 3483 4464 2195 4449 3451 2765 4814 3138 3626 2839 2388 1361 1289 3172 4933 2403 2095 3488 1846 -1 3254 3334 2400 2019 -1 3247 3576 4494 3965 642 3170 3154 2426 3138 2585 -1 3819 2939 2799 1670 3441 3383 2605 3339 -1 -1 2904 3476 3213 3892 2129 3566 2731 3594 4306 2557 3653 -1 3030 3051 3366 4153 2720 3685 1745 2414 2482 2648 2833 3739 2053 -1 2229 3594 3091 3376 3430 2477 3337 5305 3413 3195 4468
-1 -1 -1 -1 -1 -1 -1 -1 -1 -1 -1 -1 -1 -1 -1 -1 -1 -1 -1 -1 -1 -1 -1 -1 -1 -1 -1 -1 -1 -1 -1 -1 -1 -1 -1 -1 -1 -1 -1 -1 -1 -1 -1 -1 -1 -1 -1 -1 -1 -1 -1 -1 -1 -1 -1 -1 -1 -1 -1 -1 -1 -1 -1 -1 -1 -1 -1 -1 -1 -1 -1 -1 -1 -1 -1 -1 -1 -1 -1 -1 -1 -1 -1 -1 -1 -1 -1 -1 -1 -1 -1 -1 -1 -1 -1 -1 -1 -1 -1 -1
3667 4203 -1 0 3488 3351 3778 4857 3423 4937 3642 4419 3400 4205 4059 3559 4794 4129 4898 3573 5095 3089 2308 5084 6441 4535 2382 3392 3814 4454 3219 5315 4404 4801 2960 3868 -1 5275 3539 3404 4190 -1 3893 3152 4541 5884 3858 3373 4558 2268 3784 4207 -1 4022 3435 3806 3736 3283 3930 5114 5222 -1 -1 5044 4480 3294 4248 5077 4062 4211 4998 5755 3081 1531 -1 3937 3354 4988 5772 4303 4923 3259 2256 3346 4345 4344 3558 5356 -1 3851 4244 3998 3778 4460 4568 4341 6113 3195 3242 5706
1122 715 -1 3473 0 2457 3210 1776 1297 2365 3240 988 2235 2961 3043 408 4505 2516 3936 2395 3482 1983 2005 3444 3853 2409 2079 2953 2076 2004 2916 2858 981 2605 2066 424 -1 3149 2645 3096 2628 -1 2280 2532 2765 3445 1357 2479 2412 610 2171 2057 -1 939 2419 655 248 2019 1385 3320 2139 -1 -1 3151 2599 1681 3525 2844 2897 1785 2852 3316 2029 2686 -1 856 1228 2838 3625 1877 2533 624 992 2102 2711 3012 3209 2768 -1 1701 1450 917 2120 2123 2883 2925 4186 2482 2519 3316
1647 3564 -1 4782 2849 0 4256 4625 3674 4029 4131 3837 2760 4542 4494 3257 5327 3041 4833 3807 4007 3865 3134 3969 6702 3693 3208 3981 4925 4791 4045 4491 3830 3130 4640 3273 -1 4432 5219 3993 3631 -1 2805 5348 5367 4896 4144 4220 3516 3459 2696 2954 -1 3788 3310 3504 3097 4312 1910 4864 4157 -1 -1 4784 3402 2206 4927 3067 3422 3100 3956 2404 2926 3211 -1 3705 4077 3735 4522 3192 2522 3473 3841 3683 5074 2189 4313 5617 -1 2598 4299 3413 2934 1109 3408 3450 3172 3861 4068 3305
3907 3446 -1 4751 2985 3703 0 4167 3688 4036 4308 2242 3560 2028 4411 2438 5803 4494 4963 2081 5460 3894 3251 4778 6308 4136 2591 4407 3511 2292 3716 4686 2227 4837 2962 2747 -1 4395 3891 4858 4580 -1 4258 4562 3401 5397 3384 2681 3866 2640 4149 3819 -1 3330 3595 2685 3233 3552 4170 4459 4090 -1 -1 3907 3845 4167 4745 4515 4222 3613 4296 4664 3791 3581 -1 3247 3619 3330 4652 3705 4563 2654 3977 1169 5102 3054 4653 5499 -1 3463 3278 3308 3890 3369 3058 2967 5432 3496 3739 5346
3359 1986 -1 3991 3272 3155 1506 0 2982 2646 3880 2529 826 2315 3378 1048 5776 4022 3573 691 4988 207 2703 3299 5124 2345 2777 3387 2357 2579 2459 3498 1679 2236 2764 1357 -1 3847 3343 2495 3268 -1 3728 3045 3688 4085 2027 3177 2846 1250 3677 3654 -1 3252 3059 1295 3055 3624 1475 4348 3572 -1 -1 3791 2967 3187 3488 3125 1488 2425 2906 3956 3315 4125 -1 2541 2913 3617 3262 2517 3173 1264 3584 1456 1498 2889 3263 4039 -1 3298 2090 2602 2500 2821 2738 2802 3611 3150 2482 3956
5126 4433 -1 5131 4799 4083 4866 5591 0 5669 3955 4576 3099 4362 4791 4291 7721 4991 6052 4415 5957 5249 4353 5572 7571 4618 4427 4427 5380 4626 5264 5166 3884 4509 3692 4600 -1 5273 4271 5212 4598 -1 4755 5706 5735 5755 5042 4105 4741 3861 4646 4173 -1 4754 3134 4538 4911 5292 5164 6083 5299 -1 -1 5203 5502 5028 4926 5809 3761 4319 5181 6321 4145 5161 -1 4671 4086 4954 5741 4411 6011 4507 5655 3503 5187 4043 5538 6486 -1 3817 4788 4732 3609 5026 4267 4761 6845 4259 3920 6794
2318 2786 -1 4115 2071 3067 2489 3847 1653 0 2110 2927 1254 3346 1913 2031 4709 2263 4556 1674 3229 2194 3143 3727 5868 2767 2463 3815 2502 3591 2815 3713 2471 2664 2676 2340 -1 3428 3255 4002 1498 -1 2027 2828 3973 2315 2944 3089 3274 1238 1918 2963 -1 3010 1289 2278 2319 2373 2581 2226 1859 -1 -1 3358 2720 1588 3844 479 1916 2345 3106 3075 2764 2433 -1 2927 3070 2890 4245 1070 2035 2247 3063 2487 3342 2198 2089 4757 -1 2607 2943 2731 2156 1780 827 2672 3843 2649 2838 2818
3518 2582 -1 3203 2634 3791 2593 3454 2975 3733 0 2855 2629 4016 3945 2135 4452 2826 4019 1778 3792 1294 2320 4369 5603 2529 2394 3167 3058 1734 3231 2241 2766 2540 3851 2291 -1 3120 4430 3179 1841 -1 2590 4021 3721 5134 1087 1968 3153 2337 2481 2140 -1 2617 2664 2382 2115 2367 3677 4050 1863 -1 -1 2534 4255 1991 2093 4212 3291 1168 3593 5043 2112 2868 -1 2534 2906 2921 3708 1260 4260 2351 2859 3157 4389 2451 3950 4518 -1 1784 833 1000 2719 3908 3797 3235 4860 3498 3254 5043
4149 3742 -1 3854 3027 3777 4720 4803 3849 4766 5177 0 4321 5390 5298 3435 5896 5543 4437 3905 5884 5010 1847 4623 6254 3028 1921 4401 4281 2385 2758 4854 3510 3191 4595 3451 -1 4814 5174 4413 3729 -1 4700 4672 4080 5700 4099 4649 4320 3637 5198 4873 -1 3432 4356 3682 3275 3208 4412 4912 4001 -1 -1 4000 5036 4708 3787 5245 4983 1813 4760 5947 4845 5385 -1 3883 3780 5654 6030 1905 5560 2798 4019 4531 4573 4145 5117 5169 -1 4517 4477 3944 4829 4652 4212 4550 5177 4158 2781 6343
3403 2802 -1 4054 3156 4152 3574 4116 2738 3876 3195 3345 0 3131 2998 3116 5794 3348 4613 2759 4314 3279 3567 2473 5146 1519 3528 2561 3587 3395 3900 4274 3300 1410 3761 3425 -1 4234 3863 4597 2583 -1 3112 3913 4504 3400 3444 3208 2020 3101 3003 3558 -1 2426 2374 3363 3404 4165 2291 4846 2944 -1 -1 4033 3783 2673 3207 4355 662 3430 2460 4160 3530 3518 -1 3196 3568 3975 4302 3522 3315 2943 3138 2272 2314 2793 2817 4703 -1 3202 4028 3114 3241 2865 1912 2706 4928 2365 3923 4098
1879 2891 -1 2723 2403 1675 3543 3183 1747 3261 2580 214 1724 0 2383 1883 5559 3273 3395 2728 4239 3248 1223 3999 5422 2108 879 3270 1574 2599 2134 4230 199 3134 1284 2192 -1 2367 1863 3282 2552 -1 3037 2861 1373 3369 2862 1697 2882 2085 2928 2531 -1 2346 1759 2130 2503 3422 2142 4441 2092 -1 -1 3791 1817 2438 3163 3299 2386 2027 3322 2636 2503 3354 -1 2263 1678 3312 4099 2119 2754 1756 3247 2957 3812 2421 3373 4337 -1 2175 2925 1828 3166 1341 1881 3568 3404 2056 2157 3537
2822 2415 -1 3633 1700 3609 3114 3056 2402 2716 2859 2688 2003 4095 0 2108 4178 1892 3837 2299 2858 3263 2138 2760 4204 1098 2212 2848 2427 3704 3049 3342 2681 3413 3425 2124 -1 4177 2803 2997 2774 -1 1656 915 4371 3687 3057 3071 2307 2090 1547 1958 -1 2639 2038 2355 1948 3105 3085 3868 2533 -1 -1 3635 807 1057 4018 3195 2665 1974 2747 3760 1930 2062 -1 2136 2508 2739 3526 2066 3602 1883 2078 3236 3714 2388 1757 3119 -1 1602 3150 818 1785 3152 1501 2301 4678 2317 3072 4385
3040 1008 -1 3095 2843 3789 3211 2413 1934 2658 2832 2747 1976 2553 2635 0 4798 3035 4573 2396 4001 2131 2401 4103 4146 3046 2475 2838 1748 1626 3312 2450 2740 2432 3398 309 -1 3641 3977 3408 2220 -1 2799 2124 3926 3037 979 2177 2297 202 2690 2694 -1 2826 2011 247 2007 2576 3303 3613 3726 -1 -1 2743 2986 2200 3117 3137 2638 1377 2737 2908 2267 3077 -1 1493 1865 3475 4262 1469 2125 216 2751 1694 3656 2701 3094 3061 -1 2338 1042 1554 1712 2502 3144 2952 4565 2642 2111 2908
3602 2482 -1 4334 3300 2343 3211 4251 2415 4132 3577 2557 3335 2343 3994 2753 0 3703 4833 2396 4669 4209 2243 4030 4554 2257 2317 3327 3826 2607 3154 4116 2542 3191 2895 2147 -1 4710 3474 2506 3614 -1 3467 3346 3716 2320 3124 3308 3577 2818 3358 3117 -1 3957 3370 3000 3548 3407 1971 4774 3975 -1 -1 4222 1966 3488 4183 1513 3997 3263 3899 4747 2866 1466 -1 3331 2346 3645 4685 2104 4858 2969 4073 1484 1994 2938 3123 4535 -1 2761 3795 1977 3596 3452 2943 2851 5515 2724 3177 5035
2639 3336 -1 2553 2621 2912 3034 2665 2149 3772 2606 3105 1750 3303 2894 2576 5569 0 3140 2219 966 1735 1441 3048 5020 3123 1515 2288 3483 3098 2352 3882 3207 2381 2906 2032 -1 3382 3485 2300 2479 -1 3008 3655 3654 3296 2451 1179 2364 2512 2899 1261 -1 1828 1785 2823 2869 1477 2798 3171 2840 -1 -1 3854 2832 2569 3381 4251 2412 82 2804 4056 1233 3414 -1 1745 2117 2042 2829 174 3448 2392 3482 2983 3600 496 3161 4973 -1 905 3439 1806 2325 2761 1808 409 3981 2709 2375 4231
5389 4677 -1 5473 4554 3742 3586 5821 4720 6070 5407 4276 4782 4062 5697 4472 6805 4856 0 4115 5822 5873 4319 6156 7815 3463 4393 5026 5545 4004 4329 5770 4261 4810 4725 3885 -1 6197 5304 5415 4734 -1 4620 6291 5435 6466 3357 5138 4485 4349 4511 5300 -1 5493 4667 4442 4385 218 5652 5954 997 -1 -1 5619 5879 5948 5170 6299 5444 4938 4925 5679 4265 3542 -1 5069 4699 5364 6465 5030 5780 4688 5129 3203 6110 5088 3505 6730 -1 4944 5514 5130 4749 4851 5092 5001 5481 4065 4164 6563
2668 1365 -1 3452 3192 2464 815 2770 2291 1955 3189 2879 2317 2843 2687 357 5155 3392 2882 0 4358 2488 2012 4460 4503 2162 2086 3195 1666 1983 2923 2807 988 2789 2073 666 -1 3156 2652 3765 2577 -1 3037 2481 4216 3394 1336 2486 2654 559 3047 3051 -1 3135 2368 604 2364 2933 2931 3870 2881 -1 -1 3100 2606 2557 3474 2434 2979 1734 2215 3265 2624 3434 -1 1850 2222 3832 2571 1826 2482 573 2893 1984 4013 3058 2572 3418 -1 2695 1399 1911 1809 2130 2782 3309 4193 2459 2468 3265
2866 3820 -1 1587 4068 4455 4529 3508 3041 2874 3498 4093 2642 4449 3301 4071 6381 4260 4785 3714 0 3715 3086 5115 6665 3513 3160 2134 3638 3196 3997 5527 4086 4052 2134 3400 -1 4816 4643 2146 4372 -1 4024 4216 5022 5189 4096 2547 3732 3404 3915 2906 -1 3196 2677 4318 3353 3294 3129 4816 3618 -1 -1 4746 3222 3425 5026 3353 3119 3052 4172 5679 2878 3118 -1 3113 3485 3687 4474 3144 4909 4037 3660 3590 4730 3586 4476 5873 -1 2550 4331 1766 3970 4384 3701 4418 5355 3159 4020 5692
3152 1849 -1 3936 3676 2948 1299 3254 2775 2439 3673 3363 2801 3327 3171 841 5639 3876 3366 484 4842 0 2496 4558 4987 2646 2570 3679 2150 2467 3407 3291 1472 3273 2557 1150 -1 3640 3136 2288 3061 -1 3521 2965 4700 3878 1820 2970 3138 1043 3531 3447 -1 3619 2852 1088 2848 3417 3415 4354 3365 -1 -1 3584 3090 3041 3958 2918 3463 2218 2699 3749 3108 3918 -1 2334 2706 4228 3055 2310 2966 1057 3377 2468 4497 2682 3056 3902 -1 3091 1883 2395 2293 2614 3266 2595 4637 2943 2952 3749
2302 1895 -1 4368 1180 1930 2873 2956 2002 3129 3648 2168 2792 3792 3451 1588 5685 3696 2590 2058 4662 3163 0 2776 4617 3114 74 3014 2434 2899 911 3007 2161 2493 3246 1604 -1 2967 3430 4102 1882 -1 2853 2859 2233 3853 2252 2802 2473 1790 3351 3063 -1 2119 2827 1835 1428 2808 2565 4149 3052 -1 -1 2986 3189 2861 1940 3608 3454 2170 2913 4334 3035 3866 -1 2036 1933 3844 4629 2262 3713 951 2172 3282 3891 2298 3270 3532 -1 2707 2630 2097 2982 3039 2365 3159 5102 2311 934 4496
3592 4060 -1 4243 3345 3516 3763 4305 2927 4065 3384 4201 2528 4620 3187 3305 5983 3537 4562 2948 4503 3468 2863 0 5977 3876 2937 2750 3526 3926 3774 4987 2350 3938 3435 3614 -1 3749 4014 3722 2772 -1 3301 4102 5096 3589 3873 3848 2209 1980 3192 2683 -1 4284 2563 3552 3593 2995 3855 4593 3133 -1 -1 4222 3968 2862 4803 4544 3190 2829 2649 4349 2655 3707 -1 3385 3519 3464 4251 2921 3504 3132 1968 3761 4616 2982 3006 4892 -1 2327 4217 1543 3430 3054 2101 2895 5117 2554 3797 4287
3970 3563 -1 4423 2848 2399 1200 4624 4145 5102 4171 2619 4376 3228 4080 3256 6585 4299 5368 3281 5265 3253 2778 4555 0 4472 2852 4643 2870 3492 3689 4391 3427 4295 4162 3272 -1 4567 4870 4982 3823 -1 4063 4995 4601 5437 4205 3881 4102 1324 3954 4663 -1 3787 4411 3503 3096 4139 4233 5659 4652 -1 -1 4356 4181 3464 3540 5466 5038 2744 4542 4803 4635 4469 -1 3704 4076 4530 5852 2836 4921 3472 3840 2369 500 3898 3824 4843 -1 4307 4298 3765 2834 3508 3949 4167 4634 2507 3712 3541
5290 4024 -1 5247 4419 5086 3474 3765 3286 3689 4711 5407 4520 5502 5309 3016 6531 5952 3313 2659 6918 3972 4226 6275 7162 0 4300 4575 3400 3778 5137 5466 3610 4584 3540 3325 -1 5293 5274 5085 4417 -1 5659 5140 4826 6004 3995 3242 4034 3218 5607 4046 -1 3891 4555 3263 4667 3531 4749 5915 4200 -1 -1 5393 3704 5216 6133 4168 5182 4192 4474 5924 4018 6093 -1 2845 3217 4827 3002 4284 5141 3232 5152 4643 4772 3632 4831 6077 -1 3690 4058 2906 4468 4752 4516 3545 6766 3903 5127 5924
3819 3516 -1 4294 3570 5230 4546 4645 4178 3055 4635 3789 3779 3718 4438 3978 5984 3762 2516 3731 4728 3914 4301 5166 4543 3406 0 3422 2766 2825 4577 5212 3782 3631 4518 3225 -1 4659 3356 4853 3555 -1 3526 2785 5091 4862 2178 3754 2881 3805 3417 4121 -1 4403 3814 4225 3049 2734 4082 5281 3513 -1 -1 2912 3115 2927 4329 3534 4441 3844 3321 4576 4093 3932 -1 4057 4429 4902 5689 3936 4176 877 3793 3887 4053 3654 3678 3458 -1 3765 4705 3126 3655 3281 3882 3567 5344 3226 3323 4959
3925 2945 -1 4825 3272 3777 2395 3219 2752 3535 3209 2529 2353 2315 3012 1937 4687 4077 4462 1580 3328 3426 3325 4826 6083 3471 2878 0 3246 1176 3914 4387 2301 3763 2710 2246 -1 3730 3965 4482 4157 -1 3841 3100 3688 4974 2916 3123 4234 2139 3732 3443 -1 3772 2388 2184 3520 3839 4188 4746 3455 -1 -1 2791 3180 3242 4943 4014 3015 3314 3795 4738 3415 4247 -1 3430 2867 3617 4151 3406 4062 2153 3371 1456 4441 2802 4152 4998 -1 3087 2979 2303 3389 3443 3345 2715 5066 3783 3937 4845
3698 3677 -1 4244 4222 3494 3127 5002 3566 4267 4399 3909 3543 5155 4202 2669 7147 4701 5194 2312 5667 4172 3042 3676 6815 3927 3116 3474 0 4295 1811 3907 2018 3393 3103 2978 -1 1893 3682 3486 2782 -1 3753 4793 3133 4753 3648 3516 3373 2243 4356 3963 -1 4165 3578 2916 4322 4033 3961 5292 1978 -1 -1 4200 3636 4026 2840 4746 4205 4046 3813 4455 3935 4871 -1 4082 3497 4744 4883 4138 4573 2885 4491 4296 5631 3198 4170 5730 -1 3607 3711 3647 3753 3160 3265 4059 4555 3718 1834 5356
2805 3675 -1 3649 3329 2601 3125 4109 1831 4187 3506 3016 2650 4742 3309 2667 3511 4199 4739 2310 5165 4316 2149 4925 6766 2943 2223 4196 3898 0 3060 5117 1125 3864 2210 2976 -1 3293 2789 4208 4031 -1 3963 4224 4382 5134 3646 2623 3808 2869 3854 3457 -1 3272 2685 2914 3429 4815 3068 5367 3018 -1 -1 1615 2743 3364 4089 4225 3312 3603 4248 3562 3429 4280 -1 3189 1762 4238 4881 3695 3394 2883 4173 3883 4738 3283 4299 5681 -1 3101 3709 2754 4092 2267 3818 3196 4330 2982 3083 4177
2945 2512 -1 3596 2510 3593 1962 3377 2280 3102 2737 3498 1881 3973 2540 1504 5336 2890 3866 1147 3856 2821 2332 1865 5330 3229 1350 2103 1523 3130 0 2096 2135 1582 3220 1813 -1 2056 3405 3191 971 -1 1942 3455 1322 2942 2483 1891 1562 1706 2545 2152 -1 2540 1916 1751 2758 2222 3208 4062 2141 -1 -1 2389 3333 2215 1029 3486 2543 2298 2002 3702 2124 3060 -1 2457 2829 2933 3718 2390 2857 1720 2680 3114 3967 1387 2359 4245 -1 1796 2546 2518 2071 2407 1454 2248 4470 1907 23 3640
4052 2633 -1 4323 3490 3650 2499 2871 2392 3639 3299 2906 2443 4514 4371 2041 5968 3682 3481 1684 3455 1200 3332 4493 5508 3014 965 3111 817 3619 2628 0 2672 3853 3550 2238 -1 2710 4129 3488 3599 -1 3446 3750 3860 4551 3020 1385 2570 2243 3337 3152 -1 2034 2478 2288 2166 126 3783 4549 2795 -1 -1 293 2723 2847 3657 4118 3105 1450 3010 4949 3124 2993 -1 1951 2323 3933 4255 1088 3865 1842 2910 3655 3806 3343 3367 4423 -1 2796 3083 2012 3493 3814 3611 3256 4251 2915 2651 4648
1680 2692 -1 2524 2204 1476 3639 2984 1548 3062 2381 1891 1525 3617 2184 1684 5360 3074 3614 3082 4040 3191 1024 3800 5641 1909 1098 3071 2773 2775 1935 4031 0 2935 1085 1993 -1 2168 1664 3083 2906 -1 2838 3099 3257 4009 2663 1498 2683 1886 2729 2332 -1 2147 1560 1931 2304 3690 1943 4242 1893 -1 -1 3629 1618 2239 2964 3100 2187 2478 3123 2437 2304 3155 -1 2064 1479 3113 3900 2570 2555 1900 3048 2758 3613 2222 3174 4556 -1 1976 2726 1629 2967 1142 2693 3369 3205 1857 1958 3338
3570 3917 -1 4414 3933 2917 4712 3284 2805 4952 4265 3781 3409 3846 4074 3574 5727 4125 4634 3899 5091 3491 2914 5149 6661 3799 2118 3524 3306 4032 3825 2864 1890 0 2975 2651 -1 2824 3554 3959 3059 -1 3889 3920 4273 4964 4110 1798 2983 3776 3780 2920 -1 2447 3444 3821 4181 2990 3833 4830 2909 -1 -1 3157 3508 4062 1797 4254 4071 3066 3423 4327 2892 2698 -1 2364 2736 3701 4488 3158 3803 2995 4101 2987 4219 2155 3780 5576 -1 2564 4616 2066 3984 3032 4577 3669 5095 3298 3404 4586
2625 1686 -1 3632 2553 2898 3333 1899 1420 3336 2592 1959 1736 3651 3052 2875 5433 3628 3126 2518 4594 2106 1427 3476 4824 2532 1501 2139 3047 2647 2338 3738 1952 2944 0 1266 -1 3910 3441 2286 2692 -1 3392 3641 2888 3579 2328 413 1598 1975 3283 1247 -1 1062 1771 3122 1219 2605 2784 3157 2262 -1 -1 3155 3362 3184 3367 3815 2398 1393 2038 4389 1219 3798 -1 979 1351 2028 2815 1485 2893 2378 1963 2792 2834 2371 2395 3739 -1 891 3425 1040 2311 3094 2904 2284 3967 1943 2361 3676
3763 3473 -1 4022 2758 4036 3610 2104 1625 2662 3331 3088 2475 2874 4190 3152 5823 4367 4264 2795 5333 2311 2565 4614 5756 2737 2639 2529 2373 2852 3476 4607 2747 3658 3808 0 -1 4266 3831 3424 3467 -1 3730 4779 4247 3969 3575 4193 1988 3118 4022 2385 -1 3697 2510 3399 3006 3743 3523 4295 3489 -1 -1 3545 2677 4250 4505 3141 3137 2531 2428 5184 1958 4537 -1 1184 1556 3166 3953 2623 3283 2911 3106 2015 3602 2761 2785 4671 -1 2029 4164 1245 3050 3889 3489 2674 5105 2333 3499 4066
-1 -1 -1 -1 -1 -1 -1 -1 -1 -1 -1 -1 -1 -1 -1 -1 -1 -1 -1 -1 -1 -1 -1 -1 -1 -1 -1 -1 -1 -1 -1 -1 -1 -1 -1 -1 -1 -1 -1 -1 -1 -1 -1 -1 -1 -1 -1 -1 -1 -1 -1 -1 -1 -1 -1 -1 -1 -1 -1 -1 -1 -1 -1 -1 -1 -1 -1 -1 -1 -1 -1 -1 -1 -1 -1 -1 -1 -1 -1 -1 -1 -1 -1 -1 -1 -1 -1 -1 -1 -1 -1 -1 -1 -1 -1 -1 -1 -1 -1 -1
3916 3056 -1 5143 2794 4137 2506 4461 2797 3646 3254 2944 3583 4534 4378 2048 6846 3856 3572 1691 4822 3348 3274 4715 6194 2551 3348 4114 2631 3674 3653 4498 2679 4480 3764 2357 -1 0 4343 4133 1255 -1 3620 4172 3730 5054 3027 4177 3573 2250 3511 3094 -1 3733 2433 2295 3042 3790 4179 5004 85 -1 -1 4502 4297 4248 4682 4125 4245 3240 3906 4679 3066 4026 -1 3541 3779 3875 4262 3332 4173 2264 3786 3675 4715 2329 4263 5109 -1 2738 3090 3602 3500 3821 3566 4259 5751 3918 3676 4956
855 2772 -1 3963 2057 3465 4122 3833 2882 3237 3339 3045 1968 4403 3702 2465 4535 2249 4125 3307 3215 3696 1535 3177 5910 2901 1609 3265 3313 4061 2446 3407 3038 2338 3848 2481 -1 3640 0 4056 3131 -1 2013 4394 3768 4104 3414 2833 1929 2667 1904 3107 -1 2996 2518 2712 2305 2896 1118 4571 3365 -1 -1 3700 2610 1414 3475 3716 2630 1501 3164 4864 2750 2419 -1 2913 3285 3442 4675 1593 3224 2486 3049 3544 4261 2745 3521 4825 -1 2751 2251 1967 2142 3569 2616 2658 4865 3069 2469 4007
3855 3500 -1 4699 3607 3651 3518 3629 2881 4219 4147 2864 3291 2650 3950 3060 4561 5116 4116 2703 6082 3836 3199 5048 5572 3275 3213 4308 3930 1050 4110 5510 2175 4209 3260 3301 -1 4343 3376 0 4434 -1 4880 4364 4023 3338 3914 3673 3767 2663 4771 3910 -1 3097 3326 3307 3855 3678 2989 4989 4068 -1 -1 2665 2984 4414 5139 2531 3953 4056 4207 4612 3882 2484 -1 2709 2812 3860 5274 3122 4444 2456 2651 1791 3012 3676 2330 5553 -1 3554 4102 2770 4173 3317 3680 3589 5380 1013 4133 5227
2661 2254 -1 4016 1539 3498 4517 3315 2593 3904 3077 2527 3042 4500 3701 1947 6044 4055 5475 3702 5021 3522 3046 4983 5392 3705 3120 4492 2676 3543 3957 4397 2022 4144 3107 1963 -1 4190 3686 4635 0 -1 3819 4071 2475 4343 2896 3520 3951 2149 3710 3596 -1 2478 3077 2194 1787 3558 2924 4859 3678 -1 -1 4690 3640 3220 4662 4383 3704 3324 4391 4459 3568 4225 -1 2395 2524 4377 5164 3353 4072 2163 2531 3641 4250 3986 4748 4307 -1 3240 2989 2456 3659 3164 2855 4464 5227 3879 3656 4855
-1 -1 -1 -1 -1 -1 -1 -1 -1 -1 -1 -1 -1 -1 -1 -1 -1 -1 -1 -1 -1 -1 -1 -1 -1 -1 -1 -1 -1 -1 -1 -1 -1 -1 -1 -1 -1 -1 -1 -1 -1 -1 -1 -1 -1 -1 -1 -1 -1 -1 -1 -1 -1 -1 -1 -1 -1 -1 -1 -1 -1 -1 -1 -1 -1 -1 -1 -1 -1 -1 -1 -1 -1 -1 -1 -1 -1 -1 -1 -1 -1 -1 -1 -1 -1 -1 -1 -1 -1 -1 -1 -1 -1 -1 -1 -1 -1 -1 -1 -1
3425 2659 -1 4115 2657 2299 2109 2942 1653 3249 2110 3138 1254 3346 2248 1651 6304 3146 3926 1294 4112 2886 2227 2877 4407 1723 2301 3074 2503 2805 1815 1686 2282 2664 2676 1960 -1 3428 3179 3086 1118 -1 0 3042 3137 3317 2630 3071 3274 1853 2801 2047 -1 3596 1289 1898 2905 1812 2302 2558 3454 -1 -1 1979 3055 3183 2844 3728 1916 1442 1776 4282 737 3316 -1 2512 2302 1429 3615 1534 3240 1867 2454 2487 3342 1932 2133 4019 -1 1691 2693 2573 129 3375 2422 3555 4767 2680 1838 4023
1907 1500 -1 2718 785 2967 2850 2561 1610 1801 2067 1773 1857 3492 2516 1193 3263 977 3473 2035 1943 2712 1924 3618 3289 2464 1998 3008 1512 2789 2556 2427 1766 3267 2576 1209 -1 3385 3155 3020 1859 -1 741 0 3550 3867 2142 2156 3197 1395 632 2238 -1 1724 1246 1440 1033 2454 2170 3299 2924 -1 -1 2720 3323 142 3585 2280 2519 1059 2517 4101 1478 1147 -1 1641 2013 2170 3806 1151 3318 1409 1777 2633 2799 1473 2874 2204 -1 1882 2235 1702 870 2908 2379 1386 4570 2811 2579 4101
2019 2730 -1 3428 2267 2380 2190 3620 966 2104 1423 2628 567 2659 1226 1732 5404 2459 4155 1375 3064 2717 2456 3040 5214 2080 2530 3128 201 2923 2012 3664 2219 1977 1989 2041 -1 2094 2568 3315 1199 -1 2223 2141 0 2016 2510 2402 2587 1329 2114 2276 -1 2993 602 1979 2515 2813 2282 3720 2179 -1 -1 2671 2033 2283 3041 2583 1229 2422 2559 2776 2248 2629 -1 2968 2383 2591 3844 2514 2894 1948 3237 1800 2655 1511 2916 4129 -1 1920 2256 2044 2352 1481 1735 2868 3280 2761 2035 3677
4313 3942 -1 3501 3227 3492 5157 5003 3863 4413 5412 4215 4556 5208 4888 3635 5543 5296 6399 4342 5531 4895 4181 3397 5901 4363 4255 4048 4124 2032 5092 5702 3157 2838 4242 3651 -1 5325 4821 4060 4444 -1 5060 4319 5992 0 3067 4636 3770 3837 4951 4520 -1 4166 4591 3882 3475 5208 4368 5418 5050 -1 -1 3647 4363 4461 4635 3910 5033 4666 4210 5070 4492 3863 -1 4083 3794 5301 6088 4501 5065 3620 4219 4349 4391 4284 4567 4816 -1 4164 4677 4144 5189 3775 5240 4197 5838 4115 5115 5848
3321 1495 -1 2116 2916 3237 2368 3308 2478 3028 3288 1768 2432 4078 3509 1910 3990 3718 3822 1553 4146 2809 2123 4172 4516 2984 2197 2663 2739 647 3034 4317 1761 1453 2846 1204 -1 3929 3425 2675 1377 -1 3482 2934 3852 4578 0 3251 3192 1784 3373 1943 -1 3708 2467 2157 1028 2799 3480 3853 3654 -1 -1 2262 3379 3076 3250 3507 3094 2089 3037 4198 1915 3647 -1 2388 2409 2724 3511 2181 3842 2126 1772 3219 4026 2191 3394 3431 -1 1587 2952 2449 3007 2903 3600 2812 4663 3262 3057 4625
3145 2855 -1 3219 2140 3418 2920 1486 1007 3454 3025 2666 2169 3238 3572 2462 5020 4061 3646 2105 5027 1693 1947 3996 4953 2119 2021 1726 2676 2234 2858 3325 2832 3040 3591 853 -1 4343 3028 2806 2279 -1 3825 4016 2475 3166 2957 0 1185 2315 3716 1767 -1 649 2204 2709 2388 3125 2398 3677 1849 -1 -1 2742 3530 3704 3887 3933 2831 1913 1625 5251 1739 4231 -1 566 938 2548 3335 2005 2480 2108 2303 2379 2421 1958 1982 3868 -1 1411 3504 627 2831 3956 3241 1871 4046 1530 2881 3263
3313 3787 -1 2034 3072 4400 4679 4229 2986 3595 3443 4060 2587 4399 4022 3480 3835 4479 2789 3864 4338 3847 3507 5060 6925 3848 3581 2581 3583 3643 4418 4256 2946 3997 4009 3496 -1 4761 4476 2593 3688 -1 4243 3692 4923 5243 3496 3809 0 2037 4134 3327 -1 4011 2622 3727 3320 3007 3576 5237 3786 -1 -1 4549 3669 3834 4279 4074 3249 3473 3901 5383 2070 3565 -1 3928 4300 4108 4895 3565 1295 3048 4064 3540 4675 3531 4258 5556 -1 2971 4276 3680 2699 4088 3755 4163 6047 3606 4237 2078
4862 3362 -1 5052 4038 4430 3228 5175 4452 4368 4909 3635 4053 3959 4881 2770 6853 4840 5295 2413 3998 1929 4188 5222 6500 3148 4032 5020 1546 4396 3357 3067 3182 4939 4267 3071 -1 3439 4846 4217 2499 -1 4604 4894 4679 5807 3749 4452 4919 0 4495 4008 -1 4977 4088 3017 2895 3193 5125 5717 3524 -1 -1 3360 2857 4660 4386 4847 4715 2823 4409 5619 3980 5010 -1 4255 4433 4789 4984 2915 4895 2986 3639 4397 5664 3313 4766 3519 -1 3652 3812 2868 1510 4324 3551 4524 4980 3475 3380 5678
1275 868 -1 2898 153 2335 2218 1929 1450 2518 2219 1141 1363 3114 2357 561 3778 345 3485 1403 1311 2080 1292 2986 4006 1832 1366 2376 2229 2157 1924 1795 1134 2726 1944 577 -1 3302 2523 2388 1227 -1 109 2685 2918 3426 1510 1524 2565 763 0 1606 -1 1092 1398 808 401 1822 1538 2667 2292 -1 -1 2088 2752 1834 2953 2997 2025 427 1885 3469 846 515 -1 1009 1381 1538 3174 519 2686 777 1145 2255 2864 841 2242 2921 -1 1250 1603 1070 238 2276 2153 754 4326 2179 1947 3469
1759 2685 -1 3306 2961 1651 2665 2854 1723 3276 2853 2490 2872 2766 1805 2207 5180 3153 4153 1850 4119 2914 3313 2229 3759 2406 2356 1027 2531 1837 1167 3263 2838 2643 3530 2394 -1 3223 3736 1039 2138 -1 2917 2394 2489 3874 1190 3058 1893 2409 2808 0 -1 3707 2032 2454 2218 1358 2022 1910 3308 -1 -1 3452 2115 2318 2196 3570 3534 3235 2333 4055 3105 3323 -1 1934 1654 781 3842 3327 3188 1163 2962 2483 3560 2554 2690 4576 -1 2777 3249 1995 3046 2760 2621 2579 4277 2032 1190 3971
-1 -1 -1 -1 -1 -1 -1 -1 -1 -1 -1 -1 -1 -1 -1 -1 -1 -1 -1 -1 -1 -1 -1 -1 -1 -1 -1 -1 -1 -1 -1 -1 -1 -1 -1 -1 -1 -1 -1 -1 -1 -1 -1 -1 -1 -1 -1 -1 -1 -1 -1 -1 -1 -1 -1 -1 -1 -1 -1 -1 -1 -1 -1 -1 -1 -1 -1 -1 -1 -1 -1 -1 -1 -1 -1 -1 -1 -1 -1 -1 -1 -1 -1 -1 -1 -1 -1 -1 -1 -1 -1 -1 -1 -1 -1 -1 -1 -1 -1 -1
4472 5169 -1 5740 4454 3003 5734 5948 3982 6145 4439 5442 3583 5675 4899 4862 7328 5475 4973 4944 6441 5733 3274 5323 6853 4786 3348 4121 5374 4931 4185 4557 4969 4791 5005 4878 -1 4517 5584 4133 2947 -1 5239 5488 5422 6239 4284 4902 4987 4345 5130 3094 -1 0 3618 5109 4702 4452 4631 5004 4602 -1 -1 4850 4495 5031 3490 5947 4245 3240 5427 5407 3066 5645 -1 5028 4102 3875 4662 3332 3691 4225 5446 4816 5671 3848 5784 6806 -1 2738 5272 1954 4158 4112 4751 5673 5814 4480 4208 4474
2221 3092 -1 4024 2377 3373 2795 3947 364 3097 821 3233 1560 3652 2219 2337 5015 2569 4840 1980 3535 2115 3141 4033 6174 3073 2360 3988 2808 2555 3121 3062 2968 2970 2982 2646 -1 2139 3561 4000 1804 -1 2333 3134 4279 2621 1908 2780 3580 2322 2224 2961 -1 3316 0 2584 2625 2969 2484 4325 2165 -1 -1 2069 3026 1894 2914 3576 2222 1989 4020 3381 2933 2739 -1 3233 3376 3196 4529 2081 3499 2553 3369 2793 2282 2504 3976 5145 -1 2605 1654 1821 2462 2086 1133 2978 4149 3593 3144 4282
3825 3396 -1 4084 2820 4098 3262 2166 1687 2724 3393 3150 2537 2936 4252 2804 5515 4429 4326 2447 4032 1963 2627 4676 5818 2799 2701 2591 1580 2914 3391 3101 2809 3720 3870 62 -1 3473 3893 3486 2533 -1 3792 4841 4309 4031 3637 4255 2050 34 4084 2447 -1 3759 2572 0 2929 3227 3585 4357 3551 -1 -1 3394 2739 4312 4420 3203 3199 2593 2490 5246 2020 4599 -1 1246 1618 3228 4015 2685 1878 2973 3168 2077 3664 2454 2847 3553 -1 2091 3846 1307 1544 3951 3551 2736 5014 2395 3414 2661
2413 467 -1 3225 2934 2209 3477 2280 1801 2117 3114 740 2258 3050 2917 2417 4257 3501 4347 2662 4467 2487 1757 4533 3605 2642 1831 2705 1828 1756 2668 3823 733 2562 1818 176 -1 2901 2397 2867 2486 -1 3265 2524 3990 4145 1109 2231 2164 756 3156 2561 -1 2880 2293 2664 0 1771 2676 3072 2626 -1 -1 3371 2351 2666 3697 2596 2920 2553 2604 3170 2134 3671 -1 1360 1732 3342 4129 2645 3288 2212 744 2191 3115 2937 2961 2520 -1 2205 3459 1421 2266 1875 2944 2850 3938 2234 2691 4071
5171 4459 -1 5255 4336 3524 5254 6112 4550 6109 5454 4602 5571 4388 5479 4744 7129 4638 6961 4441 5604 5948 5262 5938 7597 5662 4951 5802 5804 3786 6076 5552 4587 4592 5322 4286 -1 5979 6199 5814 4516 -1 4402 6073 5761 6865 3139 5735 5485 4258 4293 5082 -1 5275 5290 4224 4167 0 5434 6590 6064 -1 -1 5401 6205 5730 4952 6588 6233 4720 5925 5461 5054 4808 -1 5192 4481 5690 6650 4812 5579 4960 4911 3529 7005 4874 6176 6512 -1 4726 5786 5253 4531 4633 5377 4787 6696 4859 3946 6362
2989 3457 -1 3640 2742 3738 3160 3621 2324 3462 2781 3598 1925 4017 2584 2702 5380 2934 4395 2345 3730 2865 2823 2059 5374 1783 2897 2147 3173 3323 3486 4084 3110 1220 3347 3011 -1 4044 3449 3682 2169 -1 2698 3499 4644 2986 3615 3018 1606 2687 2589 2643 -1 3667 1960 2949 2990 3751 0 4432 2530 -1 -1 3619 1492 2259 3017 3941 2587 2789 2046 3746 2615 3104 -1 2782 3154 3424 4211 2881 2901 2529 2724 3158 4013 2379 2403 4289 -1 2287 3614 1503 2827 2451 1498 2292 4514 1951 3509 3684
4013 2138 -1 4664 3424 3549 3335 4726 3348 3788 3805 2681 2949 2467 3608 2877 5928 3958 5402 2520 4924 3889 3690 3083 5276 3410 3030 3171 1734 2731 3545 5327 2666 2847 3401 3186 -1 3627 4330 4538 2796 -1 3722 4523 3840 4010 2780 3814 2630 2474 3613 4168 -1 4363 2984 3124 3672 3991 1627 0 3554 -1 -1 4346 3119 3283 4574 4267 3611 3894 3070 4770 4140 4128 -1 3806 4145 3769 5091 3986 3925 3093 3748 1608 1650 3403 2955 4191 -1 3812 3919 3130 3851 3475 2522 3316 5538 2975 3568 4691
5459 6035 -1 5522 5574 6292 2589 5584 3723 5768 5949 4831 5093 4617 6082 5027 7323 6853 3487 4670 7357 4876 5206 7188 7256 2466 5180 4029 5479 4881 6117 7275 4816 6503 5551 5336 -1 6984 5331 6065 5423 -1 6617 6319 5990 5469 5794 5270 3488 4618 6508 5026 -1 5919 5128 5274 5822 3705 5722 6314 0 -1 -1 5501 6170 6018 7146 6247 5755 5172 3928 7253 4998 6170 -1 4664 5036 5740 5468 5264 4783 4411 4606 3758 6766 4261 4285 6171 -1 4670 5867 4582 6090 5958 5647 4174 7746 3833 6140 5566
-1 -1 -1 -1 -1 -1 -1 -1 -1 -1 -1 -1 -1 -1 -1 -1 -1 -1 -1 -1 -1 -1 -1 -1 -1 -1 -1 -1 -1 -1 -1 -1 -1 -1 -1 -1 -1 -1 -1 -1 -1 -1 -1 -1 -1 -1 -1 -1 -1 -1 -1 -1 -1 -1 -1 -1 -1 -1 -1 -1 -1 -1 -1 -1 -1 -1 -1 -1 -1 -1 -1 -1 -1 -1 -1 -1 -1 -1 -1 -1 -1 -1 -1 -1 -1 -1 -1 -1 -1 -1 -1 -1 -1 -1 -1 -1 -1 -1 -1 -1
-1 -1 -1 -1 -1 -1 -1 -1 -1 -1 -1 -1 -1 -1 -1 -1 -1 -1 -1 -1 -1 -1 -1 -1 -1 -1 -1 -1 -1 -1 -1 -1 -1 -1 -1 -1 -1 -1 -1 -1 -1 -1 -1 -1 -1 -1 -1 -1 -1 -1 -1 -1 -1 -1 -1 -1 -1 -1 -1 -1 -1 -1 -1 -1 -1 -1 -1 -1 -1 -1 -1 -1 -1 -1 -1 -1 -1 -1 -1 -1 -1 -1 -1 -1 -1 -1 -1 -1 -1 -1 -1 -1 -1 -1 -1 -1 -1 -1 -1 -1
4319 3912 -1 5130 3197 3689 3758 4912 3761 4326 4479 4185 4407 5786 4925 3605 5675 3389 5885 4324 4355 5100 4336 4267 5797 4809 4410 5295 4717 4698 3205 4839 3663 4787 4748 3621 -1 4043 5327 5432 4148 -1 3153 4352 4527 6147 4051 4568 4754 3807 3044 4650 -1 4136 3658 3852 3445 4219 4582 5126 4128 -1 -1 0 4518 2554 4234 4805 5069 3471 4890 6093 3890 3559 -1 4053 3692 3997 6218 3563 5118 2444 4189 4927 5908 3885 5247 5965 -1 4294 4647 4114 3282 4798 4659 3798 4572 4070 3228 5901
2529 3226 -1 3797 2511 2802 3765 4005 2039 3980 2496 3499 1640 3732 2956 2919 6209 3532 3030 2950 4498 3790 1331 3380 4910 291 1405 2178 3650 2988 2242 3772 3327 2848 3062 2935 -1 3814 3641 2190 3204 -1 3296 3545 3564 4296 2341 2959 3044 2402 3187 1151 -1 2916 1675 3166 2759 2509 2688 3061 3485 -1 -1 3744 0 3088 3271 4459 2302 1297 3484 5056 1123 3702 -1 3085 2805 1932 2719 1389 4339 2282 3503 2873 3728 2584 3841 4863 -1 795 3329 11 2215 3761 2808 3730 3871 3183 2265 4437
1765 1358 -1 2576 643 2825 2708 2419 1468 1823 1925 1631 1853 3604 2847 1051 3121 835 3331 1893 1801 2570 1782 3476 4496 2322 1856 2866 2719 2647 2414 2285 1624 3216 2434 1067 -1 3243 3013 2878 1717 -1 599 3175 3408 3725 2000 2014 3055 1253 490 2096 -1 1582 1104 1298 891 2312 2028 3157 2782 -1 -1 2578 3242 0 3443 2302 2515 917 2375 3959 1336 1005 -1 1499 1871 2028 3664 1009 3176 1267 1635 2745 3354 1331 2732 3411 -1 1740 2093 1560 728 2766 2237 1244 4816 2669 2437 3959
2501 2851 -1 4429 2136 2774 3533 3912 2011 3376 2468 3124 1612 3704 2928 2544 5673 2328 2837 2718 3294 2267 1303 3352 4864 3131 321 2150 1884 2960 2214 1067 3117 2820 3034 2560 -1 1027 3613 2162 2282 -1 2092 3106 3536 3264 2313 2452 3016 2374 1983 1123 -1 2888 1647 2791 2384 1193 2660 3033 1112 -1 -1 1360 2910 3060 0 2457 2274 1269 3456 4897 1095 2410 -1 2992 2777 1904 2691 1361 4311 1198 3128 2845 2938 358 3813 3779 -1 767 3301 2921 2187 3602 2780 2737 3843 3155 2237 4846
4835 4493 -1 5081 4937 5309 4716 4283 3804 4404 4978 4858 4122 5903 4781 4820 6882 5846 5836 4463 5469 3979 4744 4971 5955 4619 4818 3588 4104 4764 4825 5747 4506 4132 5544 4760 -1 5997 4030 5603 3714 -1 5610 5018 5645 4168 4493 4468 3047 3317 5501 4564 -1 5117 4157 4698 5185 1894 2912 5013 4548 -1 -1 4019 4328 5160 5854 0 4784 4710 2627 6393 4536 5368 -1 3363 3735 4439 6030 591 4342 3110 3305 5044 5110 3820 1610 4870 -1 4208 5811 3424 4190 5363 4410 3733 6177 2170 4848 5125
5744 5838 -1 5885 5855 5428 5288 5366 4887 6428 5719 5826 4984 5612 6136 4830 7540 6681 3951 4473 6625 3989 4675 6724 4484 5854 4749 3297 6139 4416 5586 5637 5461 5222 4501 4733 -1 4124 5616 5534 5379 -1 6445 6397 6355 7037 5685 3880 5065 5032 6336 4495 -1 4529 5019 5077 5720 4169 6007 6405 4209 -1 -1 5930 6398 5846 6615 6897 0 4641 5496 7738 4467 6723 -1 4446 4818 5276 3640 4733 6360 5046 6174 4753 4984 5838 5853 7200 -1 4139 4688 4507 5559 6537 6152 5751 7215 5410 5609 6977
3531 3656 -1 4263 4733 3215 3106 4723 3287 4246 3506 4783 3264 5134 3923 2648 7211 4925 5173 2291 5891 3988 4085 5737 6794 4399 4159 4810 3605 4274 4825 5098 3279 4674 2824 2957 -1 5438 3403 4822 4868 -1 4689 4772 5712 5685 3627 3237 4422 2850 4580 3905 -1 2260 3299 2895 4043 1395 3794 3099 5086 -1 -1 5368 4730 4090 5599 4725 3926 0 4506 5556 3877 4894 -1 3803 3218 4686 4862 92 4773 2864 4787 4275 4209 3264 4863 5709 -1 3549 3690 2765 4100 4324 4432 3177 5678 3596 4759 5556
2258 3025 -1 3828 2310 2682 3162 1656 1177 1840 2351 3298 1495 3531 2154 2704 5629 3368 3714 2347 4216 1863 2117 3260 3328 2289 2191 2335 1551 2404 2198 3757 3002 2905 2917 2694 -1 3444 1403 2976 2461 -1 3132 2391 3520 1541 1866 1841 1794 690 3023 1937 -1 2490 1530 2951 2558 1705 2521 2386 3295 -1 -1 2766 2803 2533 3227 2319 2157 2083 0 4496 1909 2741 -1 736 1108 1812 3403 2175 3089 483 678 2672 2838 2439 357 2243 -1 1581 3184 797 2200 3616 2663 2480 4208 917 2221 3872
3085 4180 -1 4692 3794 4320 3839 4360 3376 4514 3833 3185 2977 2971 3636 3381 3755 3986 5447 3024 4782 3917 3307 3111 6426 2835 3381 2353 3857 3235 4218 4596 2844 2272 3905 2272 -1 5012 3299 2365 3221 -1 3750 3938 3746 4038 3673 4070 2658 3498 3641 3695 -1 4719 3012 3628 4042 4387 1052 5402 3120 -1 -1 4252 2544 3311 4069 4601 3639 3273 3098 0 2991 4156 -1 3456 3828 4273 5263 3084 118 3581 3776 2112 3692 3063 3455 5341 -1 3339 4423 2555 3879 3503 2550 2976 5566 3003 4241 901
2688 2680 -1 3378 2217 2330 3072 3838 916 3649 1373 2823 517 2609 2771 2538 5567 2409 3189 2257 3375 2667 1490 2990 5069 2036 1564 2337 2825 2068 2401 2649 2808 1927 1939 2641 -1 2691 2518 2349 2081 -1 2173 3686 3723 3173 2460 2352 2537 1279 2064 1310 -1 2943 552 2785 2465 2668 1565 3220 2717 -1 -1 2621 3057 2446 3173 4056 1179 1456 2977 3933 0 2579 -1 2918 2333 2091 2878 1548 3832 2441 3209 1750 2605 1461 3334 4308 -1 954 2206 2373 1092 2638 1685 2818 4030 2711 2167 4615
2136 2672 -1 2868 1957 1820 2247 3328 1892 3406 2111 2945 1869 3961 2528 2028 3263 3530 3367 2835 4496 3405 777 3553 5394 3004 851 1861 3117 2923 1688 3784 2938 3270 1429 2337 -1 3744 2008 1873 2659 -1 3294 3443 3010 4353 2327 1842 3027 2230 3185 2676 -1 2491 1904 2275 2205 3585 2399 3583 3691 -1 -1 3513 2949 2695 2717 3546 2531 2822 3467 4224 1550 0 -1 2408 1823 3457 4241 2914 3392 1728 2949 3102 2814 2813 2981 4309 -1 2320 2713 2469 2642 2929 3037 2810 4582 1664 1711 4175
-1 -1 -1 -1 -1 -1 -1 -1 -1 -1 -1 -1 -1 -1 -1 -1 -1 -1 -1 -1 -1 -1 -1 -1 -1 -1 -1 -1 -1 -1 -1 -1 -1 -1 -1 -1 -1 -1 -1 -1 -1 -1 -1 -1 -1 -1 -1 -1 -1 -1 -1 -1 -1 -1 -1 -1 -1 -1 -1 -1 -1 -1 -1 -1 -1 -1 -1 -1 -1 -1 -1 -1 -1 -1 -1 -1 -1 -1 -1 -1 -1 -1 -1 -1 -1 -1 -1 -1 -1 -1 -1 -1 -1 -1 -1 -1 -1 -1 -1 -1
2579 2289 -1 3137 1574 2852 2426 920 441 3566 2546 2562 1690 3235 3006 1968 5086 3582 3080 1611 4548 1127 1381 3430 4960 1553 1455 2228 3277 1668 2292 3822 2266 2474 3112 1998 -1 3864 3691 2240 3254 -1 3346 3595 3614 4163 2391 3009 3094 2170 3237 1201 -1 2513 1725 2215 1822 2559 2395 3111 3535 -1 -1 2612 3316 3138 3321 4045 2352 1347 3493 4703 1173 3752 -1 0 372 1982 2769 1439 4093 2184 2566 2376 2418 2634 3850 4342 -1 845 3010 61 2265 3408 2675 3722 3921 2559 2315 4876
3574 4310 -1 2765 3595 3370 4421 4317 69 3677 4024 3785 3168 4431 3593 3578 4807 3787 4494 3606 4753 4477 2918 4117 5165 1181 2992 3312 3388 1296 3829 4966 1894 2102 2979 3887 -1 4062 3558 3324 3596 -1 3551 3583 5151 4662 4557 3392 4331 2548 3442 3784 -1 3696 3203 3825 3843 4472 3837 4682 3787 -1 -1 2911 3512 2952 3899 4156 3830 3869 3121 4331 3756 3957 -1 3397 0 4565 4183 3961 4449 3604 3799 3572 4675 3548 3478 4080 -1 3428 4620 3458 3678 3036 4336 3461 3621 2187 3852 5232
2517 2898 -1 3638 2398 870 2348 3763 942 3414 3123 1709 2267 1985 2926 1890 4876 2590 4252 1533 3556 3207 2718 1448 2978 2054 1736 2489 1909 2169 386 2482 2184 1968 3269 2199 -1 2442 3614 3577 1357 -1 2328 1613 1708 3328 2869 2277 1948 2092 2245 2538 -1 2926 2302 2137 2646 2608 2756 1129 2527 -1 -1 2775 2968 1755 1415 3872 2929 2672 2388 3274 2510 2760 -1 2843 873 0 4104 2764 3243 2106 2889 2737 2779 1773 2568 3817 -1 2182 2932 2904 2457 1979 1840 2634 3496 1251 409 4026
3385 2987 -1 2245 2380 3377 2437 1726 1247 3157 3265 2906 2409 3478 3812 1979 4287 4040 311 1622 4275 1138 2187 4236 4645 2359 2261 1966 2868 776 3098 3565 1901 1582 2986 1093 -1 4069 3268 2804 2519 -1 3804 3063 2715 3406 2958 240 1425 2181 3695 2007 -1 889 2444 2226 2628 529 2638 3917 1308 -1 -1 2391 3519 3205 3379 3636 3071 2153 1865 4338 1979 3776 -1 806 1178 2788 0 2245 2720 2195 2543 2619 2661 2198 2222 3560 -1 1651 3021 867 3071 3043 3481 2111 4286 1770 3121 3503
4244 5169 -1 6362 5446 4827 5195 6514 5463 6335 6198 5602 5342 5498 6099 4737 7924 5638 6732 4380 6077 3896 4939 6494 8307 5824 4608 5880 3513 5089 5324 6855 3915 5727 5000 5038 -1 5406 5579 5892 5819 -1 5402 6861 6646 6806 4442 5028 5370 4939 5293 4853 -1 5677 5377 4984 4862 1303 4507 6763 5491 -1 -1 6704 5533 4803 6255 6814 6004 4999 5810 6352 4825 5808 -1 5594 5394 5634 6421 0 6458 4953 5606 4639 4681 6134 5878 7222 -1 4497 5779 3713 5531 5057 5318 6047 5586 5715 5249 7241
2967 4062 -1 5671 4169 5135 4630 4242 3721 5349 4178 4605 2949 4391 4854 4172 3637 4361 5915 3815 5327 4122 4216 5289 7109 3614 4290 2235 3739 3297 5127 4478 4421 4359 4744 4481 -1 5496 3181 2247 4627 -1 4125 3820 3628 5290 3555 5157 4258 4084 4016 4036 -1 5108 3357 4419 4417 4604 3230 5946 3002 -1 -1 4771 3323 3526 5838 4483 3611 4182 4698 6276 4008 4436 -1 4956 3767 4817 5604 4274 0 4388 4898 3532 3574 3271 4577 6024 -1 3680 5011 3334 4254 5109 4017 3184 5812 3260 4972 783
3815 3408 -1 4626 2693 4382 4385 3768 3301 3709 3758 3681 2902 3893 3561 3101 5171 2885 5381 3570 3851 3975 3832 4438 5197 4372 3773 4526 3420 4260 3898 4335 3038 4005 4123 3117 -1 4479 4395 4928 3394 -1 2649 1908 5220 5365 4050 4064 3985 3303 2540 4146 -1 3632 2937 3348 2941 4361 4078 5207 4564 -1 -1 4628 4368 2050 3452 4188 3564 2967 4425 5475 3386 3055 -1 3549 3921 4078 5714 3059 5226 0 3334 3137 4707 3381 3349 4112 -1 3790 4143 3610 2778 4180 3877 3294 5615 3909 2446 5748
4708 3374 -1 5064 4050 4442 3240 4106 1822 4380 3913 3647 3057 3971 4427 2782 6747 4852 5307 2425 4010 1941 4030 5234 6512 2829 4044 4785 1558 4408 3369 3079 3194 4467 4279 3083 -1 3451 3853 4229 2511 -1 4616 4841 4691 5713 3761 4291 4244 12 4507 3850 -1 4940 3092 3029 2907 1027 4105 5466 3536 -1 -1 3339 2869 4672 4398 4859 3719 2835 4421 5631 2540 5022 -1 3186 3558 4337 4996 2927 4907 2933 0 4290 4430 3325 2807 3531 -1 3494 3824 2880 1522 4336 3563 4536 4992 1490 3392 5690
2738 2277 -1 3582 1816 2534 1727 3592 2606 2867 3139 1073 2391 859 3242 1269 4634 3325 3794 912 4291 2725 2082 3609 5139 2967 1422 3459 2342 1123 2547 3719 1058 3668 1793 1578 -1 3226 2722 3689 3411 -1 3089 3393 2232 4228 2215 2206 2918 1471 2980 2650 -1 2755 2426 1516 2064 2383 3001 3290 2921 -1 -1 2738 2676 2998 3576 3346 3053 2646 3127 3495 2622 3495 -1 2672 2537 2161 3483 2738 3394 1485 2808 0 4479 1885 3484 4330 -1 2294 2311 2687 2721 2200 1889 1798 4263 2327 2570 4177
3470 3063 -1 4610 2348 1899 4052 4124 3645 4713 3671 3336 3876 4783 3580 2756 6085 3799 4868 3237 4765 2753 2278 5054 6201 3972 2352 5292 2370 4308 3189 3891 3329 3795 4414 2772 -1 4263 4370 5041 3323 -1 3563 4495 4511 4937 3705 4808 4751 824 3454 4405 -1 3287 3911 3003 2596 3639 3733 5343 4348 -1 -1 3856 3681 2964 4218 4966 4538 2244 5191 4303 4300 3969 -1 3204 3576 4854 5808 2336 4421 2972 3340 4450 0 4088 3324 4343 -1 4049 3798 3265 2334 3008 3449 4208 5071 2007 3212 3041
2143 2840 -1 4071 2125 2416 3430 3619 1653 3599 2110 3113 1254 3346 2570 2533 5823 3146 2644 2615 4112 3404 945 2994 4524 2773 1019 1792 3264 2602 1856 3386 2941 2462 2676 2549 -1 3428 3255 1804 2818 -1 2910 3159 3178 3910 1955 2573 2658 2016 2801 765 -1 2530 1289 2780 2373 2123 2302 2675 3099 -1 -1 3358 2880 2702 2885 4078 1916 911 3098 4670 737 3316 -1 2699 2419 1546 2333 1003 3953 1896 3117 2487 3342 0 3455 4477 -1 409 2943 2760 1829 3375 2422 3344 3485 2797 1879 4488
3778 4218 -1 3471 3643 3787 3106 3176 2697 3717 3442 4507 2586 4293 3497 3210 5272 4478 4226 2853 3859 2369 3155 4839 5205 3009 3229 1978 3428 3154 3737 5277 3043 3996 4008 3519 -1 4760 2923 4014 2104 -1 4242 3911 4035 3418 3461 3361 1437 2210 4133 2975 -1 4010 2621 3457 3891 3225 4041 4263 2938 -1 -1 2409 2718 4053 4766 2794 3248 3121 1877 5480 2947 4261 -1 2256 2628 3407 4543 3213 2732 2003 2198 3434 3500 2210 0 4120 -1 2619 4252 2075 3720 4185 3412 2123 4889 560 3760 3515
2360 1953 -1 3983 1238 3420 3303 3014 2535 1757 3304 2226 2448 3448 2271 1646 4863 1430 4570 2488 2396 3165 2377 4071 3245 2917 2451 3461 1468 3242 3009 2880 2219 3811 3029 1662 -1 3361 3608 3473 2312 -1 1194 3186 4003 4072 2595 2609 3261 1848 1085 2691 -1 2177 2483 1893 1486 2907 2623 3752 3377 -1 -1 3173 3078 2919 4038 2236 3110 1512 2970 2253 1931 1600 -1 2094 2466 2623 4259 1604 2371 1852 2230 2589 2755 1926 3327 0 -1 2335 2688 2155 1323 3361 2584 1839 5411 3264 3032 3154
-1 -1 -1 -1 -1 -1 -1 -1 -1 -1 -1 -1 -1 -1 -1 -1 -1 -1 -1 -1 -1 -1 -1 -1 -1 -1 -1 -1 -1 -1 -1 -1 -1 -1 -1 -1 -1 -1 -1 -1 -1 -1 -1 -1 -1 -1 -1 -1 -1 -1 -1 -1 -1 -1 -1 -1 -1 -1 -1 -1 -1 -1 -1 -1 -1 -1 -1 -1 -1 -1 -1 -1 -1 -1 -1 -1 -1 -1 -1 -1 -1 -1 -1 -1 -1 -1 -1 -1 -1 -1 -1 -1 -1 -1 -1 -1 -1 -1 -1 -1
1734 2431 -1 3662 1716 2007 3021 3210 1244 3407 1701 2704 845 2937 2161 2124 5414 2737 2235 2206 3703 2995 536 2585 4115 2364 610 1383 2855 2193 1447 2977 2532 2053 2267 2140 -1 3019 2846 1395 2409 -1 2501 2750 2769 3501 1546 2164 2249 1607 2392 356 -1 2121 880 2371 1964 1714 1893 2266 2690 -1 -1 2949 2471 2293 2476 3886 1507 502 2689 4261 328 2907 -1 2290 2010 1137 1924 594 3544 1487 2708 2078 2933 1789 3046 4068 -1 0 2534 2351 1420 2966 2013 2935 3076 2388 1470 4079
2923 2516 -1 3734 1801 3550 3441 2621 2142 2981 3083 2789 3011 3183 4005 2209 4279 1993 4489 2626 2959 2608 2812 4634 5654 3254 2373 2861 2225 3369 3572 1408 2782 4175 3159 1988 -1 4118 3738 3908 2875 -1 1757 4333 2888 4301 3158 1135 2320 2411 1648 2902 -1 1784 2262 2456 2049 1534 3186 3434 2984 -1 -1 1701 4131 1158 3747 3460 3673 335 2760 5117 2494 2035 -1 1701 2073 3186 4470 427 3615 2425 2793 2324 3556 2489 3117 4569 -1 2546 0 1762 1886 3924 3395 2402 5181 2665 2741 4398
2518 3215 -1 3786 2500 2791 3805 3994 2028 4191 2485 3488 1629 3721 2945 2908 6198 3521 3019 2990 4487 3779 1320 3369 4899 3148 1394 2167 3639 2977 2231 3761 3316 2837 3051 2924 -1 3803 3630 2179 3193 -1 3285 3534 3553 4285 2330 2948 3033 2391 3176 1140 -1 2905 1664 3155 2748 2498 2677 3050 3474 -1 -1 3733 3255 3077 3260 4670 2291 1286 3473 5045 1112 3691 -1 3074 2794 1921 2708 1378 4328 2271 3492 2862 3717 2573 3830 4852 -1 784 3318 0 2204 3750 2797 3719 3860 3172 2254 4863
3650 2530 -1 4617 2528 2920 1980 3935 2992 3120 3913 3516 3057 4008 3852 1522 6320 3330 4047 1165 4296 2757 2748 4189 5668 3327 2522 3595 2374 3148 3127 1557 2153 3954 3238 1831 -1 4267 3817 3607 989 -1 3094 3646 3464 4559 2501 2942 3819 1724 2985 2568 -1 3467 3092 1769 2776 1683 3913 4412 4023 -1 -1 1850 3771 3722 4156 3599 3719 1313 3380 4153 2540 3500 -1 3015 2923 3349 3736 1405 3647 1738 3520 3149 4595 1803 3737 4583 -1 2212 2564 3076 0 3295 3844 3739 5225 3301 3150 4430
538 2455 -1 3673 1740 3496 3147 3516 2565 2920 3022 2728 1651 4266 3385 2148 4218 1932 3724 2990 2898 2756 2025 2860 5593 2584 2099 2872 3816 3682 2936 3382 2721 2021 3531 2164 -1 3323 4110 2884 2814 -1 1696 4239 4258 3787 3035 3111 2407 2350 1587 1845 -1 2679 2201 2395 1988 3203 801 3755 3048 -1 -1 3675 2293 1097 3818 1958 2313 1991 2847 1295 1817 2102 -1 2596 2968 2626 3413 2083 1413 2364 2732 3407 3965 1080 3204 4508 -1 1489 3190 2304 1825 0 2299 2341 2063 2752 2959 2196
2366 1959 -1 3363 1244 2315 3309 3020 901 2932 1358 2232 502 2594 2277 1652 4230 1436 4090 2494 2402 2652 2383 2975 5097 2021 1636 3063 2810 2858 3015 2886 2225 1912 1924 1668 -1 2676 2503 3250 2318 -1 1200 3192 3967 3158 2445 2337 2522 1264 1091 2211 -1 2183 537 1899 1492 2913 2567 3758 1032 -1 -1 2606 3084 1109 3158 3411 1164 1518 2962 2259 1937 1606 -1 2100 2318 2629 3779 1610 2377 1868 2236 1735 2590 1446 3319 4012 -1 1855 2191 2161 1329 2623 0 1845 4686 2696 2152 3160
2230 2927 -1 4158 2212 2503 3517 3706 1740 3686 2197 2696 1341 2894 2657 2620 5160 3233 2731 2702 4199 3229 1032 3081 4611 2714 1106 1879 3351 2689 1943 3473 3028 2549 2763 2636 -1 2973 3342 1891 2905 -1 2997 3246 3265 3997 2042 2660 2745 2103 2888 852 -1 2617 1376 2867 2460 2210 2389 2762 2698 -1 -1 3445 2423 2789 2972 4165 2003 998 3185 3752 824 3403 -1 2786 2506 1633 2420 1090 3039 1983 3204 2574 3429 87 3542 4564 -1 496 3030 2434 1916 2457 2509 0 3572 2884 1966 3822
3641 2959 -1 4840 2957 3792 1084 4364 2378 3549 2835 3326 1979 3112 3236 1951 6749 3759 4476 1594 4686 4082 2952 4452 5404 3498 3026 3799 3260 3376 3556 4111 2582 3389 3401 2260 -1 4153 3980 3811 1418 -1 3523 4075 3893 3638 2930 3765 3999 2153 3414 2772 -1 3896 2014 2198 3205 4130 3027 4682 4179 -1 -1 4083 4043 3908 4585 4028 2641 2918 3809 4398 1462 3929 -1 3444 3795 3553 4165 3010 4076 2167 3949 2253 4067 2232 4166 4319 -1 2416 2993 3505 2554 3103 3147 4051 0 4053 3579 4859
3218 3985 -1 4788 3270 3227 4122 2616 2137 3206 3134 4258 2278 4370 2937 3664 5257 4170 4776 3307 5136 2823 3077 4279 5825 3249 3151 3295 2917 3364 3233 4717 3962 3688 3700 3654 -1 4452 2363 3867 3421 -1 3934 3351 4555 4735 2901 2801 2754 1650 3825 2897 -1 3450 2313 3911 3518 2665 3481 3976 4255 -1 -1 1849 3744 3493 4262 3685 2940 3043 3194 5631 2869 3701 -1 1696 2068 2847 4465 3135 4049 1443 1638 3511 2940 3222 1317 5169 -1 2541 3967 1757 3160 4336 3446 3440 4991 0 3256 4832
2922 2489 -1 3573 2487 3570 1939 3635 2257 3079 2714 3475 1858 3950 2517 1481 5313 2867 3843 1124 3833 2798 2309 1992 5307 3206 1327 2080 2790 3107 3086 2073 2112 1559 3197 1790 -1 2033 3382 3168 948 -1 1919 3432 3423 2919 2460 3357 1539 1683 2522 2129 -1 3426 1893 1728 2735 2199 3185 4039 2118 -1 -1 2366 3324 2192 1006 3463 2520 2275 1979 3679 2101 3037 -1 2715 3087 2910 3695 2367 2834 1697 2657 3091 3944 1364 2336 4222 -1 1773 2523 2633 2048 2384 1431 2225 4447 1884 0 3617
4795 3279 -1 5400 4239 4352 4476 5860 2938 4929 3395 3822 2539 3608 4071 4018 7069 4431 5706 3661 5397 3984 4428 4827 6417 4058 4171 4915 3046 3872 4857 3695 3638 3949 3961 4327 -1 4713 4540 5287 3844 -1 4195 4986 2845 4861 3921 4374 4374 3301 4086 4248 -1 4965 2574 4265 4487 3821 2768 5884 2219 -1 -1 3988 4260 4468 5195 5408 3201 4394 4814 5621 4220 4601 -1 4940 2984 4910 5816 4486 5669 4121 5231 2749 2791 3483 5171 5332 -1 3892 4228 4271 4324 4326 3707 4504 6125 3931 4189 0
3401 2044 2824 3392 1820 2879 3683 2269 3616 -1 4542 2554 -1 2821 5165 4712 3151 1487 2969 2348 2619 2184 2971 3532 1505 3102 1845 3505 4133 1803 2268 2284 2877 1458 1798 1653 3079 2965 1946 -1 1827 2548 4655 2808 3014 2584 2169 3845 3449 2639 3601 1746 1690 2613 3780 2154 1987 1550 2625 2762 2293 2650 2264 3877 3376 1982 3502 3930 2501 3937 3015 2270 2447 3243 1744 2111 1619 3062 1187 609 2390 3598 3523 -1 1777 -1 2158 4655 3674 2786 1967 1585 -1 4077 3539 3347 2937 -1 3970 1702
3144 1787 4402 3612 2565 3413 4861 3554 4040 -1 4363 2840 -1 3600 6021 4045 3292 3540 3802 3064 702 3040 1547 2768 3183 3630 2561 2792 3630 2519 3063 3015 3593 2174 2018 3231 2042 3681 2385 -1 2047 2478 4585 2746 3842 3300 1696 3171 3192 3355 4317 3799 2406 3225 3643 3940 2437 3271 3550 3257 1256 3935 347 3667 3306 3258 3990 4216 2721 3173 2638 2765 2336 2054 3833 2827 2335 1145 2472 3474 3246 3225 4137 -1 2493 -1 3365 4585 3604 4875 1886 2870 -1 4009 3469 1928 3467 -1 5255 2644
-1 -1 -1 -1 -1 -1 -1 -1 -1 -1 -1 -1 -1 -1 -1 -1 -1 -1 -1 -1 -1 -1 -1 -1 -1 -1 -1 -1 -1 -1 -1 -1 -1 -1 -1 -1 -1 -1 -1 -1 -1 -1 -1 -1 -1 -1 -1 -1 -1 -1 -1 -1 -1 -1 -1 -1 -1 -1 -1 -1 -1 -1 -1 -1 -1 -1 -1 -1 -1 -1 -1 -1 -1 -1 -1 -1 -1 -1 -1 -1 -1 -1 -1 -1 -1 -1 -1 -1 -1 -1 -1 -1 -1 -1 -1 -1 -1 -1 -1 -1
4522 3958 4705 5634 4555 3335 5669 3948 3583 -1 4509 4471 -1 5222 6517 4958 4681 4222 4298 3560 3918 3536 4850 3772 3386 4848 3057 4030 4169 3015 4995 4830 2838 4370 4084 3534 3046 5772 3107 -1 4069 4100 6207 4020 5075 3796 2912 6387 4570 3851 4813 3947 4497 5931 4495 5821 3198 4275 4028 2729 2260 3542 3650 4769 4928 3754 2454 5847 4743 4177 4279 2237 4208 5270 1711 3323 4426 4432 3876 3521 3742 4089 3979 -1 4584 -1 2125 6120 5226 5521 350 3818 -1 4861 4254 5144 4459 -1 4862 3651
3083 2396 1622 2190 2942 1677 3697 1480 3280 -1 3615 3555 -1 3072 4753 3852 1949 2609 1767 2371 1417 2347 2262 3444 303 2511 2041 3507 3693 1999 2776 1747 2217 2580 596 451 2738 2831 963 -1 625 1950 4057 3004 2298 2607 2411 3886 3392 2835 2734 2868 1886 3735 3182 2518 2296 2672 2972 1835 1971 3193 1062 3594 2778 2738 2869 4931 1299 3849 3353 1343 1751 2769 2866 2134 2741 1860 1730 1731 2553 2845 2321 -1 1973 -1 2174 4057 3076 3908 765 1672 -1 3548 2941 2643 2333 -1 4513 500
4756 3399 4471 5039 3467 4526 5330 3916 1811 -1 5956 4201 -1 3969 6410 5734 4798 3134 4341 3995 4204 3831 4618 4361 3152 1497 3100 5152 4415 3450 3915 3931 4524 3105 3445 3300 3635 4612 3593 -1 3474 2847 4954 4063 4661 4231 3816 5492 4804 3894 5248 3393 3337 4260 4079 3801 2107 3197 4272 3983 3625 4297 3911 5524 3675 3629 4650 5577 3376 4766 4662 3917 4094 4890 3391 3758 3266 4709 2834 2256 4037 3718 5170 -1 2976 -1 3805 4954 3973 4433 3614 3232 -1 4445 3838 4994 4341 -1 5617 3349
3030 4348 4013 4513 3182 3032 5525 3810 4526 -1 4861 3851 -1 3564 6279 5763 2504 4252 3535 3912 3444 3796 4993 5212 2694 3757 3217 4867 5483 3367 4806 3971 4547 3606 3581 2842 4500 4861 3286 -1 2948 3712 5819 3484 4689 4148 4281 5246 3078 4011 5165 4511 3838 5303 3319 3764 4124 4699 3789 3081 4310 4637 3793 5864 2915 3914 4245 5227 3622 5617 4631 2589 1847 4796 3761 3675 3767 3531 3184 4018 4002 1912 4351 -1 3925 -1 3494 5819 4103 4461 2795 3126 -1 3685 3078 4670 3458 -1 5957 2530
1640 3036 4367 3123 1792 2317 4222 3246 3978 -1 4313 3531 -1 3851 4805 2076 2791 3232 2407 1272 2087 2406 3533 4084 3190 3209 2681 3264 2480 2639 3416 3156 3854 2435 3403 3338 4028 3471 1659 -1 1558 3489 4575 2094 1085 1294 2146 4183 1688 3475 4437 3491 2526 3366 3606 3216 2936 2762 2898 2533 3242 3247 2333 4474 3202 3378 2347 4907 2232 4489 4023 2041 2391 3439 4000 2947 2596 2141 2164 1586 2612 2199 2961 -1 2613 -1 1359 5339 2713 4748 1405 2562 -1 3950 3365 3313 2068 -1 4567 1140
3927 4366 5128 6328 4079 4928 5368 4261 5628 -1 5241 5060 -1 5188 5998 7118 4838 5127 3168 4292 4795 3515 5980 4845 4118 5218 2756 5118 5837 3747 6030 5429 4998 4708 5259 4266 4854 5471 3932 -1 4801 4066 6173 3719 4774 4528 4000 6456 2797 2721 5545 5386 4196 3124 5298 5421 4476 5393 4523 3461 5689 5522 4780 6452 4894 3453 5869 6436 5475 5250 5011 2969 5032 6147 5341 4055 4125 5164 4059 3859 3721 4246 4484 -1 4283 -1 3213 6173 5192 6383 4432 4457 -1 5073 5057 6021 3177 -1 6842 4383
2432 1266 3693 4106 2584 2305 3523 2416 4418 -1 3847 1620 -1 3124 4371 4063 2771 2516 2152 1414 3004 1390 4000 2745 2374 2168 911 1142 4324 869 4058 3219 1943 524 2667 2522 3644 2031 2077 -1 2541 2856 4931 1096 2929 1650 2502 4589 2671 1705 2667 2775 756 3794 2879 4008 2856 2515 1900 2445 3138 3447 3133 3961 2475 1608 3805 2996 3215 3150 3995 1953 2409 3472 2613 1177 685 2286 2592 2014 1596 3230 2949 -1 843 -1 1715 3232 3696 3655 2388 2786 -1 3245 2638 3346 3051 -1 4693 2123
2727 2232 3300 4057 2879 2579 3080 306 3595 -1 3982 4162 -1 3155 4448 3163 3114 2919 2822 2711 1147 3451 4012 3325 1981 3185 2286 4036 3804 2930 2565 3425 1043 4238 2463 2129 2821 4558 2830 -1 2492 2033 4140 3181 3976 3711 3226 3616 2775 3080 2429 3178 3613 3670 3265 4303 1679 4050 3985 3169 3172 3934 2812 4112 2861 2983 3836 5538 3166 3730 3083 3128 1134 2499 2743 3238 3655 3228 2471 3389 3657 3290 4048 -1 3700 -1 3191 4140 3159 4218 2492 2413 -1 3631 3024 2373 3155 -1 4355 2227
4854 3497 3484 5068 4926 4704 5693 4507 3122 -1 5676 5005 -1 5715 7756 5710 4976 4706 4794 4177 1798 4775 4663 4781 3330 5040 3978 4687 5555 4254 4159 4111 4991 3909 3623 2313 4055 5416 3841 -1 3503 1560 6873 4941 4160 5035 3877 4267 4902 4772 5761 4715 4141 4321 4034 5047 2324 5284 3567 3155 3513 5101 3463 5336 5594 4675 5043 6381 4177 4699 3734 3872 4155 3150 3388 4562 4070 4261 3638 3060 4981 3935 4945 -1 4228 -1 5100 6777 5481 6935 2939 4036 -1 4400 3793 3024 4631 -1 6421 3527
3708 2351 4540 4312 2626 3892 4608 2420 4842 -1 4932 2705 -1 4209 5456 5148 3607 2406 3237 2088 3504 2475 3890 4243 3221 3253 1996 4311 3296 1954 4164 2330 3028 1609 3752 3369 4239 3116 833 -1 3626 3280 5558 2959 1901 2735 2096 3357 3756 2790 3752 2665 1841 2540 3964 4837 2610 3578 3528 3530 4058 2801 2997 4028 3560 2693 4632 4081 4300 3997 3934 3038 2374 3624 3698 2262 1770 3371 1338 760 2681 3015 4389 -1 1928 -1 2800 5558 3972 4740 2528 1736 -1 3124 3723 3498 3867 -1 4121 3208
3269 2320 3029 3958 3421 3152 3993 2826 2498 -1 2833 2674 -1 3546 4841 5117 3356 3268 2622 1884 2012 1860 3831 3628 1710 1729 1381 3396 4195 1339 3908 1943 2997 1578 2851 1858 2924 3085 2557 -1 2393 1774 4531 2344 3399 2120 2972 3218 3725 2175 3137 3527 1810 3275 2992 1736 2538 2985 2525 1053 3727 3357 2631 4044 3252 2078 4001 4050 3067 4033 2603 561 3226 3364 3534 1647 1739 2756 2200 2436 2066 3319 3796 -1 1897 -1 2185 4531 3550 2433 1897 2142 -1 3358 2751 3238 2519 -1 4677 1975
3248 2542 3322 3890 2318 3157 4181 2707 3413 -1 4960 2294 -1 2973 4756 5132 3229 1985 2901 2786 3117 2682 2134 3365 2003 3003 1660 3858 3185 2241 4035 1336 3315 1896 2296 2151 2639 3403 2510 -1 2325 1851 3958 2623 3678 3022 3443 4283 3296 2454 2737 2244 2128 4350 3083 4218 2485 602 3123 2987 2791 1741 1413 2968 2679 2357 3654 3670 2999 3770 3513 2702 2407 3741 2242 2549 2057 2211 1625 1047 2888 3588 3329 -1 2215 -1 2656 3958 2977 3284 2024 2023 -1 3318 2842 3785 2971 -1 3061 2200
3017 1988 3319 2075 2902 1269 3289 2241 3676 -1 4239 3848 -1 3709 5093 4000 2586 2683 1359 2136 1039 2112 2555 3036 2190 2890 1633 3671 4358 1591 2368 3352 2978 3182 2355 2338 3050 2423 848 -1 510 2587 4694 2596 3498 2372 2553 3508 3393 2427 3389 2942 1478 3562 3601 4277 1888 2854 3400 3167 2264 3078 1355 4004 3197 2330 2461 5224 1184 3441 2975 2675 1343 2391 2952 1899 3002 2153 1615 2390 2318 2437 1913 -1 1565 -1 1766 4694 3713 4427 357 1557 -1 3967 3360 2265 2267 -1 4398 92
2633 3382 4640 3913 2785 3347 4955 3883 3518 -1 945 3736 -1 3879 5202 5760 2819 3963 4112 1768 3055 2221 2971 3707 3321 3840 2992 3965 2976 2950 3976 2702 4059 2640 3896 3469 2981 4147 2686 -1 2348 3010 5117 3184 1581 3731 112 5524 3393 3786 4748 4141 2872 4321 3634 4079 3133 3258 3513 1721 2195 3736 2829 3966 3230 3689 2648 5112 847 4112 4214 2172 4096 4407 1646 3258 2801 3627 2895 2317 2427 2227 4529 -1 2959 -1 2060 5117 4136 4776 544 3293 -1 4000 3393 4281 1883 -1 4698 2845
3168 2247 2511 3416 3320 3208 4019 2308 2716 -1 4263 2601 -1 2276 3771 3318 2838 2750 2648 2395 2511 790 2408 2668 1192 2306 1407 2555 2925 1850 2858 2636 1484 1505 3217 1340 1942 3012 2571 -1 2233 1154 3261 2370 3187 2631 3067 2966 3216 2201 3648 2379 1737 3511 2386 2751 593 3171 1231 2290 4143 3145 3267 4372 1982 2104 2957 3977 2907 2968 2433 2183 3073 1849 1657 2158 1666 3267 1682 2510 996 2204 4223 -1 1824 -1 2696 3261 2280 4636 2533 1624 -1 2683 2145 3737 2648 -1 4465 2668
4533 4502 5372 5651 4685 5066 6609 4885 4286 -1 6274 4213 -1 5598 5885 7742 4538 4871 3412 2928 3417 2904 6224 5089 4857 5239 4439 5134 5934 4780 5386 5730 5622 5292 4733 5005 5057 6799 4424 -1 4086 5193 6445 4207 6457 3164 4016 5886 5112 5233 6578 5130 5524 5940 5353 5798 4963 6018 5011 4074 4271 5266 5024 6382 4949 4986 6279 5589 4760 5494 5353 4002 5433 4769 3476 2691 5453 5565 3803 4443 3110 3946 5077 -1 5451 -1 3229 7224 5916 6248 4239 4201 -1 5719 5112 4643 5492 -1 6586 4564
949 2345 3676 2432 1101 1626 3646 2598 3287 -1 3622 3275 -1 4066 4198 4357 2943 3040 1716 2493 1396 1715 2912 3393 2499 2518 1990 2786 3661 1948 2725 3352 3335 2479 2712 2647 3407 2780 1205 -1 867 2944 5051 1403 3855 2729 2200 3865 997 2784 3746 3299 1835 3919 3958 2525 2245 2618 2207 1842 2621 2556 1712 3783 3554 2687 2818 4651 1541 3798 3332 1350 1700 2748 3309 2256 2640 1450 1972 2747 1921 2727 2270 -1 1922 -1 1413 4876 2022 4784 714 1914 -1 3273 3717 2622 1377 -1 3876 449
4407 4140 3879 5061 4559 3159 4570 3069 4361 -1 4109 4494 -1 3921 5759 5584 4206 4118 3540 2802 4156 2778 4549 2514 2560 3951 2299 4016 4570 2257 1892 3751 3806 3398 3701 2708 1788 3480 3475 -1 3575 2799 4906 3262 4317 3038 3725 2000 4711 3093 4055 4377 3630 5182 4031 4459 2183 3017 4066 3833 3847 4460 4167 5687 3627 2996 4041 5870 4249 2919 1467 3341 4575 883 3298 2565 3559 3674 3050 3402 2984 3794 5115 -1 3717 -1 3103 4906 3925 5652 1937 2992 -1 4397 3790 4204 4293 -1 5780 4163
1433 2829 4160 2916 1585 2110 4130 3082 3771 -1 4106 3759 -1 4462 4598 1869 3427 3524 2200 2977 1880 2199 3396 3877 2983 3002 2474 3270 4145 2432 3209 3836 3819 2963 3196 3131 3891 3264 1689 -1 1351 3340 5447 1887 4339 3213 2684 4349 1481 3268 4230 3783 2319 4403 4442 3009 2729 3102 2691 2326 3105 3040 2196 4267 4038 3171 3302 5135 2025 4282 3816 1834 2184 3232 3793 2740 3124 1934 2456 2845 2405 3211 2754 -1 2406 -1 1897 5132 2506 5268 1198 2398 -1 3757 4201 3106 1861 -1 4360 933
3007 1650 2802 3370 3079 2857 3846 2660 1275 -1 3829 3158 -1 3868 5909 5032 3129 2859 2947 2952 2312 2928 3026 4470 1483 3427 2449 4271 4727 2407 3103 2927 3397 2062 1776 1631 3744 3569 2143 -1 1805 1917 5063 3412 3478 3188 3179 4449 3055 3243 3914 2868 2294 3623 2187 3698 2681 3852 1720 1308 3151 3254 1826 3489 3784 3146 3196 4534 2479 4631 4248 2523 2931 3664 3745 2715 2223 2624 1791 1213 3134 4025 3098 -1 2381 -1 3253 5063 4080 5088 1092 2189 -1 2553 1946 3538 3038 -1 4574 1680
3897 2540 4500 4838 2815 3047 4797 2609 4138 -1 4984 2894 -1 3684 5587 5337 4045 2595 3426 2688 3933 2664 4079 4090 3648 3442 2185 4500 4347 2143 4353 4493 3217 1798 3941 3329 3364 3305 2819 -1 3815 2576 4683 3148 4203 2924 3776 4185 3945 2979 3941 2854 2030 1590 3808 3887 2799 3789 3717 2894 4436 2990 3186 4217 3404 2882 4365 4270 4489 4495 4123 2712 3656 3813 3887 2451 1959 3560 1527 949 2870 4410 3691 -1 2117 -1 2989 4683 3702 4929 3273 1925 -1 4174 3567 3687 4070 -1 4310 3397
4230 3591 4415 5038 4382 2391 5230 4328 4053 -1 5429 4742 -1 4764 6585 1866 2367 4392 4615 3751 4221 3727 5110 5350 3151 3896 4033 5957 1482 3991 4728 4595 5065 3646 3444 3244 4624 5153 2163 -1 3473 2491 6663 4409 5091 3987 4839 4228 4278 4827 5582 4651 3878 5425 4519 4964 2445 3976 4498 4086 4819 3808 3910 5035 4115 4730 5445 6118 4147 3901 4303 3789 3047 3719 4319 3514 3807 4708 3420 2842 3933 3112 3035 -1 3965 -1 4052 5129 5303 4569 3613 3818 -1 4885 4278 3593 3717 -1 3441 3348
3571 4185 3683 2793 3723 4285 6305 3978 5501 -1 6244 5309 -1 5061 6140 5841 3938 4420 4375 4546 3191 3159 5571 5453 3255 5091 4177 4831 5710 4558 5384 4699 3889 4213 5015 2512 4727 5439 3864 -1 3526 3939 6046 3781 4359 5059 4572 5660 3656 4971 6356 4679 4445 5714 5171 5147 4624 5277 4367 4464 5280 4815 4371 5583 4767 4874 5477 6685 4200 5858 5127 3972 4359 4543 5767 4866 4374 3184 3352 5095 3365 2490 4929 -1 3762 -1 4072 5527 2453 6140 3373 3294 -1 5537 4930 4417 2821 -1 6135 3108
4680 3323 4145 4991 4101 4749 5707 2926 5576 -1 6218 4245 -1 4623 6896 5783 3791 3267 4608 3089 2238 3915 2952 5221 3767 3669 3436 4197 5035 3394 3029 4551 3663 3579 3397 2974 4495 5086 3764 -1 3426 4014 6121 4044 4821 4175 4317 4707 4728 4230 5192 2794 3811 4761 2113 5319 3471 5040 1646 4608 4263 3662 1752 3415 4718 4133 3122 5621 4100 4557 4174 4116 2920 3590 3805 3702 3740 2550 2199 3602 4121 4630 5250 -1 3898 -1 4240 6121 5140 5154 1018 2242 -1 2479 1872 3464 5108 -1 4982 4070
2529 3925 4455 4012 2681 3206 4281 3515 4600 -1 4935 4138 -1 3851 5470 4933 2791 4170 3251 2513 2976 2489 4492 3573 3136 3831 2010 4366 5107 1968 1603 4258 4252 3893 3868 3284 4124 4360 2785 -1 2447 3336 5443 2973 4028 2749 3436 5328 2577 2804 3766 4429 3415 4893 3606 3099 49 3614 3537 3155 4201 4136 3292 5233 3202 2707 4198 5514 3121 3978 4705 2663 3280 4211 4427 2276 3379 3030 3552 3113 2695 1660 3850 -1 3502 -1 2814 5443 3602 4748 2294 3494 -1 3972 3365 4202 2957 -1 5456 2029
3261 2550 4848 4477 3413 3310 4746 3484 4317 -1 4652 4058 -1 4768 6510 6041 4055 3759 4028 3703 3708 3679 5224 3854 3529 3548 3200 4208 5627 3158 4549 4313 4221 2962 1633 3677 3128 4469 3082 -1 3179 3856 5519 3715 5218 2238 3090 4657 3309 3994 4956 4018 3194 4523 5088 3555 3523 4357 4519 2872 4933 4154 4024 5381 4684 3897 5130 5434 3853 4259 4124 2380 4012 3540 5051 3466 3123 3762 2691 2113 2589 5039 3954 -1 2753 -1 2303 5963 4334 6093 3026 3089 -1 5454 4847 3414 3689 -1 5474 2761
3259 3799 3955 4742 3411 3936 4919 3752 3424 -1 3759 4611 -1 4472 5767 3757 4282 4194 3548 1792 2471 2786 5175 4554 2636 2655 2307 4322 5121 2265 4832 4080 4489 4211 3777 2784 3850 5022 3483 -1 3177 3350 5457 3270 4325 3046 3623 4940 3307 3101 4063 4453 3747 4955 4336 2662 4114 3911 3869 1979 4497 4283 3975 4128 4178 3004 5128 5987 3851 4959 3529 1487 4010 3823 4460 2573 3676 3682 3126 3362 2992 2141 4580 -1 3834 -1 3111 5457 4332 5591 3024 3068 -1 4702 4095 3697 2867 -1 5603 2759
2096 739 3223 3579 2168 2434 2935 1962 3607 -1 2918 2247 -1 2957 4998 4690 2244 1948 2779 2041 2543 2017 3432 3559 1904 2795 1538 3853 3816 1496 3706 2502 2570 1151 2608 2052 2833 2658 2352 -1 2014 2045 4152 2501 3554 2277 2268 3538 2144 2332 3294 2207 1383 2712 3277 3672 2152 3128 2996 2971 3768 2343 2539 3570 2873 2235 3638 3623 2466 3964 3476 2497 2546 3166 3240 1804 1312 2597 880 302 2223 3763 2187 -1 1470 -1 2342 4152 3169 4282 1861 1278 -1 3643 3036 3040 2524 -1 3663 1596
2633 3367 1628 4004 2785 338 839 2514 4607 -1 5099 4121 -1 3346 4021 3069 3044 2675 3320 470 3032 1674 3917 3700 1398 4197 2100 3904 3359 3605 3994 2842 3251 3779 2450 1546 3833 4464 2777 -1 2439 3045 5152 3063 3393 1934 2517 3543 2681 2894 5403 2934 3519 4983 3078 4209 1961 4302 2611 3319 3722 3351 2717 4380 3873 2797 4027 5497 3113 3882 4203 2827 3384 4174 2301 1461 3469 3134 1888 2930 1880 3572 3665 -1 3570 -1 1999 5152 3706 5074 1983 1830 -1 3444 2837 4048 2775 -1 4671 2133
3070 2674 2830 3759 3222 2953 3794 2627 2299 -1 2634 3486 -1 3347 4642 5060 3157 3069 2423 1685 2188 1661 4050 3429 1511 1530 1182 3197 3996 1140 3948 2955 3364 3086 2652 1659 2725 3897 2358 -1 2194 2225 4332 2145 3200 1921 2773 4522 4079 1976 2938 3328 2622 4065 3211 1537 2989 2786 2744 854 3658 3158 2850 3845 3053 1879 4028 4862 2868 3834 2404 362 3027 3405 3335 1448 2551 2557 2001 2237 1867 3120 3597 -1 2709 -1 1986 4332 3351 4466 2041 1943 -1 3577 2970 3414 2320 -1 4478 1776
3207 4107 3130 4417 3359 2827 3703 2927 4189 -1 3686 5370 -1 3935 5776 5360 3457 3369 2652 3334 3445 2795 3545 4327 1811 3420 3066 4964 4584 3030 5127 920 3664 4532 4529 1959 3601 5781 3190 -1 2852 2813 4920 3758 3806 3811 686 4959 3952 3860 4828 3628 4506 1130 4045 3427 3573 4402 3764 2295 3427 3764 3870 4991 3641 3763 3222 6746 3526 2587 4294 2252 964 4587 2878 3338 4435 4447 2301 3683 3001 3730 5352 -1 3684 -1 3059 4920 3939 5517 1118 2243 -1 4411 3804 4461 2457 -1 5084 3666
3206 3068 1745 3032 3358 3042 4005 1542 2702 -1 4249 3697 -1 2262 4703 3975 2072 1984 2634 2608 2060 2794 3233 2654 426 2292 1393 4430 2911 2946 3742 1870 2279 3345 1567 574 1928 4108 1805 -1 1467 1140 3247 2356 2421 3193 2634 3574 3515 2187 4629 2243 2833 4074 2372 3489 1904 3157 3106 2276 2942 2379 2033 3606 1968 2090 2943 5073 2141 3059 3512 2314 3045 3202 2968 3254 2762 2831 916 2496 3000 3309 3686 -1 2920 -1 3041 3247 2266 4274 2519 858 -1 2738 2131 3076 2456 -1 3699 2967
2708 3807 4202 1766 2860 3878 4744 1932 3840 -1 5381 4282 -1 3400 5277 4180 2277 2374 3373 3376 2265 2296 3858 3792 3061 3430 2132 3804 4049 3531 4132 4505 2669 3186 3354 3031 3066 4693 539 -1 201 2278 4385 3095 3189 3398 3673 3964 3792 2926 5019 2633 3418 4749 3510 4284 2578 4295 3496 3414 4386 2769 2965 3922 3106 2829 4081 5561 875 4197 3902 3109 3435 3592 4106 3839 3347 2157 1306 3235 2502 2758 4357 -1 3439 -1 3463 4385 3404 4479 3052 1248 -1 3876 3269 3466 1958 -1 4089 3244
-1 -1 -1 -1 -1 -1 -1 -1 -1 -1 -1 -1 -1 -1 -1 -1 -1 -1 -1 -1 -1 -1 -1 -1 -1 -1 -1 -1 -1 -1 -1 -1 -1 -1 -1 -1 -1 -1 -1 -1 -1 -1 -1 -1 -1 -1 -1 -1 -1 -1 -1 -1 -1 -1 -1 -1 -1 -1 -1 -1 -1 -1 -1 -1 -1 -1 -1 -1 -1 -1 -1 -1 -1 -1 -1 -1 -1 -1 -1 -1 -1 -1 -1 -1 -1 -1 -1 -1 -1 -1 -1 -1 -1 -1 -1 -1 -1 -1 -1 -1
2640 1283 4032 4123 2792 3317 4667 3560 4549 -1 5313 3213 -1 3501 5889 5217 2528 3959 3407 4153 3087 3406 4603 4302 3097 4076 3240 4477 4758 3608 4075 3236 4297 3807 2892 2861 3775 4471 2896 -1 2558 2987 5094 3094 4708 3572 3891 5549 2688 4034 5406 4218 3495 5610 4219 4216 3751 4309 3898 3515 4312 4247 3403 5474 3815 2752 4182 4589 3232 4707 5023 3041 3391 4439 4206 3916 3424 3141 2891 3955 3612 4418 3961 -1 860 -1 3104 5094 3713 4730 2405 3289 -1 4585 3978 4313 3068 -1 5567 2140
3311 2899 1414 4247 2675 2834 4246 3124 2810 -1 5364 3409 -1 3676 5880 5398 4006 2315 3687 3203 3474 2899 3799 4387 2360 3957 2700 4360 4771 2658 3123 3139 3732 2313 2653 2001 3788 3820 2801 -1 2682 1248 5107 3663 3848 3439 2303 4650 4304 3494 4456 2574 2545 3468 3722 3009 2012 2405 3255 2843 3148 3505 3119 4732 3828 2837 4357 4785 2404 4387 3843 3125 1999 3533 2599 2966 2474 3917 2042 1464 3105 3623 4378 -1 2632 -1 3013 5107 4126 3641 2627 2440 -1 3731 3481 3407 2561 -1 4825 2557
3652 4849 3780 5067 3804 3654 5560 3638 4474 -1 1963 4473 -1 4094 6331 4807 3126 4153 4189 2786 3521 3427 5047 4725 2461 3705 2948 4983 3994 2906 4608 3905 4375 4184 4203 2609 3999 5483 3502 -1 3502 3803 5910 3911 2599 3687 3865 5743 3700 3742 4312 4412 4388 5339 3849 3712 4151 4276 4411 3029 3213 2314 3847 3541 3445 3645 4553 5849 4176 5130 4579 2537 2980 4873 2664 3214 4317 3714 3085 3335 3633 2534 3902 -1 4475 -1 3078 5910 4725 5083 2449 3027 -1 4215 3608 4747 3917 -1 3634 3152
4379 3294 3161 3729 4481 3216 5236 3019 4321 -1 4656 3648 -1 4611 6159 5391 1273 4148 3306 3202 2956 3178 3801 4946 1842 3552 2699 5046 5232 2657 4315 3286 3756 2552 1637 1990 4277 4059 2502 -1 2164 3489 5596 3662 3837 3438 3950 5425 4699 3493 4273 4407 2784 4377 4721 3559 3835 4211 4466 2876 3510 4732 2601 4890 4317 3396 4408 5024 2838 5351 4426 2384 3290 4308 4405 2965 2713 3399 3269 3270 3384 4384 3860 -1 2871 -1 3503 5596 4615 3475 2304 3211 -1 5087 4480 4182 3629 -1 6052 2039
-1 -1 -1 -1 -1 -1 -1 -1 -1 -1 -1 -1 -1 -1 -1 -1 -1 -1 -1 -1 -1 -1 -1 -1 -1 -1 -1 -1 -1 -1 -1 -1 -1 -1 -1 -1 -1 -1 -1 -1 -1 -1 -1 -1 -1 -1 -1 -1 -1 -1 -1 -1 -1 -1 -1 -1 -1 -1 -1 -1 -1 -1 -1 -1 -1 -1 -1 -1 -1 -1 -1 -1 -1 -1 -1 -1 -1 -1 -1 -1 -1 -1 -1 -1 -1 -1 -1 -1 -1 -1 -1 -1 -1 -1 -1 -1 -1 -1 -1 -1
2243 886 3314 3726 662 2024 2525 2416 3502 -1 4225 2816 -1 1663 5492 4755 2391 3660 2152 2156 2690 2985 3513 3158 2960 3092 911 2347 3711 2464 4019 2839 3153 2863 2755 2464 2728 3626 2087 -1 2161 1940 4047 1874 2929 2608 3346 4611 2291 1705 4262 3826 2351 3794 3172 3819 1953 2850 2678 1677 3915 2117 2313 3344 2768 1608 2344 4192 2835 3563 3995 1953 2783 4042 3017 2772 2280 2744 2592 2014 3191 3230 3564 -1 2438 -1 2559 4047 3066 4538 2008 2830 -1 3538 2931 3916 2671 -1 3437 1743
2984 1627 2407 2975 1403 2462 3266 2265 3199 -1 4125 2991 -1 2404 4748 4295 2734 1070 2552 2017 2202 1767 1698 3115 1088 3283 1514 2943 3781 1472 3561 2532 2461 2325 1381 1236 2662 3583 1595 -1 1410 2131 3490 2477 3083 2253 2528 3943 3032 2308 3270 1329 2308 4397 2542 3303 1570 3118 2208 2345 1876 2858 498 4085 2959 1565 3085 4367 2084 3520 2598 1853 2536 2826 1327 1780 2237 1296 2515 2516 1973 3181 3106 -1 2395 -1 1741 4238 3257 2369 1550 2457 -1 2403 2301 3428 3118 -1 4178 1285
2324 967 1998 3784 2476 2396 2836 1729 3731 -1 3538 2528 -1 2825 3684 4586 2472 2973 1465 727 2570 703 3360 2471 2415 1869 224 2933 3637 182 3759 2562 2466 2176 1834 2545 2957 2939 1400 -1 2242 2169 4244 1187 2242 963 1815 3902 2372 1018 1980 3139 457 1902 2580 3756 2933 1828 1991 1758 3358 2900 2423 3662 2176 921 3506 3904 2916 2876 3308 1266 2500 2785 2809 490 1593 1599 1905 1327 909 2543 3040 -1 544 -1 1028 4276 3295 3851 2038 2303 -1 2946 2339 2659 2752 -1 4220 1824
3150 4212 4849 4715 3302 4904 6484 4170 5303 -1 3342 4823 -1 5535 5352 5789 3779 4156 4994 3824 1445 4692 4310 4428 3530 4163 4213 4334 5373 4171 3806 3758 4644 4937 3823 3678 3702 5394 3488 -1 3150 4413 6520 3701 3978 4952 3524 3914 5339 5007 5961 4415 4476 3968 3002 4694 4097 4931 4505 4011 4592 4551 3110 1646 5241 4910 4548 6199 3824 4833 3381 3519 3802 2797 3615 4479 5098 3908 3088 4346 4898 4173 5548 -1 4563 -1 4457 6424 5539 5981 2444 3486 -1 3368 5404 2671 4899 -1 2378 3496
2502 1145 3760 2970 1923 2851 4701 3136 3398 -1 4395 3075 -1 2958 5399 4404 2650 3578 3269 2439 60 3268 2925 3043 3219 2988 2089 2949 3607 2786 2421 2373 3873 3552 1376 2589 2317 4009 1743 -1 1405 1836 3943 2956 4107 3567 2139 2529 2550 2883 4501 3837 3388 2583 3068 3298 2600 3546 3634 2615 2085 3378 1725 3025 2664 2786 3639 4451 2079 3448 1996 2123 2417 1412 3664 3094 3458 2523 2510 3192 3474 2788 3495 -1 3475 -1 2966 3943 2962 4852 2267 2452 -1 3434 2827 1286 2930 -1 4698 2002
2793 3442 1332 2619 2945 2752 4164 1129 3222 -1 4769 4034 -1 2782 5223 3562 1659 1571 3067 2195 1647 2381 3055 3174 13 2812 1826 4017 3403 2657 3329 1457 1866 2938 2736 161 2448 4445 1392 -1 1054 1660 3767 2789 2008 2780 2221 3161 3102 2620 4216 1830 2932 4131 2892 4213 1775 3677 2693 2796 3583 1966 2162 3193 2488 2523 3463 5410 1728 3579 3099 2868 2632 2789 3488 2965 3099 2960 503 2744 2587 3122 3554 -1 3019 -1 2845 3767 2786 3861 2249 445 -1 3258 2651 2663 2043 -1 3286 2554
4813 3456 3780 5262 2787 3104 4856 3516 4102 -1 4556 4483 -1 4342 4332 5716 4875 386 3485 3523 3556 3499 1870 2961 3375 4372 2244 4472 4991 2978 2613 4198 4253 4119 3668 2609 2235 4201 2876 -1 3697 3220 5327 1895 4262 3759 3947 2721 4861 3038 4776 645 3684 5127 3431 4483 2630 3464 2699 3778 2398 4242 4134 5469 4048 2941 4488 5859 4371 3366 1914 3286 2975 1604 3745 3286 3613 4395 2795 3347 3705 4241 3748 -1 3771 -1 3824 5327 4346 5871 2384 3193 -1 3797 3190 1478 4430 -1 5562 3572
3143 2267 4695 4837 3295 1067 3906 5003 5463 -1 5816 4197 -1 4485 5384 3798 3772 3404 4129 2427 3809 2403 4184 5400 4341 4712 3710 4633 5235 4322 5138 3386 5740 4508 3179 3845 4674 5193 839 -1 3272 3901 5944 3694 5692 2663 3515 5507 3410 4504 6120 3663 4248 6069 5133 4719 3334 2652 4498 3808 4618 4750 3709 5977 4729 4407 5166 5573 3946 5709 4932 3544 4113 4881 3030 2190 4669 3863 4237 3659 2609 4945 1711 -1 4299 -1 2728 6008 4435 5974 3127 4319 -1 5424 4892 4960 2393 -1 6070 2862
2352 995 1775 2343 771 1830 2634 1633 2567 -1 3493 2925 -1 1772 4116 3663 2102 2762 1920 2265 1570 1135 2415 2756 456 2651 1020 2456 3153 1999 2929 1900 1829 1850 749 604 2030 2984 963 -1 778 1499 3606 1983 2451 2717 1896 3311 2400 1814 2887 2724 2039 3856 2731 2671 938 2825 1576 1713 1244 2226 1215 3453 2327 1717 2453 4301 1452 3161 2778 1221 1904 2194 695 2287 2011 2013 1883 1884 1341 2549 2474 -1 2126 -1 1109 3606 2625 1737 918 1825 -1 3028 2490 2796 2486 -1 3546 653
2799 1906 4390 4160 2951 2052 3500 1938 3462 -1 3002 3414 -1 1015 3456 4783 2803 2279 3392 3169 1250 3097 3442 1407 3071 2929 2666 3930 4493 2624 2630 2644 2675 2318 2566 3219 681 3360 2824 -1 2595 3026 5133 3253 3147 1960 2812 3719 2847 2945 4422 2538 2550 3773 1125 3913 1076 1910 3401 1029 3275 2674 2870 3901 721 2351 1696 4790 3269 1812 3186 3128 3340 2602 2817 2932 2479 3300 1211 1469 3303 2636 3223 -1 2637 -1 2025 2000 3293 4109 1304 1254 -1 1491 884 2476 2759 -1 3994 2299
-1 -1 -1 -1 -1 -1 -1 -1 -1 -1 -1 -1 -1 -1 -1 -1 -1 -1 -1 -1 -1 -1 -1 -1 -1 -1 -1 -1 -1 -1 -1 -1 -1 -1 -1 -1 -1 -1 -1 -1 -1 -1 -1 -1 -1 -1 -1 -1 -1 -1 -1 -1 -1 -1 -1 -1 -1 -1 -1 -1 -1 -1 -1 -1 -1 -1 -1 -1 -1 -1 -1 -1 -1 -1 -1 -1 -1 -1 -1 -1 -1 -1 -1 -1 -1 -1 -1 -1 -1 -1 -1 -1 -1 -1 -1 -1 -1 -1 -1 -1
5231 4915 4911 5249 5383 4895 5396 4745 4549 -1 5379 5544 -1 4109 6550 7137 4220 5373 4481 5027 4344 4819 5822 4501 4757 4139 3240 6388 4758 4793 5724 808 5482 5192 4584 3740 3775 4359 4416 -1 5079 2987 5094 4203 5258 5054 5477 6813 5609 4034 6591 5632 4680 5921 4219 6506 3751 4290 4994 3477 4794 5768 5100 6468 3815 3937 4790 6920 5753 4906 5620 4282 5114 5696 4815 5101 4609 5640 4305 4343 5025 5156 6056 -1 4767 -1 4888 5094 4113 6422 4366 4348 -1 4585 3978 5570 4481 -1 7088 4954
2929 1572 3999 4412 2995 2514 2234 1127 4416 -1 4153 1926 -1 3430 4677 3984 3077 2822 2458 1720 1968 1696 4306 1869 2680 2474 1217 3926 3264 1175 3386 3525 1864 1601 2973 2828 3642 2337 2393 -1 2847 2854 4961 2180 3235 1956 2808 4437 2977 2011 2973 3081 1062 3488 3185 4375 2500 2821 2984 2751 3468 3960 3439 4267 2781 319 4111 3302 3521 2274 3904 2259 1955 3320 2919 1483 991 2592 2898 2320 1902 3536 4033 -1 1149 -1 2021 4961 3980 3961 2694 3225 -1 3551 2944 3194 3357 -1 4999 2429
2770 2301 4264 1828 2922 1101 3940 1994 3902 -1 5443 4231 -1 3462 5339 3832 2339 2436 3435 2461 2327 2358 3920 3854 3123 3492 2194 3866 4111 3593 4194 3420 2731 3248 3213 3093 3128 4755 601 -1 263 2340 4447 3157 3251 2697 3549 4026 3444 2988 5081 2695 3480 4811 3572 4346 2640 2686 3558 3476 2981 2831 3027 3984 3168 2891 4143 5607 937 4259 3964 3171 3497 3654 3064 2224 3409 2219 1368 3297 2564 2820 1745 -1 3501 -1 2762 4447 3466 4541 3114 1310 -1 3938 3331 3528 2020 -1 4151 2896
2884 2254 3563 1942 3032 1823 4527 2108 3032 -1 3367 3307 -1 3576 5375 4356 2453 2550 3156 2418 1169 2394 2014 3235 2244 2263 1915 3259 4097 1873 3530 3385 2845 2641 348 2392 2509 4148 715 -1 377 2300 4561 2878 3365 2654 2163 3638 3659 2709 3473 2809 2873 3692 3686 2270 2754 3408 3477 1587 1723 2945 814 4098 3282 2612 4257 4683 1051 3640 3105 1095 2803 2521 3786 2181 2802 1612 1482 2970 2600 2934 2467 -1 2960 -1 2719 4561 3580 4655 2353 1424 -1 4052 3445 2395 2134 -1 4265 2509
5390 4284 5154 6052 5062 5325 6391 5760 5335 -1 6076 3995 -1 5924 8409 7543 4864 5871 3194 5578 3199 5428 6006 4871 4639 5021 5228 5506 6746 5419 5168 5512 6122 5074 4515 4787 5456 6581 4825 -1 4487 4975 6814 5844 6634 6200 4388 5668 5438 6022 7070 6130 5306 5722 5679 6124 5231 6081 5609 3856 5224 6160 4806 6164 5275 4952 6605 5371 5161 5276 5135 4897 5556 4551 4371 5727 5235 5604 4803 4225 5634 4272 5969 -1 5393 -1 3601 7082 6101 6030 4820 5201 -1 6045 5438 4425 5586 -1 7480 4836
3294 1937 4350 4576 2212 3478 4194 2006 4098 -1 4518 2291 -1 3658 5042 4734 3442 1992 2823 2085 3675 2061 2819 3829 3031 2839 1582 3897 3870 1540 2005 2021 2614 1195 3338 3179 3324 2702 2537 -1 3212 2536 4643 2545 3600 2321 1906 3582 3342 2376 3338 2251 1427 2350 3550 4634 2196 1287 3114 3116 3833 2387 2583 3614 3146 2279 4339 3667 3886 3807 3520 2624 2184 3210 3284 1848 1356 2957 924 346 2267 3807 3975 -1 1514 -1 2386 4643 3662 4326 2338 1322 -1 3916 3309 3084 3656 -1 3707 2794
3469 2961 5046 4952 3236 3471 5218 3030 4965 -1 5300 3315 -1 4003 6066 5758 2943 3016 3847 1424 2840 3085 3685 4853 3727 3863 2606 4921 2632 2564 3632 3648 3638 2219 3367 3875 4180 3726 3313 -1 3387 3641 6168 3569 1237 3345 3533 4606 3517 3400 4362 3275 2451 3977 3758 4203 3220 2914 4138 3520 3394 3411 2485 4638 3354 3303 4684 4691 4061 5051 4544 3028 3811 4192 4308 2872 2380 3283 1948 1370 3291 2351 4185 -1 2538 -1 3410 6168 4542 4900 3234 2346 -1 4124 3517 4066 3897 -1 4731 2969
5619 6651 6149 5259 5771 5621 7200 3888 6481 -1 7450 6440 -1 5974 7820 6745 5093 3874 5991 5583 5657 5559 5358 5107 5283 6071 4750 6320 6690 5038 5632 6560 4625 6195 5614 4978 5707 7450 4419 -1 5537 4919 7026 5383 6669 5819 6671 5464 5667 5544 6836 4133 6190 6847 5729 6353 4078 6684 4996 5670 5886 4269 4465 5496 5325 5447 6655 7816 6211 5512 5402 5178 4436 5092 6350 5346 6119 5263 2806 5853 5765 4501 5857 -1 6228 -1 5884 7026 4919 7050 4552 3204 -1 6095 5488 4966 5287 -1 5589 5119
-1 -1 -1 -1 -1 -1 -1 -1 -1 -1 -1 -1 -1 -1 -1 -1 -1 -1 -1 -1 -1 -1 -1 -1 -1 -1 -1 -1 -1 -1 -1 -1 -1 -1 -1 -1 -1 -1 -1 -1 -1 -1 -1 -1 -1 -1 -1 -1 -1 -1 -1 -1 -1 -1 -1 -1 -1 -1 -1 -1 -1 -1 -1 -1 -1 -1 -1 -1 -1 -1 -1 -1 -1 -1 -1 -1 -1 -1 -1 -1 -1 -1 -1 -1 -1 -1 -1 -1 -1 -1 -1 -1 -1 -1 -1 -1 -1 -1 -1 -1
-1 -1 -1 -1 -1 -1 -1 -1 -1 -1 -1 -1 -1 -1 -1 -1 -1 -1 -1 -1 -1 -1 -1 -1 -1 -1 -1 -1 -1 -1 -1 -1 -1 -1 -1 -1 -1 -1 -1 -1 -1 -1 -1 -1 -1 -1 -1 -1 -1 -1 -1 -1 -1 -1 -1 -1 -1 -1 -1 -1 -1 -1 -1 -1 -1 -1 -1 -1 -1 -1 -1 -1 -1 -1 -1 -1 -1 -1 -1 -1 -1 -1 -1 -1 -1 -1 -1 -1 -1 -1 -1 -1 -1 -1 -1 -1 -1 -1 -1 -1
3624 3916 4819 5076 3776 4238 5678 4677 5500 -1 6123 4714 -1 3053 4976 6707 5146 3482 4964 177 4111 1995 4966 5527 3500 5186 4064 4225 6197 4701 4596 4944 4873 4356 3793 3648 5074 5863 4007 -1 3822 4543 5536 4175 5495 2255 3107 6355 5321 4858 5931 3741 4588 5857 3986 5200 3982 4313 4620 3067 4288 5231 4259 6058 3582 3977 3734 6090 3823 5932 5010 4025 4948 5238 3739 1782 4517 5057 4072 3507 2201 5593 3372 -1 4675 -1 2320 6315 5669 4781 2585 4115 -1 4352 3745 5337 4054 -1 6551 3697
3288 2972 2968 3084 3440 3203 3909 2802 2606 -1 4153 3601 -1 2166 4607 5194 3954 3430 2538 3395 2401 2876 4357 2558 2814 2196 1297 4445 2378 2850 3781 3724 3539 3249 3107 1797 1832 4012 2473 -1 3136 1044 3151 2260 3315 3111 3534 4870 3666 2091 4648 3689 2737 3978 2276 4681 1808 3061 3051 2180 4426 3825 3157 4820 1872 1994 2847 4977 3810 2963 3677 2339 3573 3753 2872 3158 2666 3475 2362 2400 3082 2781 4113 -1 2824 -1 2945 3151 2170 4924 2423 2405 -1 2642 2035 3627 2538 -1 5145 3011
2842 1485 2265 2833 1261 2320 3124 2123 3057 -1 3983 3030 -1 2262 4606 4153 2592 928 2410 2755 2060 1625 2412 2973 946 3141 1510 2946 3643 2279 3419 2390 2319 2340 1239 1094 2520 3441 1453 -1 1268 1989 4096 2437 2941 3060 2386 3801 2890 2304 3377 1187 2166 4346 3221 3161 1428 3315 2066 2203 1734 2716 1705 3943 2817 1423 2943 4406 1942 3378 2456 1711 2394 2684 1185 2587 2095 2503 2373 2374 1831 3039 2964 -1 2253 -1 1599 4096 3115 2227 1408 2315 -1 3518 2980 3286 2976 -1 4036 1143
3260 2310 2695 3278 2754 1405 1906 2774 2578 -1 1889 3573 -1 2138 4579 4136 3555 3402 2510 1537 2373 2741 3273 2530 2439 2168 1269 4417 2787 2822 3350 3696 3511 3221 2732 1769 1804 3984 2445 -1 2761 1016 3123 2232 2525 3001 3506 4610 2472 2063 4620 3115 2709 3950 2248 4653 1780 3033 1967 2152 3139 3797 2073 3736 1844 1966 2819 4949 3435 2935 4309 2311 1624 3725 2590 2528 2638 2871 2334 2372 2947 3185 4085 -1 1887 -1 2888 3123 2142 3720 1339 2377 -1 2614 2007 3599 2510 -1 5117 2636
4614 4849 5444 6526 4766 3625 5073 2991 6019 -1 7093 5203 -1 4673 7183 4396 4456 3433 5020 4196 4444 4202 4364 5971 4481 4502 3779 5546 6092 3737 4917 4857 3728 4107 4121 4629 5245 5614 3978 -1 4961 4457 6564 4742 4859 4182 4818 5023 5460 4573 5535 3692 4339 5262 4428 6043 3637 4123 4555 4687 4893 2968 3164 4195 4024 4476 5036 6579 5635 3385 4961 4821 3634 4651 5525 4045 4268 3899 2365 3258 4408 5248 3182 -1 4426 -1 4247 6564 5481 6658 2932 2307 -1 4794 4187 4525 3864 -1 4288 3577
5422 5407 5212 6499 5574 5975 6476 5009 5950 -1 6329 6548 -1 5510 7951 5858 5539 5451 5882 5637 3829 5613 6694 5902 3893 5540 4641 6718 5966 5092 4900 5337 3738 6593 6068 4041 5176 7253 5272 -1 4934 4388 6495 5600 5888 5873 5798 6298 5470 5435 6890 4350 6081 6352 5620 6396 3346 6405 6395 4806 7094 5837 5494 6954 5216 5338 6191 7924 5608 6307 5765 4314 4989 5181 3788 5400 6010 5923 4383 5744 5819 4957 6743 -1 4984 -1 5011 6495 5514 7741 5187 4325 -1 2462 5379 5055 5850 -1 7157 4922
3240 4636 4569 4723 3392 3126 4574 3812 5026 -1 4373 4335 -1 4920 6381 3897 4896 4808 4007 3424 3687 3400 5203 5168 3250 4003 2921 4936 4033 2879 5016 3068 3877 4770 3622 3398 4464 5071 3496 -1 3158 3798 5905 3694 4336 3660 4491 6156 3288 3715 4677 4489 4126 5804 5030 4816 511 4525 3999 2593 4912 4847 4003 5584 4626 3618 5109 5711 3832 2886 4143 2101 3991 5039 1575 3187 4290 3741 3740 4024 3606 2122 4561 -1 4213 -1 3704 5905 4313 6317 3005 3682 -1 2601 4789 4913 3668 -1 6167 2740
2963 2937 2817 3990 3115 1757 3764 1738 3392 -1 4466 3030 -1 2046 4612 3732 1829 2180 2393 1655 1817 1631 1737 3344 1854 2982 1152 2982 3601 1110 2635 3298 2475 2364 2906 2002 2618 3867 1529 -1 2895 1830 3937 2115 2741 1891 2743 3770 3344 1946 2908 2439 2592 4035 1801 4412 2384 2756 2919 2060 3470 341 537 1568 1397 1849 2727 4406 3569 3749 3708 2194 1007 3169 2898 1418 2521 1335 1112 2255 1837 3415 1929 -1 2679 -1 1956 3937 2854 4031 624 1054 -1 2167 1560 3043 2213 -1 1661 2796
2805 2989 2603 4038 2957 3378 4826 3058 2925 -1 4033 3343 -1 4507 5374 5786 3447 3044 3875 3137 3733 2393 3871 2733 4083 3891 2634 4642 2011 2592 3057 3073 3666 2247 4390 1432 2007 3754 2811 -1 2473 3020 5695 3356 3279 3373 2958 4634 4021 3428 4390 3303 2479 3402 3608 4381 2402 2339 3798 3698 1221 3439 3635 4666 3858 3331 5188 4719 972 3138 4572 3206 3236 4262 4336 2900 2408 4009 1976 1398 2599 2855 5027 -1 2566 -1 3438 5695 4714 5378 3390 2374 -1 3974 4021 4136 2055 -1 4759 3473
3206 1849 3127 3465 2835 2346 2786 1679 2765 -1 3488 2478 -1 2325 4766 4536 3085 2923 1415 2272 2520 2248 4227 2421 2365 2355 174 3727 2974 1727 3570 2847 2416 2126 2813 1956 1991 2889 1350 -1 2842 1203 3310 1137 2192 2508 2609 3874 3254 968 3525 3089 1614 3057 2435 4345 1967 2852 1941 1708 3308 3318 3027 4545 2031 871 3006 3854 3516 2826 3258 1216 2450 3872 2759 2035 1543 3144 1855 1277 2454 2493 2990 -1 1701 -1 1822 3310 2329 3801 2582 2253 -1 2801 2194 3746 2697 -1 4638 2630
3634 2427 3174 4103 3786 2886 4138 2417 2052 -1 2978 2940 -1 3691 4986 5274 3501 3413 2767 2029 2387 2005 3803 2241 1855 3317 1526 2499 2638 1484 3464 3299 3154 2839 2553 2003 1515 4241 2702 -1 2538 2569 4676 2489 3544 2265 1381 4856 3832 2320 3282 3645 2966 4400 2964 4290 1667 2744 2497 1198 729 2965 2603 4189 3397 2223 3917 4316 3212 2646 2748 706 3014 3739 180 1792 2895 2901 2345 1990 2211 3278 3875 -1 3053 -1 594 4589 3695 4922 1813 2287 -1 3330 2723 3613 2928 -1 4285 2120
-1 -1 -1 -1 -1 -1 -1 -1 -1 -1 -1 -1 -1 -1 -1 -1 -1 -1 -1 -1 -1 -1 -1 -1 -1 -1 -1 -1 -1 -1 -1 -1 -1 -1 -1 -1 -1 -1 -1 -1 -1 -1 -1 -1 -1 -1 -1 -1 -1 -1 -1 -1 -1 -1 -1 -1 -1 -1 -1 -1 -1 -1 -1 -1 -1 -1 -1 -1 -1 -1 -1 -1 -1 -1 -1 -1 -1 -1 -1 -1 -1 -1 -1 -1 -1 -1 -1 -1 -1 -1 -1 -1 -1 -1 -1 -1 -1 -1 -1 -1
2227 3022 3018 3356 2379 3237 3959 2852 2656 -1 4203 3468 -1 2216 4657 2996 1093 3480 2588 2192 1081 1815 3836 2608 1877 2246 1347 3970 2865 2717 3442 3321 3589 2372 2170 1847 1882 3879 2523 -1 2199 1094 3201 2310 2005 2214 3066 3550 2608 2141 4308 3739 2604 3565 2326 3803 1858 3111 3101 2230 3545 3834 2636 2738 1922 2044 2897 4844 2873 3013 3017 2389 3306 2433 2922 3025 2533 3061 2412 2450 2021 3119 3881 -1 2691 -1 2279 3201 2220 3295 2325 2455 -1 2692 2085 2307 1477 -1 5154 2060
1855 3364 4379 3974 2007 3615 5437 4237 4193 -1 4528 4087 -1 4799 4424 5053 4490 3880 3237 3088 709 1443 3574 3692 3060 3424 2825 3598 5448 3034 3070 3022 4974 4201 4191 3208 2966 4658 2752 -1 2414 3677 5784 2406 4843 3815 2788 3178 2866 2790 4832 4139 4265 3193 4909 3431 3361 4195 3210 2748 4686 3462 2374 2366 4505 3522 5044 5463 3088 4097 2645 2256 2934 2061 4137 3342 4194 3172 3649 3928 1649 3437 4259 -1 4352 -1 3282 5688 3634 5179 3115 3591 -1 5142 4668 1935 1105 -1 4782 3670
2482 1125 3609 3965 2554 2820 3321 2348 2681 -1 3304 2633 -1 234 5297 4844 2630 2334 3165 2427 1582 2316 3311 3945 2290 2367 1924 3149 3761 1882 3943 2888 2956 1537 2994 2438 3219 2579 2738 -1 2400 2431 4460 2887 2366 1179 2031 3924 2530 2718 3680 2593 1769 3038 3663 3721 2538 3383 3382 248 3489 2552 2111 3239 3259 2621 915 4009 2852 4350 3518 2546 2932 2934 2940 2190 1698 2909 1266 688 2522 3480 2442 -1 1856 -1 1244 4538 3555 3982 2247 1664 -1 4016 3422 2808 1978 -1 3872 1982
2571 3682 1572 2859 2723 2992 4404 1369 3462 -1 4535 3567 -1 3022 5463 3007 1899 1811 3307 2435 189 2621 3054 3169 253 3052 2066 3078 3643 2897 2550 1697 887 3178 2976 401 2446 4138 1632 -1 1294 1900 4007 3025 2248 3020 2268 2658 2619 2860 4456 2070 3172 2712 3132 3438 2015 3675 2933 2755 3823 2206 1854 3314 2728 2763 3703 4943 1968 3574 2125 2263 2476 1541 3728 3002 3339 2652 743 2984 2827 2917 3794 -1 3259 -1 3035 4007 3026 4101 2336 685 -1 3498 2891 1415 2283 -1 3526 2071
5329 5587 6360 6804 5481 3034 4482 5314 6214 -1 6549 5298 -1 5868 7351 3805 5974 5371 4497 4394 4502 4370 6716 6174 5041 3911 4999 6600 5663 5055 6471 6485 6051 5015 3530 5189 5534 6522 5577 -1 5239 4746 6853 5783 4268 4630 5482 6775 5377 5793 6853 5630 5247 6857 5978 5452 5510 5794 6254 4769 6425 5862 5516 7089 5574 5696 6549 6674 5913 2794 6242 4277 6080 5658 4997 4157 5176 5830 4688 4781 4576 5382 6650 -1 5334 -1 4695 6853 5872 7030 5094 4630 -1 6344 5737 5532 5757 -1 7182 4829
4382 4395 2485 6191 4534 3260 4708 4484 2807 -1 3915 4810 -1 5051 6951 5991 4867 4454 4220 3348 3615 3970 4650 2615 4472 4137 2979 5330 4556 3810 3838 3852 5132 4425 4765 1314 1889 5694 3782 -1 4682 3929 6036 3942 3161 4591 3374 6084 4812 3773 5608 4713 4085 5489 3490 5121 2284 3118 4006 4513 1103 4561 4318 5788 4757 3676 5732 6186 4484 3020 5551 4021 5180 4967 4616 4118 4348 5116 3576 3576 4176 3895 5795 -1 3972 -1 4627 6036 5055 5753 3806 3974 -1 3856 4920 4841 3632 -1 5881 4264
4519 3162 4315 4883 3311 3872 4830 4064 5107 -1 5341 4670 -1 3746 6019 5844 4472 2978 3800 3062 4110 3038 3606 4806 2996 4568 2559 4851 5689 2517 2152 4440 4369 3574 3289 3144 4570 5081 3503 -1 3318 4039 5398 3522 4577 3298 3985 5851 4567 3353 4315 3237 3806 5135 4450 4575 3478 4163 4116 3760 3784 3333 2406 4560 4867 3256 2245 6046 3992 5211 4506 3400 3999 4734 3235 2825 3735 3204 3303 2725 3244 3880 4921 -1 3893 -1 3363 6146 5165 4277 141 3701 -1 4311 4209 4994 4947 -1 4653 3193
3155 2279 4707 4849 3307 1079 3918 4188 5305 -1 5828 4209 -1 4497 4748 3810 3784 3416 3955 2439 3821 2415 4196 4961 4304 4724 2714 4645 5247 3383 5085 3398 4925 4520 3191 3857 4531 5205 851 -1 3284 3743 5850 3677 4732 2675 3527 5519 3422 3508 2729 3675 4154 4946 4326 4731 3346 2664 4481 3820 4213 2791 3721 4018 3922 3411 5178 5585 3958 5366 4944 3556 3457 4893 3042 2202 4083 3875 3562 3671 2621 4957 1723 -1 4241 -1 2740 5850 4447 5986 3074 3504 -1 4692 4085 4972 2405 -1 4111 2874
1861 3179 3438 3344 2013 1863 4558 2963 3357 -1 3692 2682 -1 2395 5110 4594 1335 3304 2628 2743 2275 2627 3824 4057 2119 2588 2048 3698 4314 2198 3637 2802 3700 2437 2412 2267 3331 3692 2117 -1 1779 2543 4650 2315 4066 2979 3112 4077 1909 2842 3996 3563 2669 4134 2150 2595 3157 3530 2620 1912 3533 3468 2624 4695 1746 2745 3076 4058 2453 4462 3462 1420 2612 3627 3675 2506 2598 2362 2236 2849 2833 743 3182 -1 2756 -1 2325 4650 2934 3292 1626 2279 -1 2516 1909 3501 2289 -1 4788 1361
3967 3091 3915 4538 4119 1891 4730 3828 3553 -1 5963 4242 -1 5088 6208 4622 1867 3892 4115 3251 3721 3227 4610 5780 2651 3396 3533 5457 982 3491 5124 4095 4565 3146 2944 2744 5086 4653 1663 -1 2973 1991 6405 3909 4591 3487 4339 6179 4234 4327 5082 4151 3378 4925 4465 4866 2755 3476 3998 3586 4319 3308 3410 4535 4439 4230 5217 5618 3647 3401 5420 3691 3974 5073 3819 3014 3307 4208 4069 3491 3433 4366 2535 -1 3465 -1 3552 6405 5259 4069 3113 4020 -1 4831 4224 4947 3217 -1 4628 2848
2902 2586 2582 2920 3054 2817 3523 2416 2220 -1 3767 3215 -1 1780 4221 4808 3568 3044 2152 3009 2015 2490 3971 2172 2428 1810 911 4059 2429 2464 3395 3338 3153 2863 2721 1411 1446 3626 2087 -1 2750 658 2765 1874 2929 2725 3148 4484 3612 1705 4262 3303 2351 3592 1890 4295 1422 2675 2665 1794 4040 3439 2771 4434 1486 1608 2461 4591 3424 2577 3951 1953 3187 3367 2486 2772 2280 3094 1976 2014 2696 2827 3727 -1 2438 -1 2559 2765 1784 4538 2037 2019 -1 2256 1649 3241 2152 -1 4759 2625
3004 4193 4337 5130 3156 3277 4855 1381 4430 -1 5557 4205 -1 3641 5573 4238 3349 1823 3484 2586 3337 2592 3307 4382 3374 4020 2243 4269 4482 2453 3581 3247 2118 4195 3741 3522 3656 4958 2368 -1 3720 2868 4975 3206 4261 2572 3424 3413 3850 3037 4251 2082 3683 5126 3396 4465 2027 2513 2945 3165 3283 1861 2414 3088 2992 2940 4248 5581 4394 4787 3351 3285 2527 3041 4418 2761 3612 3212 755 3346 2798 3638 1572 -1 3770 -1 2637 4975 3994 5551 2144 697 -1 3762 3155 2915 2254 -1 3181 3302
3437 2080 2860 3428 1856 2915 3719 2718 3652 -1 4578 787 -1 2857 5201 4748 3187 3647 3005 3171 2655 2220 1654 3841 1541 3736 2105 2899 3737 2626 4004 2985 2914 2281 1834 1689 3115 3788 2048 -1 1863 2584 4691 2853 3536 3407 1919 4396 3485 2598 3972 3809 2513 4941 3816 3756 2023 2873 2661 2798 2329 3311 454 4538 3412 2802 3538 2163 2537 4246 3863 2306 2989 3279 1780 2934 2442 1252 2579 2969 2426 3332 3559 -1 2600 -1 2194 4691 3710 2822 1993 2910 -1 4113 3575 3881 3571 -1 4631 1738
-1 -1 -1 -1 -1 -1 -1 -1 -1 -1 -1 -1 -1 -1 -1 -1 -1 -1 -1 -1 -1 -1 -1 -1 -1 -1 -1 -1 -1 -1 -1 -1 -1 -1 -1 -1 -1 -1 -1 -1 -1 -1 -1 -1 -1 -1 -1 -1 -1 -1 -1 -1 -1 -1 -1 -1 -1 -1 -1 -1 -1 -1 -1 -1 -1 -1 -1 -1 -1 -1 -1 -1 -1 -1 -1 -1 -1 -1 -1 -1 -1 -1 -1 -1 -1 -1 -1 -1 -1 -1 -1 -1 -1 -1 -1 -1 -1 -1 -1 -1
2493 2177 2173 2511 2645 2408 3114 2007 1811 -1 3358 2806 -1 1371 3812 4399 3159 2635 1743 2600 1606 2081 3562 1763 2019 1401 502 3650 2020 2055 2986 2929 2744 2454 2312 1002 1037 3217 1678 -1 2341 249 2356 1465 2520 2316 2739 4075 3203 1296 3853 2894 1942 3183 1481 3886 1013 2266 2256 1385 3631 3030 2362 4025 1077 1199 2052 4182 3015 2168 3542 1544 2778 2958 2077 2363 1871 2902 1567 1605 2287 2418 3318 -1 2029 -1 2150 2356 1375 4129 1628 1610 -1 1847 1240 2832 1743 -1 4350 2216
3575 2643 2467 3754 2419 1746 2247 2264 4087 -1 4708 4188 -1 3420 5429 4232 2794 2086 1989 1878 2782 2783 3570 3666 1148 3947 2668 4104 4368 3070 4464 2592 3001 3498 2397 1296 3550 4599 2527 -1 2189 2795 4902 3595 3143 3342 3183 4296 3623 3462 4535 2345 3324 4790 4027 4319 846 4473 3224 2928 2764 3101 2863 4328 3623 2581 4101 5564 2863 3221 3614 2436 301 3842 1910 2869 3253 2620 1638 3020 2989 2457 4122 -1 3411 -1 2396 4902 3921 3385 2566 1580 -1 2936 3786 3798 3178 -1 4421 2301
3277 2961 2957 3295 3429 3192 3898 2791 2595 -1 4142 3590 -1 2155 4596 5183 3943 3419 2527 3384 2390 2865 4346 2547 2803 2185 1286 4434 2804 2839 3770 3713 3528 3238 3096 1786 1821 4001 2462 -1 3125 1033 3140 2249 3304 3100 3523 4859 3655 2080 4637 3678 2726 3967 2265 4670 1797 3050 3040 2169 4415 3814 3146 4809 1861 1983 2836 4966 3799 2952 3666 2328 3562 3742 2861 3147 2655 3686 2351 2389 3071 3202 4102 -1 2813 -1 2934 3140 2159 4913 2412 2394 -1 2631 2024 3616 2527 -1 5134 3000
2114 757 3185 3597 2266 1895 2396 3763 4023 -1 4787 2687 -1 2975 5363 4626 2262 4205 2881 2027 2561 2880 4077 3975 2831 3550 2714 3951 4232 3113 3890 2710 4500 3541 2626 2335 3249 3945 2370 -1 2032 2461 4568 2568 4182 3491 3365 5030 2162 3508 4911 4464 3000 5084 3693 3690 1824 3783 3372 2298 3786 3721 2877 4948 3289 3411 3656 4063 2706 4199 4497 2515 2865 3913 2888 3018 3702 2615 3137 2847 3086 3435 3435 -1 3087 -1 2578 4568 3187 4464 1879 3079 -1 3914 3452 3787 2542 -1 5041 1614
3939 2582 3362 3930 2358 3417 4221 2807 3300 -1 4847 3092 -1 2860 5301 4625 3689 2025 3232 2886 3095 2722 3509 3252 2043 388 1991 4043 3306 2341 2806 2822 3415 1996 2336 2191 2526 3503 2484 -1 2365 1738 3845 2954 3552 3122 2707 4383 3987 2785 4139 2284 2228 3151 2970 2692 2502 2088 3163 2874 2516 3188 2802 4415 2566 2520 3541 4468 2267 3657 3553 2808 2985 3781 2282 2649 2157 3600 1725 1147 2928 3907 4061 -1 2315 -1 2696 3845 2864 3324 2505 2123 -1 3336 2729 3885 3232 -1 4508 2240
3443 2086 2866 3434 1862 2331 2771 1664 3658 -1 3473 793 -1 2863 5207 4521 3070 2037 1400 2257 2505 2226 3506 2406 1547 3011 159 3547 3572 1712 3923 2832 2401 2111 1840 1695 2892 2874 1335 -1 1869 2104 4211 1122 2177 2493 2594 3859 3491 953 3510 2296 1599 3042 3336 3762 2029 2879 1926 1693 2335 3303 2306 4530 2932 856 3544 2169 2543 2811 3243 1201 2435 3285 1786 2020 1528 3104 1840 1262 2432 2478 2975 -1 1686 -1 1807 4211 3230 2828 2009 2238 -1 3626 3095 3731 3423 -1 4623 1744
2989 2673 2669 3007 3141 2904 3610 2503 2307 -1 3854 2635 -1 1867 4308 2909 3655 3131 2239 3096 2102 2577 4058 2259 2515 1897 998 2146 2516 2551 3482 3425 2978 2950 2808 1498 1533 3713 2174 -1 2837 745 2852 1961 3016 2812 3235 4571 3699 1792 4349 1970 2438 3679 1977 2342 1509 2762 822 1881 4127 3526 2858 4521 1573 1695 2548 4011 3511 2664 4038 2040 3274 3454 2573 2859 2367 3181 2063 2101 2783 2914 3814 -1 2525 -1 2646 2852 1871 4625 2124 2106 -1 2343 1736 3328 2239 -1 4846 2712
2543 1186 3935 4026 2695 3220 4248 3141 4227 -1 4950 3116 -1 3404 5694 5951 2691 4385 2877 2737 2990 2713 3813 3883 3260 3491 1636 4380 4436 2192 4319 3139 3878 3588 3055 2764 3453 4351 2799 -1 2461 2665 4772 2599 3654 2973 3794 5336 2591 2430 3990 4551 2079 4519 3897 4119 3429 3838 3403 3170 4215 4150 2613 5284 3493 2333 4085 4492 3135 4288 4720 2678 2931 4342 2917 2500 3005 3044 3317 2739 2919 2996 3864 -1 2166 -1 3007 4772 3616 4893 2308 3508 -1 4263 3656 4216 2971 -1 5470 2043
3923 3885 3777 5052 4075 2717 4547 2698 4352 -1 5249 4239 -1 3081 5395 4692 2789 3140 3176 2026 2777 2414 4624 4182 2814 3942 1935 4348 3922 1893 3595 4258 3435 3730 3866 2962 3509 4650 2489 -1 3855 2790 4897 2898 3701 2674 3526 4730 4304 2729 3691 3399 3375 4818 2836 5372 3344 3539 3702 2605 2723 1301 3731 2528 2432 2632 3688 5615 4529 4587 4668 2977 1967 4129 3858 2201 3304 2701 2072 3038 2620 4191 2889 -1 3462 -1 2739 4897 3916 4991 1584 2014 -1 3202 2595 4003 3173 -1 2621 3756
2073 716 3465 3556 2145 2411 2912 1939 3584 -1 2895 2224 -1 2934 4975 4667 2221 1925 2756 2018 2520 1994 3409 3536 2790 2772 1515 3830 3793 1473 3683 2479 2547 1128 2585 2294 2810 2635 2329 -1 1991 2022 4129 2478 3531 2254 2245 3515 2121 2309 3271 2184 1360 2689 3254 3649 2129 3119 2973 2948 3745 2320 2516 3547 2850 2212 3615 3600 2665 3941 3453 2474 2523 3143 3217 1781 1289 2574 857 279 2200 3740 3394 -1 1447 -1 2319 4129 3146 4259 1838 1255 -1 3620 3013 3017 2501 -1 3640 1573
3599 3612 1702 6093 3751 3122 4534 3701 2024 -1 5510 4500 -1 5144 6168 5853 4084 4760 3437 2565 3693 3187 4826 4443 4387 4714 2196 5436 3773 3027 4773 4789 4438 3963 4679 531 4929 4911 3372 -1 4528 4141 6248 3159 2378 3808 2591 5896 4658 2990 4825 5019 3302 4747 4899 5175 4905 4055 3963 3730 4535 5155 3626 5350 4495 2893 5127 5876 5202 4848 5280 3238 4472 4953 4781 3335 3565 4424 3692 3114 3393 3492 5012 -1 3189 -1 3844 6248 5267 5823 3023 4090 -1 4019 4658 4827 2849 -1 6475 3997
0 2713 2869 3798 152 1760 3833 2666 2338 -1 2673 2326 -1 3312 4681 4491 3095 3108 2353 1724 2227 1700 3003 3468 1550 1569 1221 1837 4035 1179 3901 2994 3403 3125 2691 1698 2764 3936 1532 -1 2233 2264 4371 551 3239 1960 2812 4561 4103 1906 2977 2503 2661 3505 3067 1576 3028 2340 1355 893 3697 1607 1803 2834 2663 1918 3993 3702 2907 3873 2443 401 1864 3444 3319 1487 2590 2596 2040 2276 1906 3159 2404 -1 2748 -1 2025 3927 3390 4361 1890 1982 -1 3433 2826 3453 2359 -1 2927 1815
1357 0 2749 2840 1509 2034 4054 3006 3266 -1 4030 1930 -1 2218 4606 4765 1505 3448 2124 2901 1804 2123 3320 3218 2074 2793 1957 3194 3475 2356 3133 1953 3743 2784 1869 1578 2492 3188 1613 -1 1275 1704 3811 1811 3425 3137 2608 4273 1405 2751 4154 3707 2243 4327 2936 2933 2468 3026 2615 2232 3029 2964 2120 4191 2532 2654 2899 3306 1949 3623 3740 1758 2108 3156 2923 2664 2945 1858 2380 2672 2329 3135 2678 -1 2330 -1 1821 3811 2430 3707 1122 2322 -1 3302 2695 3030 1785 -1 4284 857
1897 3406 0 4566 2049 1420 2832 4317 4235 -1 4570 4223 -1 5209 4466 4151 4911 3757 4250 2463 3832 1485 3748 5365 3391 3466 3118 3734 5352 3076 4571 4698 3593 4861 3532 3539 4661 4626 3429 -1 3625 4161 6268 2448 5136 3016 889 5536 3763 3803 4746 4016 3681 5402 4964 3473 3954 4237 3252 2498 4467 3504 3558 4731 4560 3815 3425 5599 4299 5770 4340 2298 3761 5184 3383 2543 4487 4216 3691 4012 1691 5056 4301 -1 3768 -1 3081 5824 4788 6258 1321 3633 -1 2317 4723 5058 1147 -1 4824 2295
2279 2162 3070 0 2431 3201 4011 1185 2708 -1 4255 2516 -1 2268 4709 3048 1145 1627 2640 2244 1133 1867 3111 2660 1929 2298 1399 2038 2917 1765 3385 3373 1922 1420 2222 1899 1934 2927 2172 -1 2251 1146 3253 1992 2057 2266 3118 3217 2660 2193 3563 1886 1652 3617 2378 3855 1831 3163 2749 2282 3597 2022 2218 2790 1974 2096 2949 3892 2925 3065 3069 2441 2688 2485 2974 2073 1581 391 559 2502 2073 3171 3610 -1 1739 -1 2331 3253 2272 3347 2305 501 -1 2744 2137 2359 1529 -1 3342 2112
2975 2822 3931 3854 0 2871 4461 2852 4506 -1 4274 2174 -1 3160 5231 4846 2943 3294 2201 2769 2931 2745 2851 3878 2928 4096 2266 1685 4715 2224 3749 2922 3589 3478 2657 3076 3732 4981 2643 -1 2686 2944 5051 3229 3855 3005 2909 4884 4227 1754 4022 3553 3706 3353 2915 4551 3410 2188 4033 2494 3681 1455 1651 2682 2511 2963 3841 3550 3360 3830 4044 2002 2121 4283 3167 2532 3635 2449 2226 2633 2951 3279 3043 -1 3793 -1 2608 3775 3514 4209 1738 2168 -1 3281 2674 4157 3327 -1 2775 3125
2295 3029 4670 3770 2447 0 4992 3936 4633 -1 4761 4055 -1 5247 4317 2731 4281 2337 3062 1360 2742 1336 3821 4333 3351 3864 3309 3566 4421 3267 4071 4698 4673 3441 2112 3499 3607 4126 2543 -1 2205 4128 4877 2749 5193 1596 2448 5136 2343 4103 5065 2596 3181 5002 5169 3871 3450 3964 3553 2981 3551 3902 2642 5129 4765 3418 4164 5431 2879 4738 3865 2489 3046 4019 1963 1123 3602 2796 3170 2592 1542 4073 3616 -1 3232 -1 1661 5656 3368 6090 2060 3252 -1 4619 4928 3893 2723 -1 5222 1795
3339 3449 1878 3165 3491 3283 0 1675 3768 -1 5132 4371 -1 3328 5769 4054 2205 2117 3613 2741 2193 2927 3078 2861 559 3358 2372 4323 3949 3203 3155 2003 2412 3407 3282 707 2994 4914 1938 -1 1600 2206 4313 3335 2554 3326 2767 2704 3648 3166 4762 2376 3478 4677 2239 4759 2321 4223 1772 3342 2883 2512 1878 3541 3034 3069 3248 5747 2274 3043 3645 2860 3046 3335 2334 3511 3568 2676 1049 3290 3133 3668 4100 -1 3565 -1 2748 4313 3332 4407 1144 991 -1 2605 1998 3209 2589 -1 3832 3100
2421 3655 3651 3904 2573 3098 4592 0 3289 -1 4836 4284 -1 2849 5106 2857 2808 4113 3188 3169 2868 3145 4168 3019 3173 2879 1980 4258 3498 2624 2259 3220 737 3932 3172 2480 2515 4252 2677 -1 2339 1727 3834 2875 3998 3405 3672 5337 2469 2774 3087 4372 3307 4661 2959 3997 2491 3744 3679 2863 3772 4028 3184 5255 2555 2677 3530 5660 3013 3424 4360 2822 2326 4220 3555 2932 3349 2922 3045 3083 3351 3896 3742 -1 3394 -1 2885 3834 2853 5010 2186 3088 -1 3325 2718 4094 2849 -1 5348 1921
2945 1588 4337 4428 3097 3622 5642 4594 0 -1 5618 3518 -1 3806 6168 6353 3093 5036 3712 4489 3392 3187 4908 4806 3662 4381 3545 4782 5063 3944 4380 3541 5331 4372 3457 3166 4080 4776 3201 -1 2863 3292 5399 3399 5013 3877 4196 5861 2993 4339 5742 5295 3831 5915 4524 4521 4056 4614 4203 3820 4617 4552 3708 5779 4120 4242 4487 4894 3537 5211 5328 3346 3696 4744 4511 4252 4533 3446 3968 4260 3393 4723 4266 -1 1165 -1 3409 5399 4018 5295 2710 3910 -1 4890 4283 4618 3373 -1 5872 2445
-1 -1 -1 -1 -1 -1 -1 -1 -1 -1 -1 -1 -1 -1 -1 -1 -1 -1 -1 -1 -1 -1 -1 -1 -1 -1 -1 -1 -1 -1 -1 -1 -1 -1 -1 -1 -1 -1 -1 -1 -1 -1 -1 -1 -1 -1 -1 -1 -1 -1 -1 -1 -1 -1 -1 -1 -1 -1 -1 -1 -1 -1 -1 -1 -1 -1 -1 -1 -1 -1 -1 -1 -1 -1 -1 -1 -1 -1 -1 -1 -1 -1 -1 -1 -1 -1 -1 -1 -1 -1 -1 -1 -1 -1 -1 -1 -1 -1 -1 -1
2868 2948 3695 4105 3020 2870 4659 2938 2573 -1 0 3317 -1 3187 5507 4964 2342 3018 3288 823 2239 2526 3084 2762 2376 3217 2047 3020 2031 2005 3031 3047 3640 2221 3074 2524 2036 3728 2712 -1 2786 2065 4172 3010 636 2786 1902 4608 2916 2841 3803 3277 2453 3376 3157 3602 2188 2313 2568 1719 1250 3413 1884 3021 2753 2744 3868 4693 3460 3167 3269 1227 3210 3591 701 2313 2382 2682 1950 1372 2732 1750 3584 -1 2540 -1 1115 4172 3191 4299 2334 2348 -1 3523 2916 3465 3296 -1 3753 2368
2650 1293 2073 2641 1069 2128 2932 1931 2865 -1 3791 0 -1 2070 4414 3961 2400 3060 2218 2563 1868 1433 2713 3054 754 2949 1318 2754 3451 2297 3227 2198 2127 2148 1047 902 2328 3282 1261 -1 1076 1797 3904 2281 2749 3015 2194 3609 2698 2112 3185 3022 2337 4154 3029 2969 1236 2086 1874 2011 1542 2524 1513 3751 2625 2015 2751 1376 1750 3459 3076 1519 2202 2492 993 2585 2309 2311 2181 2182 1639 2847 2772 -1 2424 -1 1407 3904 2923 2035 1216 2123 -1 3326 2788 3094 2784 -1 3844 951
-1 -1 -1 -1 -1 -1 -1 -1 -1 -1 -1 -1 -1 -1 -1 -1 -1 -1 -1 -1 -1 -1 -1 -1 -1 -1 -1 -1 -1 -1 -1 -1 -1 -1 -1 -1 -1 -1 -1 -1 -1 -1 -1 -1 -1 -1 -1 -1 -1 -1 -1 -1 -1 -1 -1 -1 -1 -1 -1 -1 -1 -1 -1 -1 -1 -1 -1 -1 -1 -1 -1 -1 -1 -1 -1 -1 -1 -1 -1 -1 -1 -1 -1 -1 -1 -1 -1 -1 -1 -1 -1 -1 -1 -1 -1 -1 -1 -1 -1 -1
2248 891 3375 3731 2320 2586 3087 2114 2447 -1 3070 2399 -1 0 5063 4610 2396 2100 2931 2193 1348 2082 3077 3711 2056 2133 1690 4005 3968 1648 3709 2654 2722 1303 2760 2204 2985 2810 2504 -1 2166 2197 4304 2653 3706 2429 2420 3690 2296 2484 3446 2359 1535 2804 3429 3824 2304 3149 3148 14 3255 2318 1877 3005 3025 2387 681 3775 2618 4116 3284 2649 2698 2700 2706 1956 1464 2675 1032 454 2288 3915 2208 -1 1622 -1 2494 4304 3321 3748 2013 1430 -1 3782 3188 2574 1744 -1 3638 1748
4223 2945 2762 4049 2721 3780 4584 2559 3719 -1 5266 4309 -1 3279 0 4992 3089 2388 3651 3335 3077 3085 3016 3671 1443 3309 2410 3945 3928 2790 4759 2887 3296 3327 2584 1591 2945 4834 2822 -1 2484 2157 4264 3373 3438 3571 3651 4591 4350 3204 4588 2647 3559 5091 3389 4506 2888 4174 3526 3293 3194 3396 1816 4623 2985 2883 620 5685 3158 4076 3465 3171 3854 4144 2645 3098 3488 2614 1933 3399 3291 4326 4424 -1 3646 -1 3059 4264 3283 3687 2868 1875 -1 3721 3148 4093 3473 -1 4716 2603
3924 2567 4994 5407 2842 3812 3748 2636 5031 -1 5079 2921 -1 4425 4719 0 4072 2622 3453 2715 4293 2691 4106 3484 3675 3469 2212 4527 5240 2170 2862 4520 3244 1825 3968 3823 2758 3332 3167 -1 3842 3469 5576 3175 4230 2951 3803 2970 3972 3006 3968 2881 2057 4279 4180 5264 2826 3816 3744 3746 4463 3017 3213 4244 3776 2909 5011 4297 4516 3889 2437 3254 3683 1853 3914 2478 1986 3587 1554 976 2897 4437 4605 -1 2144 -1 3016 3263 4556 4956 2907 1952 -1 4546 3939 1727 4352 -1 4337 3424
3378 2021 2103 2671 3423 2158 4178 1961 3761 -1 4096 2375 -1 3553 5126 4333 0 3090 2248 2169 1898 2145 2743 3913 784 2923 1666 3988 4174 1624 3257 2228 2698 1279 1077 932 3219 2786 1444 -1 1106 2431 4538 2629 2779 2405 2892 4367 3426 2460 3215 3349 1511 4216 3634 2999 2777 3153 3433 2316 2452 3674 1543 4075 3230 2363 3350 3751 1780 4318 3834 1824 2232 3250 3347 1932 1440 2341 2211 2212 2351 3326 2802 -1 1598 -1 2470 4538 3557 2202 1246 2153 -1 4000 3393 3124 2814 -1 4994 981
4724 3918 4004 4876 2401 2718 4668 3130 5231 -1 4170 4097 -1 5087 3946 5330 4635 0 4277 4078 3170 4054 1484 2575 2989 4097 3834 4086 5661 3792 3798 3812 3867 4385 3282 2833 1849 5517 2490 -1 3311 4327 6434 1509 4680 4314 3561 5067 4772 4113 5420 259 4572 5540 3045 5081 2244 3078 2313 4377 3908 3856 3748 5083 4438 4531 4102 5473 3985 2980 1528 3885 2589 4391 3359 3841 4546 4546 2409 3536 4260 3855 3362 -1 4659 -1 3773 6176 5453 5675 1998 2807 -1 3411 2804 4265 4044 -1 5176 3186
2196 1468 1960 3679 2348 2198 3197 2691 3692 -1 3647 2801 -1 2730 5445 4502 1670 2677 0 2770 1967 2746 2812 1677 2454 2923 2267 2312 4109 2225 3972 3137 3299 1880 2747 2602 3126 3387 2452 -1 2114 2338 3620 2650 4283 3006 1194 4267 2244 3061 4023 2936 2112 3441 2485 2930 2881 3579 2415 2247 2521 3072 1612 4299 2081 2415 3411 4177 2788 2082 3797 1755 2947 3319 3773 2533 2041 2410 1609 1031 2952 1078 3517 -1 2199 -1 407 4402 3269 3627 1626 2007 -1 2851 2244 3193 2624 -1 4392 1696
5479 4945 7429 6323 5631 4061 6950 4622 6501 -1 7124 6453 -1 4054 7350 6792 5487 4963 5607 0 3934 4369 6447 6585 6110 6187 5484 6599 7189 5702 5743 5765 5359 5357 5250 6258 6191 6399 5096 -1 4758 5710 7817 6030 6186 4629 5481 6403 6350 6278 7500 5222 5589 6457 3809 7055 5167 7102 6085 4068 5959 5358 5554 6585 3405 5035 4735 7829 3646 6253 5870 5812 5591 5286 5501 4156 5518 6352 3895 4508 4575 5529 6161 -1 5676 -1 4694 7817 6836 7689 3988 3938 -1 4175 3568 5160 4729 -1 6678 4340
3846 4234 4523 3270 3998 3628 5039 3538 4011 -1 4346 3378 -1 4090 6228 4344 3781 3944 3848 2379 0 3247 2865 2983 3204 3242 2768 2889 4739 2726 2361 2313 4275 3492 4255 3352 2257 3949 2043 -1 1705 2968 5075 3731 4693 3507 2079 2469 3894 3562 4524 4203 3724 2523 4200 3249 2652 3486 3574 2566 4316 4829 1665 4715 3796 3465 4510 4754 2379 3388 1936 2074 2357 1352 3767 3034 3653 2463 3694 3871 3453 2728 5167 -1 3811 -1 3572 4979 4094 5243 2406 3636 -1 4566 3959 1226 3454 -1 6149 3346
3278 1921 4670 3081 3430 3955 5975 2832 5187 -1 5951 3851 -1 4139 2981 5689 3426 3274 4045 4622 3725 0 4758 5139 3995 4714 3694 5115 5396 4277 5032 3874 3569 4501 3790 3499 4413 5109 3534 -1 3196 3625 5732 3732 5138 5058 4529 4864 3326 4488 5667 3533 4164 6248 4857 4070 3478 3532 4396 4153 4950 3669 3865 4896 4453 4391 3601 5227 3870 5544 4802 3679 4029 4492 4703 4585 4662 3472 2206 3977 206 5056 4599 -1 4251 -1 3742 5732 4351 5628 3043 2148 -1 5223 4616 4366 3706 -1 4989 2778
4428 4340 4864 5300 4394 3804 5481 2007 4600 -1 6147 4261 -1 4093 5939 4864 3876 1993 4110 3702 3864 3678 0 4552 3901 4190 2869 4439 4809 3157 3330 3303 2744 4411 4467 3791 3826 5584 2538 -1 4346 3038 5145 3502 4788 3938 4790 3583 4476 3663 4955 2252 4309 5752 3848 4635 2197 2569 3115 4107 4005 2388 2584 3615 3444 3566 3423 5637 4283 4957 3521 3911 3054 3211 4413 3465 4238 3382 925 3903 3884 3808 3976 -1 4396 -1 4003 5145 4164 5455 1319 1323 -1 4214 3607 3085 4260 -1 3708 3928
2940 2396 3176 3744 2172 645 2093 2621 3919 -1 4894 2906 -1 3173 4962 3376 3503 1839 3321 2005 2971 1981 3323 0 1857 1522 2197 3857 4128 2155 2620 2636 3229 1810 2150 2005 3145 3317 2298 -1 2179 2357 4464 3160 3163 2241 2521 4197 2988 2991 3953 2098 2042 2965 3589 2506 2339 1902 2977 3114 2645 3002 2616 4229 3185 2334 3854 4282 2853 405 3367 2622 2799 3595 2096 1768 1971 3414 1539 961 2187 3950 3875 -1 2129 -1 2306 4464 3483 3138 2319 1937 -1 3955 3348 3699 3289 -1 4322 2054
2780 3429 1319 2606 2932 2739 4151 1177 3209 -1 4756 4021 -1 2769 5210 3549 1646 3214 3054 2182 1634 2368 4389 3161 0 2799 1813 4523 3390 2644 3436 1444 1914 2925 2723 148 2435 4432 1379 -1 1041 1647 3754 2776 1995 2767 2208 4103 3089 2607 4264 3473 2919 4118 2879 4356 2411 3664 3580 2783 4098 3609 3189 3291 2475 2510 3450 5397 1715 3566 3570 2855 3503 2986 3475 2952 3086 2997 2146 2731 2574 3109 4362 -1 3006 -1 2832 3754 2773 3848 2640 2088 -1 3245 2638 2860 2030 -1 4929 2541
3734 2377 3157 3725 2153 3212 4016 2602 3949 -1 4875 2887 -1 3154 5498 4237 3484 1820 3302 2681 2952 2517 3304 3865 1838 0 2178 3838 4466 2136 2601 2617 3210 1791 2131 1986 3412 3298 2279 -1 2160 2881 4988 3141 3347 2917 2502 4105 3782 2972 3934 2079 2023 2946 4113 2487 2320 1883 2958 3095 2626 2983 2597 4210 3709 2315 3835 4263 2834 4270 3348 2603 2780 3576 2077 2444 1952 3395 1520 942 2723 3931 3856 -1 2110 -1 2491 4988 4007 3119 2300 1918 -1 4410 3872 3680 3270 -1 4303 2035
3307 1950 3201 4207 2661 2172 2612 1505 3507 -1 3314 2304 -1 3067 5055 4362 2911 2749 1241 2098 2346 2074 4053 2247 2191 2852 0 3553 3413 1553 3764 2673 2242 1952 2639 2339 2733 2715 1176 -1 2668 1945 4052 963 2018 2334 2435 3700 3355 794 3351 2915 1440 2883 3177 4171 2709 3199 1767 1534 3134 3144 2853 4371 2773 697 3748 3680 3342 2652 3084 1042 2276 3698 2585 1861 1369 2970 1681 1103 2280 2319 2816 -1 1527 -1 1648 4052 3071 3627 2721 2079 -1 3467 2936 3572 3264 -1 4464 2456
1290 1782 2562 3130 1442 2617 3421 2420 3354 -1 3963 489 -1 2559 3546 4450 2889 3549 2707 2508 2357 1922 3202 3508 1243 2859 1807 0 3716 2469 3716 2687 2616 2637 1536 1391 2782 3771 1750 -1 1565 2286 4393 1841 2321 3250 2683 4098 3187 2601 3674 3511 2826 4643 3518 2866 1725 2575 2363 2183 1996 2897 2002 4124 3114 2504 3240 1865 2239 3913 3565 1691 2691 2981 1482 2777 2798 2800 2670 2454 2128 3336 3261 -1 2913 -1 1896 2090 3383 2524 1705 2612 -1 3815 3277 3583 3273 -1 4217 1440
4303 2946 2933 4666 4375 3742 5142 2951 2571 -1 5125 4454 -1 4106 6420 5159 3814 4155 4201 3051 3608 3439 4322 5207 2779 4723 2960 5373 0 2918 4399 3689 3688 3358 3072 1762 4534 4865 3439 -1 3101 1009 5922 2927 3609 3699 3499 5197 4351 3754 4716 4164 3590 3943 3483 4994 1773 4564 3016 2604 3748 2326 3122 3553 3457 3657 4492 5830 3775 4148 5405 3363 2992 4960 2837 3226 3519 3726 3087 2509 3645 3384 3914 -1 3677 -1 3764 5922 4809 6016 2388 3039 -1 3849 3242 4834 4080 -1 3646 2976
2150 1992 3243 3602 2302 2214 2654 1547 3549 -1 3356 2346 -1 3109 3502 4404 2953 2791 1283 545 2388 521 3178 2289 2233 2894 42 2751 3455 0 3612 2380 2284 1994 2681 2381 2775 2757 1218 -1 2710 1987 4062 1005 2060 781 1633 3720 3397 836 1798 2957 1482 2925 3219 3726 2751 1646 1809 1576 3176 2785 2457 4012 2815 739 3790 3722 3350 2694 3126 1084 2318 2603 2627 308 1411 1417 1723 1145 727 2361 2858 -1 1569 -1 846 4094 3113 3669 1856 2121 -1 3509 2978 2477 3306 -1 4105 2498
2515 2357 3608 3967 2667 2579 2678 1912 3914 -1 3721 2711 -1 3474 3867 3692 3318 3156 1648 910 2753 886 3543 2654 2598 3259 407 3116 3820 365 0 2745 2649 2359 3046 2746 3140 3122 1583 -1 3075 2352 4427 1370 2425 1146 1833 3725 3304 1201 2163 3322 1847 3290 3584 4091 3116 2011 2174 1941 3541 3150 2822 4377 3180 1104 3963 4087 3715 3059 3192 1449 2683 2608 2992 673 1776 1782 2088 1510 1092 2726 3223 -1 1934 -1 1211 4459 3478 4034 2221 2486 -1 3874 3343 2842 3604 -1 4470 2756
4423 4107 4103 4441 4575 4087 4588 3937 3741 -1 4571 4736 -1 3301 5742 6329 3412 4565 3673 4219 3536 4011 5014 3693 3949 3331 2432 5580 3950 3985 4916 0 4674 4384 3776 2932 2967 5147 3608 -1 4271 2179 4286 3395 4450 4246 4669 6005 4801 3226 5783 4824 3872 5113 3411 5698 2943 3482 4186 2669 3986 4960 4292 5660 3007 3129 3982 6112 4945 4098 4812 3474 4306 4888 4007 4293 3801 4832 3497 3535 4217 4348 5248 -1 3959 -1 4080 4286 3305 5614 3558 3540 -1 3777 3170 4762 3673 -1 6280 4146
1684 3080 3755 3167 1836 2361 4375 3333 4022 -1 4357 4010 -1 4713 4849 2120 3678 3775 2451 3228 2131 2450 3647 2282 2436 3253 2725 3521 4396 2683 3460 3880 0 3214 3447 2584 4142 3515 1940 -1 1602 3591 5698 2138 4431 3464 2935 4600 1732 3519 4481 4034 2570 4654 4693 3260 2980 3353 2942 2577 3356 3291 2447 4518 4289 3422 3553 5386 2276 2687 4067 2085 1589 3483 3503 2991 3375 2185 2707 3096 2656 3462 3005 -1 2657 -1 2148 5383 2757 5420 1449 2649 -1 4008 4452 3357 2112 -1 4611 1184
2099 742 3169 3582 2165 2283 2999 1892 3894 -1 3323 1096 -1 2600 3847 3539 2247 1992 1628 890 2480 866 3476 2634 1850 1644 387 3096 3800 345 3534 2695 1419 0 2143 1998 3120 1507 1563 -1 2017 2332 4407 1350 2405 1126 1978 4065 2147 1181 2143 2251 232 3270 2355 3675 2332 1991 2154 1921 2638 3130 2609 3437 1951 1084 3281 2472 2691 3039 3471 1429 2663 2948 2089 653 161 1762 2068 1490 1072 2706 3203 -1 319 -1 1191 4439 3172 3131 1864 2466 -1 2721 2114 2822 2527 -1 4169 1599
3455 3059 3215 4144 3607 3338 4179 3012 2684 -1 3019 3871 -1 3732 5027 5445 3542 3454 2808 2070 2573 2046 4435 3814 1896 1915 1567 3582 4381 1525 4333 3340 3749 3471 0 2044 3110 4282 2743 -1 2579 2610 4717 2530 3585 2306 3158 4907 4464 2361 3323 3713 3007 4450 3596 1922 3374 3171 3129 1239 4043 3543 3235 4230 3438 2264 4413 5247 3253 4219 2789 747 3412 3790 3720 1833 2936 2942 2386 2622 2252 3505 3982 -1 3094 -1 2371 4717 3736 4851 2426 2328 -1 3962 3355 3799 2705 -1 4863 2161
3068 3281 1171 5562 3220 2591 4003 3170 5172 -1 4979 3969 -1 4613 5637 5322 3553 4229 2906 2034 3162 2656 4295 3912 3856 4183 1665 4905 3242 2496 4242 4258 3907 3432 4148 0 4398 4380 2841 -1 3997 3610 5717 2628 1847 3277 2060 5365 4127 2459 4294 4488 2771 4216 4368 4644 4374 3524 3432 3199 4004 4624 3095 4819 3964 2362 4596 5345 4671 4317 4749 2707 3941 4514 4250 2804 3034 3893 3161 2583 2862 2961 4481 -1 2858 -1 3313 5717 4736 5292 2492 3559 -1 3488 4127 4388 2318 -1 5944 3466
2875 3122 3902 4358 2898 1371 2819 3347 4040 -1 2321 2921 -1 3600 5445 4102 3137 2565 2711 2488 3322 2464 2761 726 2583 2248 1985 4583 3812 1943 1949 1963 3955 2536 2876 2731 0 4043 3024 -1 2793 2478 4585 2948 2957 2724 3247 4923 2923 2264 3741 2824 2768 3691 3710 3232 395 1229 3703 3004 3371 2672 3342 3899 3306 2682 4281 4297 3467 1131 4093 2512 3338 4321 2822 2251 2697 3360 2265 1687 2670 2006 4196 -1 2855 -1 2789 4585 3604 3864 2640 2663 -1 4076 3469 4420 3303 -1 3992 2375
4684 3486 3321 4834 3262 2983 4431 3711 4204 -1 1816 3996 -1 3764 6205 5529 4158 2929 4136 2639 3999 3626 4413 2338 2947 1292 2895 4836 3847 3245 3710 3726 4319 2900 3240 3095 3430 0 3388 -1 3269 2642 4749 3858 2452 4026 3611 2880 4732 3689 5043 3188 3132 4055 3874 3596 3406 2992 4067 3535 3066 4092 3700 4837 3470 3424 4445 5372 3171 2743 4457 3043 3889 4685 2517 3553 3061 4498 2629 2051 3832 3566 4965 -1 3219 -1 2931 4749 3768 4228 3409 3027 -1 4240 3633 4789 4136 -1 5412 3144
6389 5440 6149 7078 6541 6008 7113 5946 5618 -1 5953 5794 -1 6372 7961 7983 6080 6388 5742 5004 5132 4980 6951 6748 4830 4849 4501 6516 7213 4459 6886 5063 6117 4698 5971 4978 6044 6205 0 -1 5513 4894 7651 5464 6519 5240 6092 6338 6845 5295 6257 5434 4930 6395 6112 4856 5658 6105 5645 4173 6014 4592 5751 5819 5723 5198 6979 7170 6187 7153 5723 3681 5258 6484 6654 4767 4859 5876 5320 5556 5186 6439 6180 -1 5017 -1 5305 7651 6670 5553 4875 5262 -1 6478 5871 6358 5639 -1 5912 5095
-1 -1 -1 -1 -1 -1 -1 -1 -1 -1 -1 -1 -1 -1 -1 -1 -1 -1 -1 -1 -1 -1 -1 -1 -1 -1 -1 -1 -1 -1 -1 -1 -1 -1 -1 -1 -1 -1 -1 -1 -1 -1 -1 -1 -1 -1 -1 -1 -1 -1 -1 -1 -1 -1 -1 -1 -1 -1 -1 -1 -1 -1 -1 -1 -1 -1 -1 -1 -1 -1 -1 -1 -1 -1 -1 -1 -1 -1 -1 -1 -1 -1 -1 -1 -1 -1 -1 -1 -1 -1 -1 -1 -1 -1 -1 -1 -1 -1 -1 -1
2507 3727 4001 1565 2659 3677 4942 2750 3639 -1 5180 4081 -1 3199 5076 3979 2076 3192 3571 3175 2064 2095 4676 3591 2860 3229 2330 3603 3848 3330 4425 4304 3487 2985 3153 2830 2865 4492 338 -1 0 2077 4184 3058 2988 3197 4049 4533 3591 3124 5128 3451 3217 4548 3309 4083 2841 4094 3500 3213 4528 3587 3619 3721 2905 3027 3880 5360 674 3996 4000 2908 4253 3416 3905 3638 3146 1956 2124 3433 2301 2557 4864 -1 3304 -1 3262 4184 3203 4278 3308 2066 -1 3675 3068 3290 1757 -1 4907 3043
3294 1937 1924 3657 3366 3144 4133 2947 1562 -1 4116 3445 -1 4155 6196 4150 3416 3146 3234 2787 2599 3215 3313 4665 1770 3714 2418 4558 3995 2694 3390 2680 3684 2349 2063 753 4031 3856 2430 -1 2092 0 5350 3381 2600 3475 2490 4736 3342 3212 4201 3155 2581 2934 2474 3985 764 4139 2007 1595 3438 3541 2113 3776 4071 3115 3483 4821 2766 3139 4396 2354 2768 3951 1828 3002 2510 2911 2078 1500 3421 2375 3385 -1 2668 -1 3540 5350 4367 5375 1379 2476 -1 2840 2233 3825 3071 -1 4861 1967
1180 2404 2857 2663 1332 1857 3877 2654 3424 -1 3033 2758 -1 2984 4429 4026 3174 3054 1947 2552 1627 1946 3143 3337 1538 2509 2049 3017 3633 2007 2715 2982 3081 1662 2679 1686 2611 1217 1436 -1 1098 1862 0 1634 3533 2788 2431 2823 1228 2843 3805 3087 1894 4150 3094 1530 2476 2849 1939 2073 2852 2787 1943 3706 2690 2746 3049 4134 1772 3742 2290 1581 1931 1706 3540 2315 1823 1681 1986 1408 2152 62 2501 -1 1981 -1 1644 3969 2253 4793 945 1970 -1 3460 2853 1580 1608 -1 4107 680
3285 2409 3479 4766 3437 1209 4048 3268 5099 -1 5709 2588 -1 4627 5526 3940 3806 3254 3001 2569 3794 2545 4319 4678 2160 2827 2772 4775 5377 4215 5012 3528 4005 4435 3321 2308 4562 5335 981 -1 3201 3801 5908 0 4155 2805 3657 4844 3552 3566 5773 1952 4212 5590 4738 4612 3458 2794 804 3929 3776 3649 3119 4876 4629 3469 5308 3964 3875 5083 4782 3437 1313 4472 3172 2332 4141 3917 2186 3586 2751 4079 1853 -1 4299 -1 2870 5908 4577 4623 3269 2584 -1 5104 4497 4346 2535 -1 4969 3004
2232 2327 3809 3715 2384 2234 4584 2396 3728 -1 4063 2681 -1 2766 5432 4946 1706 2382 2999 187 1603 2451 2448 3669 2490 2959 1972 3693 1395 1930 2395 2411 3004 1585 2783 2638 2943 3092 2076 -1 2150 2404 4978 2686 0 2711 2296 3972 2280 2766 3728 2641 1817 2740 2521 2966 2586 1677 2948 2283 2157 2777 1248 4004 2117 2669 3447 4057 2824 3814 3539 1791 2574 2955 3674 2238 1746 2046 1314 736 2657 1114 2948 -1 1904 -1 2696 4978 3305 3663 1997 1712 -1 2887 2280 2829 2660 -1 4097 1732
3260 1904 4388 4069 3333 3599 3969 3127 4772 -1 4083 2459 -1 4122 5516 5855 3409 3113 3944 3206 3708 2961 3711 4724 3069 3960 2703 1970 4981 2661 4871 3667 3735 2316 3506 3217 3998 3823 2842 -1 2504 3210 3281 3666 4291 0 852 4703 3309 3497 4459 3372 2548 3877 4223 4811 3317 4293 4161 2461 3966 3508 3704 4735 3819 3400 3179 3835 3178 5129 4641 3661 3565 4331 3452 2969 2477 3762 2045 1467 3167 3343 3352 -1 2635 -1 65 4060 4334 4494 1075 2443 -1 4589 3982 4205 2623 -1 4828 2761
2521 4030 5390 5190 2673 4163 6354 4866 4042 -1 4759 4847 -1 5638 5090 6564 4763 4304 4874 4245 2943 2109 2859 5926 4071 3728 3742 4358 6534 3700 5304 5256 4444 5149 4615 4219 5200 6457 4053 -1 4644 4785 6724 3072 5395 4481 0 5412 5100 4427 5498 4029 5182 5427 5448 4097 4338 4861 3876 1609 5110 3624 3732 4600 5044 4439 2536 6223 5318 6331 4879 2922 4290 4295 4561 4008 5111 4530 3784 4487 2315 4171 4925 -1 5207 -1 4546 6448 5868 5603 432 4182 -1 5637 5207 4169 1771 -1 4944 4336
3306 2140 4567 4980 3458 3179 4397 3290 5146 -1 4721 2494 -1 3998 5245 3996 3645 3390 3026 2288 3878 2264 4874 3619 3248 3042 1785 2016 4918 1743 4932 4093 1876 1398 3541 3396 4372 2905 2951 -1 3415 3584 5691 1970 3803 2524 3376 0 3545 2579 3541 3649 1630 4668 3753 2459 3730 3389 2774 3319 4012 4321 4007 4835 3349 2482 4679 3870 4089 4024 4869 2827 3283 4327 3487 2051 1559 3160 3466 2888 2470 4104 3823 -1 1717 -1 2589 4106 4570 4529 3262 3660 -1 3487 3512 4220 3242 -1 5567 2997
1130 1569 3997 3799 1282 2707 3208 3550 3468 -1 3803 2810 -1 3787 3201 5438 3074 3992 3483 2839 3357 718 4062 4598 2680 2699 2351 2321 5044 2309 4702 3522 3552 4255 3438 2828 3894 4757 2662 -1 2844 3273 5380 1681 4369 3090 1203 5582 0 3036 4107 3633 3791 4635 3736 2706 2636 3470 2485 2023 4185 2737 2933 3964 3793 3048 3739 4186 3518 3396 3573 1531 2994 4574 3602 2617 3720 3427 2924 3406 924 3981 3534 -1 3878 -1 416 4411 3999 4845 1635 2866 -1 2276 3495 4583 380 -1 4057 2426
2643 1915 2407 3645 2795 2645 3644 2420 3173 -1 2520 3248 -1 3177 4528 4946 2117 2406 447 1571 2074 1547 3259 2124 1397 2859 1068 2759 3882 1026 3938 2841 3157 2327 2538 1545 2611 3783 2244 -1 2080 2111 4067 2031 3086 1807 1641 3996 2691 0 2824 2665 2508 3888 2932 3377 2610 2672 2835 740 2968 2801 2059 3731 2528 1765 3858 4624 2754 2529 2290 248 2913 3426 3221 1334 2437 2443 1338 1478 1753 1525 3483 -1 2595 -1 854 4218 3237 4074 1927 1736 -1 3298 2691 3300 2470 -1 4121 1662
3671 4285 3783 2893 3823 4385 5702 4078 4855 -1 5685 3880 -1 4415 2019 5941 4038 4407 3394 4646 3291 3259 4355 4807 3355 4445 3546 4931 5064 4658 5484 1114 3989 4313 4603 2612 4081 5539 3964 -1 3626 3293 5400 3881 4459 5159 4588 5760 3756 4340 0 4666 4545 5814 4525 5247 4057 2823 4467 3783 5100 4915 3835 5683 4121 4243 2639 5256 4300 5212 5227 4072 4459 4643 4664 4966 4474 3284 3452 4425 3465 2590 5029 -1 3862 -1 3801 5400 2553 5706 3473 3394 -1 4891 4284 4517 2921 -1 6235 3208
4535 3659 4729 5821 4450 2459 5298 3599 6246 -1 4135 3838 -1 5451 6776 5190 4464 3940 4251 3819 2911 3795 4745 5894 3410 4077 4022 5800 6166 4519 4976 4778 4336 5372 4227 3558 5168 6585 2231 -1 4256 4687 6537 1250 4771 4055 3302 5380 4802 4816 6317 0 5355 5434 2786 5862 4144 4044 2054 4911 4923 4335 3545 5562 5391 4612 5069 5214 4037 5230 4847 4687 2563 4263 4374 3582 5284 4343 2872 4836 4001 5329 3103 -1 5442 -1 4120 6794 5813 5416 2965 2915 -1 3152 2545 4137 3785 -1 5655 4254
1867 510 3259 3350 2019 2327 2767 1660 3662 -1 3469 2440 -1 2368 3615 4517 2015 2904 1396 658 2248 634 3291 2402 2346 1412 155 2864 3568 113 3302 2463 2397 2107 2379 2088 2888 2870 1331 -1 1785 2100 4175 1118 2173 894 1746 3833 1915 949 1911 3070 0 3038 2123 3443 2864 1759 1922 1689 3289 2898 2570 3205 1719 852 3049 3816 2459 2807 3239 1197 2431 2716 2740 421 1524 1530 1836 1258 840 2474 2971 -1 87 -1 959 4207 2940 3782 1632 2234 -1 2489 1882 2590 2295 -1 3937 1367
3830 3434 3590 3927 3982 3713 4554 3387 3059 -1 3394 4246 -1 4107 5402 5820 3917 2310 3183 2445 2948 2421 3794 4189 2271 2290 1942 3957 4756 1900 4537 3715 4124 3846 3412 2419 3485 4657 2700 -1 2362 2985 5092 2753 3960 2681 3533 4645 4839 2736 3698 2569 3382 0 3971 2297 3749 3546 3504 1614 4322 3918 3610 4605 3813 2639 4788 5622 3036 4594 3164 1122 3787 3528 4095 2208 3311 3317 2761 2997 2627 3880 4357 -1 3469 -1 2746 5092 4111 5226 2801 2703 -1 4337 3730 3402 3080 -1 5238 2536
2567 1210 3781 3035 1988 2916 4380 1168 3463 -1 4233 3140 -1 3023 5100 3762 1678 1154 3271 2504 125 2839 2638 3108 2462 3053 2030 3014 3672 2318 2486 2438 1642 2675 1441 2610 2382 4074 1699 -1 1470 1901 4008 2663 3949 3099 2204 2594 2615 2824 4116 1413 2907 2648 0 3363 1358 3611 2276 2680 2150 1549 1745 2776 2605 2727 3704 4516 2144 3513 2061 2188 2215 1477 1692 2626 2836 2543 86 3133 3045 2853 3137 -1 2994 -1 2915 4008 3027 3880 1832 484 -1 366 2768 1351 2995 -1 2869 2067
1533 1914 2830 3165 1685 3284 3990 2883 2687 -1 4206 3682 -1 2247 4102 5275 3159 3511 2619 3257 2152 1121 4438 2639 2895 2277 1378 3370 2459 2712 2877 3805 3620 3330 3188 1878 1913 4093 2554 -1 3189 1125 3232 2084 3396 3192 3615 2985 3319 2172 4510 3770 2818 4059 2357 0 1889 3142 2888 2261 3867 3140 3238 4367 1953 2075 2928 5058 3863 3044 2452 1934 3397 1868 2953 3020 2747 3556 2443 2481 1327 2862 3937 -1 1491 -1 3026 3232 2251 5005 2504 2486 -1 2723 2116 3378 783 -1 4460 2771
2729 4125 4406 4212 2881 3406 5426 4203 4849 -1 5402 5055 -1 4409 5978 5575 4723 4645 3496 4273 3176 3495 4692 4801 3087 4298 3540 4566 5058 3728 4505 4531 4940 4259 4228 3235 4075 4560 2985 -1 2647 3287 5394 3183 5082 4509 3980 5645 2777 4212 5526 4636 3615 5699 4519 4305 0 4398 3488 3622 4401 4336 3492 5563 4115 4237 4598 6431 3321 5206 5112 3130 3480 4528 5089 4036 4420 3230 3577 3917 3701 1611 4050 -1 3702 -1 3193 5394 3802 6564 2494 3519 -1 4885 4278 4402 3157 -1 5656 2229
3119 2752 3173 3289 2761 3230 3670 2563 2811 -1 4358 1692 -1 2371 4812 5399 3969 2936 2299 3156 2606 2707 1532 2763 2446 2401 1058 4446 2583 2611 3986 734 3300 3010 2739 2002 2037 3773 2234 -1 2768 1249 3356 2021 3076 3316 3493 4619 3871 1852 4409 3195 2498 3941 2481 4661 2013 0 2825 2385 3234 3424 3205 4651 2077 1755 3052 3068 3442 3168 3882 2100 3334 3958 2685 2919 2427 3680 1961 2161 2913 2986 3874 -1 2585 -1 2706 3356 2375 3727 2628 1903 -1 2847 2240 3832 2369 -1 4744 2643
5341 4217 4997 5565 3993 3607 5856 4442 4570 -1 4905 4727 -1 4495 6913 6260 5324 3660 4694 3956 4059 3932 5144 4887 3678 2023 3453 5468 4941 3411 4441 4015 5050 3631 3971 3826 4161 5138 3379 -1 4000 3373 5480 2398 5187 4192 4342 5290 5622 4247 5209 1148 3863 4786 3934 3808 4137 3723 0 3125 4151 3957 4153 5184 4201 4150 5176 6103 3902 5292 4675 2633 3711 5411 3917 3719 3792 4828 3360 2782 4138 5391 4251 -1 3950 -1 4257 5480 4499 4505 3969 3758 -1 4300 3693 5285 4591 -1 5277 3875
2480 3943 4117 4599 2632 3720 5550 3701 2433 -1 5153 4712 -1 4084 5049 5678 3792 3386 3862 3029 1334 2068 4014 4317 2798 2119 2938 4223 4925 2896 3695 3647 4438 3727 3091 2946 3591 5234 3377 -1 3039 3469 5576 3031 4704 3677 3413 3803 3491 3415 4694 3645 3959 3818 3839 4056 2729 3819 3835 0 3726 2304 2814 2991 3435 3635 4691 6088 3713 4722 3270 2881 2970 2686 3643 3204 3888 3612 3075 2878 2274 4062 3892 -1 3598 -1 3742 5576 4259 4685 2587 3017 -1 4205 3598 2560 1730 -1 3624 2995
3661 3597 3492 5088 3684 2157 3605 3555 4388 -1 3107 3707 -1 3948 6231 4888 3923 3351 3497 3274 2512 3250 3547 1512 3369 3034 2771 4227 4597 2729 2735 2749 4029 3322 3662 3517 786 4829 3810 -1 3579 2826 4933 3734 3743 3510 2646 4981 3709 3050 4527 3610 3554 4477 2387 4018 1181 2015 2903 3790 0 3458 3215 4685 3654 3283 4629 5083 3381 1917 4448 3298 4077 3864 3608 3037 3483 4013 2473 2473 3456 2792 4982 -1 3641 -1 3575 4933 3952 4650 3078 2871 -1 2753 3817 3738 4089 -1 4778 3161
2622 2616 2476 3751 2774 1416 3423 1397 3051 -1 4125 3115 -1 2611 4271 3391 1488 1839 2052 1314 1476 1290 3323 3003 1513 2641 811 3047 3260 769 2294 2957 2134 2429 2565 1661 2277 3526 1188 -1 2554 1489 3596 1774 2400 1550 2402 3429 3003 1605 2567 2098 2251 3694 2721 4071 2043 2415 2578 2345 3129 0 2430 1227 2317 1508 2387 4491 3228 3408 3367 1853 666 2828 2557 1077 2180 1400 771 1914 1496 3130 1588 -1 2338 -1 1615 3596 2615 3690 283 713 -1 3087 2480 2702 1872 -1 1320 2455
3735 2569 4566 5134 3562 3608 4826 3207 5331 -1 5150 2493 -1 4427 5674 4657 3470 3193 3455 2717 4307 2693 1200 4048 3247 3471 2214 2445 3283 2172 3550 4503 3246 1827 2647 3395 4142 3334 3380 -1 3569 4159 6036 2399 4232 2953 3625 4783 3974 3008 3970 3452 2059 5097 4182 4569 3397 3769 3203 3748 4035 3588 0 4815 3778 2911 3643 3869 4243 4453 4721 3256 3712 4411 3486 2480 1988 798 2125 3127 2899 2878 4252 -1 2146 -1 3018 4535 4999 4528 1539 2523 -1 4548 3941 4285 4354 -1 4908 3426
5103 3746 5491 4726 4487 4072 6003 4360 3657 -1 5997 4645 -1 4989 6851 6754 5129 4154 4632 3894 3468 3870 4313 5381 4172 2517 3391 5558 5435 3349 3717 4951 4968 3549 4465 4320 4655 4181 3572 -1 3234 3867 5974 4354 5409 4130 4462 5936 5151 4185 5147 4395 3236 3341 5099 4821 3953 4217 5158 4645 4022 3990 3113 0 4695 4088 2902 6021 3908 5786 5404 4433 4656 4820 4411 3657 3710 3911 3278 2700 4076 4537 4716 -1 3323 -1 4195 5974 4993 5453 798 3676 -1 5465 4858 4694 4991 -1 5310 1850
2897 1540 4024 3439 2392 3088 3545 1217 3096 -1 3719 3048 -1 649 5504 4074 2082 1558 3320 2842 529 2731 3042 3180 2705 2782 2079 3418 3784 2297 2338 2842 1954 1952 1845 2853 2786 2994 2103 -1 1874 2305 4412 3042 2781 1594 2446 2998 2945 2873 4095 1817 2184 3052 404 3767 1762 3798 2680 663 2554 1953 2149 3180 0 1630 1330 4424 2548 2848 2465 2407 2619 1881 2096 2605 2113 2947 490 1103 2937 3257 2857 -1 2271 -1 1659 4412 3431 4284 583 533 -1 770 163 1755 2393 -1 3273 2397
3229 2734 3793 4559 3381 2195 1915 808 4097 -1 4484 4456 -1 3657 4950 3665 3616 3389 3213 1927 1649 3531 4514 1550 2474 3072 2788 4538 4306 3432 3067 3918 1545 3360 2965 2622 3323 4867 3332 -1 2994 2535 4642 3683 4469 3791 3728 4118 2842 2766 2931 3648 3592 3169 3767 4056 2181 3452 3687 3506 3674 4427 3314 4614 3363 0 4338 5832 3668 1955 3585 3014 1636 3001 3245 3318 3521 3730 2964 2511 3737 3792 4529 -1 2680 -1 3258 4642 3661 4688 2994 2906 -1 4133 3526 2875 3222 -1 4857 2729
3682 2325 3105 3673 2101 3160 3964 2963 3897 -1 4823 3689 -1 3102 5446 4993 3432 1768 3250 2715 2900 2465 2396 3813 1786 3981 2212 3641 4479 2170 4259 3230 3159 3023 2079 1934 3166 4281 2293 -1 2108 2829 4188 3175 3781 2951 3226 4641 3730 3006 3968 2027 3006 5095 3240 4001 2268 3816 2906 3043 2574 3556 1196 4783 3657 2263 0 5065 2782 4218 2845 2551 3234 3524 2025 2478 2935 1994 3213 2779 2671 3879 3804 -1 3093 -1 2439 4936 3955 3067 2248 3155 -1 3101 2999 4126 3816 -1 4876 1983
5537 5018 3640 6787 5689 5060 6472 3493 3962 -1 7448 6438 -1 6027 8106 6350 6022 6698 5375 1973 5631 5125 6764 6381 6325 6372 4134 5978 5711 4965 5752 6713 4230 5360 6617 2469 6008 6849 5310 -1 5222 5220 7327 5097 4316 5746 4529 7834 5962 4928 6580 6957 5240 4471 5782 6768 5984 5993 5901 5668 6473 7093 5564 7288 5378 4831 6708 0 5619 6786 7218 5176 5819 6891 6719 5273 5503 6362 5630 5052 5331 5430 6950 -1 5127 -1 5782 7327 6346 7761 4961 5911 -1 5957 5541 6765 4787 -1 8413 5414
1833 3342 4578 3066 1985 3003 4805 3232 4171 -1 4506 3822 -1 3535 4402 4913 2475 3674 3434 3557 3415 1421 4836 4263 3259 3402 2193 3670 4520 3012 4777 3942 3969 3577 3552 3407 3537 4832 1839 -1 1501 2749 4856 2384 4211 3793 4252 5217 3049 2987 4810 3933 3633 5076 3290 3409 3513 4173 2826 2726 4673 3440 3636 4667 2886 2890 4216 4686 0 4668 4276 2234 3697 4767 4577 3320 3562 3457 2606 3296 1627 1883 4237 -1 3720 -1 3465 4856 3875 4432 2766 2548 -1 3656 3049 4641 1083 -1 4760 2501
2535 3269 3566 4010 2687 240 1688 3363 3514 -1 5001 4004 -1 3074 4557 2971 3893 2577 3302 1600 2982 1576 4061 3466 2247 1117 2205 3806 3723 3253 3718 3691 4100 2908 2352 2395 2740 4366 2783 -1 2445 1952 4059 2989 4223 1836 2688 4392 2583 2999 5051 2836 3140 4063 3184 3604 2716 3000 3460 3088 3743 3068 2882 4295 2780 2902 3755 5380 3119 0 4105 2729 3286 4259 2203 1363 3069 3036 2637 2059 1782 4121 3856 -1 3227 -1 1901 4059 3078 4236 2300 2679 -1 3550 2943 4133 2963 -1 4388 2035
3196 3443 4223 3673 3219 1692 3140 1602 3703 -1 2642 3242 -1 3921 5766 4423 3458 2886 3032 2809 3643 2785 3082 1047 2904 2569 2306 4150 4133 2264 2270 2284 2339 2857 3197 3052 321 4364 2446 -1 2108 2799 4906 3269 3278 3045 3032 3980 3244 2585 4062 3145 3089 4012 4031 3553 716 1550 4024 2849 2380 2993 3663 4220 3627 3003 2574 4618 2782 1452 0 2357 3659 2863 1831 2572 3018 3681 2586 2008 2991 2327 4099 -1 3176 -1 2245 4906 3925 4185 470 2984 -1 4397 3790 2737 3624 -1 4313 2696
2928 2770 2468 3397 3080 2591 3432 2265 2925 -1 2272 3124 -1 2985 4280 4698 2795 2707 2061 1323 1826 1299 3877 3067 1149 2611 820 2835 3634 778 3690 2593 3002 2772 2290 1297 2363 3535 1996 -1 1832 1863 3970 1783 2838 1559 2411 4295 3924 1614 2576 2966 2260 3703 3095 4212 2627 2424 2587 492 3522 2796 2677 3483 2691 1517 3666 4500 2506 3472 2042 0 2665 3178 2973 1086 2189 2195 1639 1923 1505 2758 3235 -1 2347 -1 1624 3970 2989 4447 1679 1581 -1 3461 2854 3052 2222 -1 4116 1414
3627 3156 2166 3453 3779 3586 4885 1963 3786 -1 4712 4489 -1 3616 6057 4396 2493 2405 1688 3029 2481 3215 3889 3365 847 3646 2660 4000 4237 3218 4163 2291 2700 3568 3570 995 3249 5075 2226 -1 1888 2494 4601 3623 2842 3614 2882 3995 3932 3454 5016 2664 3766 4965 3726 4618 2609 4478 3527 2932 2463 2800 2996 4027 3322 3357 4297 5865 2562 3770 3933 2440 0 3623 1914 3526 3729 3794 1337 2719 3421 2766 4388 -1 3853 -1 2095 4601 3620 4695 3083 1279 -1 4092 3485 3497 2877 -1 4120 3384
3524 3257 4617 4257 3676 2276 3687 2186 4287 -1 3226 3611 -1 4483 4876 4701 4042 3470 2657 1919 3762 1895 3666 1631 3488 3153 1416 3133 4717 1374 1009 2868 2923 2515 3781 3636 905 2597 2592 -1 2692 3361 5436 2379 3434 2155 2842 1117 3828 2210 3172 3729 2747 4299 4593 3576 1300 2134 3183 2950 2964 3577 3831 4804 4189 2113 3158 4987 3366 2036 584 2458 3692 0 2415 1682 2676 2791 3097 2519 2101 2911 4232 -1 2834 -1 2220 5223 4487 4769 1054 3495 -1 4604 4352 3321 4208 -1 4897 3280
3454 3296 2994 3923 3606 3117 3958 2237 3451 -1 2798 2760 -1 3511 4806 5094 3321 3233 2587 1849 2352 1825 4403 3593 1675 3137 1346 3361 2458 1304 4216 3119 2974 3298 2816 1823 2889 4061 2522 -1 2358 2389 4496 2309 3364 2085 2937 4821 4264 2140 3102 3492 2786 4229 3621 4110 1487 2950 3113 1018 4048 3322 3203 4009 3217 2043 4192 4136 3032 3998 2568 526 2834 3704 0 1612 2715 2721 2165 2449 2031 3098 3761 -1 2873 -1 2150 4496 3515 4742 2205 2107 -1 3987 3380 3578 2748 -1 4642 1940
1842 2134 3547 3294 1994 3602 4210 3045 4180 -1 4515 2932 -1 4291 3194 5206 3639 3487 4195 237 3862 213 4184 3845 2228 3411 3063 2443 5240 3021 5245 3672 3782 2789 3979 2376 4471 4296 3315 -1 2977 3683 3754 2393 4215 473 1325 5077 3539 3748 4819 3746 3021 4350 4046 3418 3691 3745 3197 2735 4439 3449 3645 4676 3642 2295 3652 4308 3651 4250 4285 2243 3706 4705 3925 0 2950 3685 2419 1940 419 3816 3825 -1 3108 -1 538 4533 4564 4967 1548 2361 -1 4412 3805 4579 3096 -1 4769 2991
1938 581 3008 3421 2004 2122 2838 1731 3733 -1 3162 935 -1 2439 3686 4149 2086 1831 1467 729 2319 705 3315 2473 1689 1483 226 2935 3639 184 3373 2534 2029 610 1982 1837 2959 1346 1402 -1 1856 2171 4246 1189 2244 965 1817 3904 1986 1020 1982 2090 71 3109 2194 3514 2171 1830 1993 1760 2477 2969 2448 3276 1790 923 3120 2311 2530 2878 3310 1268 2502 2787 1928 492 0 1601 1907 1329 911 2545 3042 -1 158 -1 1030 4278 3011 2970 1703 2305 -1 2560 1953 2661 2366 -1 4008 1438
2937 1771 4198 4611 3089 2810 4028 2921 4533 -1 4352 2125 -1 3629 4876 4568 3276 3021 2657 1919 3509 1895 4505 3250 2879 2673 1416 1647 4829 1374 4563 3724 2448 1029 1849 3027 3344 2536 2582 -1 3046 3361 5238 1601 3434 2155 3007 4873 3176 2210 3172 3280 1261 4299 3384 3771 3361 3020 2405 2950 3643 3952 3638 4466 2980 2113 4310 3501 3720 3655 4340 2458 2914 3756 3118 1682 1190 0 2907 2329 2101 3735 3454 -1 1348 -1 2220 3737 4201 4160 2893 3291 -1 3750 3143 3630 3556 -1 5198 2628
3503 3894 3939 4375 3469 2879 4556 1082 3675 -1 5222 4003 -1 3168 5014 3939 2951 1068 3185 2777 2939 2753 2552 3627 2976 3265 1944 3514 3884 2232 2826 4302 1819 3486 4028 2866 2901 4659 1613 -1 3421 2113 4220 2577 3863 3013 3865 2658 3551 2738 4030 1327 3384 4827 2923 3710 1272 3878 2190 3182 3080 1463 1659 2690 2519 2641 3849 5379 4095 4032 2596 2986 2129 2286 3941 2540 3313 2457 0 3047 2959 2883 3051 -1 3471 -1 3078 4220 3239 5153 1746 398 -1 3289 2682 2160 3335 -1 2783 3003
2948 1591 4018 4431 1866 3132 3848 1660 4082 -1 4172 1945 -1 3449 4696 4388 3096 1646 2477 1739 3329 1715 3130 3483 2699 2493 1236 3551 4462 1194 3404 3544 2268 849 2992 2847 3479 2356 2191 -1 2866 2520 4798 2199 3254 1975 2827 3236 2996 2030 2992 1905 1081 3303 3204 4288 1850 2840 2768 2770 3487 2041 2237 3268 2800 1933 4130 3321 3540 3888 3174 2278 2707 2864 2938 1502 1010 2611 578 0 1921 3461 3629 -1 1168 -1 2040 4798 3817 3980 2324 976 -1 3570 2963 2738 3376 -1 3361 2448
5154 5037 5945 2875 5042 5881 6886 4060 5583 -1 7130 5018 -1 5143 7480 5923 4020 4502 5515 5119 4008 4742 4858 5535 4727 5173 4274 4913 5792 4640 6260 4060 4797 4295 5020 4774 4809 5802 5047 -1 5049 4021 6128 4867 4932 5141 5993 6092 5535 5068 5461 4761 4527 6492 5253 3864 4706 3326 5624 5157 5515 4465 4137 5665 4849 4971 5824 6394 5723 5940 5944 5316 5131 5360 4966 4948 4456 3266 3434 3771 0 6046 6053 -1 4614 -1 5206 6128 5147 6008 4748 3376 -1 5619 5012 5234 4404 -1 5785 4924
1118 2514 2795 2601 1270 1795 3815 2592 3362 -1 3791 3444 -1 2922 4367 3964 3112 3034 1885 2662 1565 1884 3081 3314 1476 2687 2053 2955 3571 2117 2894 2920 3329 2648 2617 1624 2588 2949 1374 -1 1036 1800 3907 1572 3471 2898 2369 4034 1166 2847 3915 3025 2004 4088 3032 2694 2414 2787 1877 2011 2790 2725 1881 3952 2628 2750 2987 4820 1710 3719 3501 1519 1869 2917 3478 2425 2809 1619 1966 2916 2090 0 2439 -1 2091 -1 1582 3907 2191 4953 883 1908 -1 3398 2791 2791 1546 -1 4045 618
1432 2904 4114 4101 1584 3192 4611 3504 3752 -1 4105 2633 -1 3312 4001 5923 4409 3877 3240 3156 3547 1020 2473 3704 2982 3001 1999 2970 3524 2611 4179 1675 4241 3316 3680 2943 2978 4714 2964 -1 3504 2190 4281 1983 4017 1000 1852 4287 4309 2793 4409 3935 3439 4877 3422 3008 2954 941 2787 2325 4175 3039 3235 4266 3018 2696 3993 4009 4178 4109 3754 1833 3296 3170 3626 2919 3368 4028 2902 2467 1226 3927 0 -1 3526 -1 1065 4297 3316 4668 2075 2844 -1 3788 3181 4773 682 -1 4359 3247
-1 -1 -1 -1 -1 -1 -1 -1 -1 -1 -1 -1 -1 -1 -1 -1 -1 -1 -1 -1 -1 -1 -1 -1 -1 -1 -1 -1 -1 -1 -1 -1 -1 -1 -1 -1 -1 -1 -1 -1 -1 -1 -1 -1 -1 -1 -1 -1 -1 -1 -1 -1 -1 -1 -1 -1 -1 -1 -1 -1 -1 -1 -1 -1 -1 -1 -1 -1 -1 -1 -1 -1 -1 -1 -1 -1 -1 -1 -1 -1 -1 -1 -1 -1 -1 -1 -1 -1 -1 -1 -1 -1 -1 -1 -1 -1 -1 -1 -1 -1
1780 423 3172 3263 1932 2457 4477 3429 3689 -1 4453 2353 -1 2641 5029 5188 1928 3871 2547 3324 2227 2546 3743 3641 2497 3216 2380 3617 3898 2779 3215 2376 4166 3207 2292 2001 2915 3611 2036 -1 1698 2127 4234 2234 3848 2712 3031 4696 1828 3174 4577 4130 2666 4750 3359 3356 2891 3449 3038 2655 3452 3387 2543 4614 2955 3077 3322 3729 2372 4046 4163 2181 2531 3579 3346 3087 3368 2281 2803 3095 2752 3558 3101 -1 0 -1 2244 4234 2853 4130 1545 2745 -1 3725 3118 3453 2208 -1 4707 1280
-1 -1 -1 -1 -1 -1 -1 -1 -1 -1 -1 -1 -1 -1 -1 -1 -1 -1 -1 -1 -1 -1 -1 -1 -1 -1 -1 -1 -1 -1 -1 -1 -1 -1 -1 -1 -1 -1 -1 -1 -1 -1 -1 -1 -1 -1 -1 -1 -1 -1 -1 -1 -1 -1 -1 -1 -1 -1 -1 -1 -1 -1 -1 -1 -1 -1 -1 -1 -1 -1 -1 -1 -1 -1 -1 -1 -1 -1 -1 -1 -1 -1 -1 -1 -1 -1 -1 -1 -1 -1 -1 -1 -1 -1 -1 -1 -1 -1 -1 -1
3195 3687 4467 4004 3347 4522 3904 4325 4829 -1 5546 2394 -1 4403 5451 6355 4157 5091 4612 4413 3730 2896 3646 5413 3148 4515 3712 1905 5621 4374 5621 4592 4521 4542 3441 3296 4687 5676 2777 -1 2439 4191 6298 3746 4226 5155 787 5756 4731 4506 5579 4816 4731 6214 4158 4771 3630 4480 4268 2396 3901 4411 3907 5387 3754 4409 3323 3770 3113 5818 5223 3596 3500 4639 3387 4682 4703 4395 4244 4359 3102 3565 5166 -1 4818 -1 0 3995 5288 4429 1219 4287 -1 4524 3917 4513 2558 -1 5731 3345
2411 3025 3414 2429 2563 2787 2507 1400 4689 -1 3958 4184 -1 4249 1456 4257 3537 3653 3805 2519 2031 1999 2891 2142 2095 3664 3380 4136 2652 3444 3659 3539 2137 3518 3557 2243 3915 5025 3333 -1 3136 3127 5234 2621 4090 4225 4110 4500 3434 3358 3523 3912 3719 3761 4359 3987 2773 4044 3425 3304 4266 4018 1691 5156 3955 592 2076 5560 3810 2547 3967 2812 2228 3383 3837 3752 3679 2489 2585 3103 2205 4384 4205 -1 2602 -1 3850 0 1293 2109 3230 2527 -1 4725 4118 3257 1661 -1 5338 3321
1118 1732 2121 1136 1270 2537 4951 1918 3456 -1 3791 3444 -1 3404 3687 3556 2281 2360 3471 2842 738 706 3603 3718 802 2687 2339 2955 4053 2297 3099 2246 1436 2556 3113 950 2995 4063 2181 -1 1843 2282 4389 1328 2797 3078 2817 3207 3137 3024 4095 2619 2788 3261 3514 2694 2564 3458 2132 2011 4173 2725 2403 3863 3110 3036 4085 4820 2517 4123 2674 1519 2641 2090 4110 2605 2717 1527 1292 3394 912 3466 3181 -1 1309 -1 3143 3074 0 4483 2854 1234 -1 3880 3273 1964 368 -1 4045 2589
4577 3220 4498 4836 4206 3717 4157 3050 4136 -1 4859 3849 -1 3696 6137 5907 4456 4294 2786 3643 3891 3619 5598 3792 3736 3726 1545 5098 4345 3098 4941 4218 3787 3497 4184 3327 3362 4260 2721 -1 4213 2574 4681 2508 3563 3879 3586 5245 4625 2339 4896 4460 2985 4428 3806 5716 3338 4223 3312 3079 4679 4689 4398 5916 3402 2242 4377 5225 4887 4197 4629 2587 3821 5243 4130 3406 2914 4515 3226 2648 3825 3864 4361 -1 3072 -1 3193 4681 3700 0 3953 3624 -1 4172 3565 5117 4068 -1 5353 4001
4857 4429 5209 5777 4205 3731 6068 4589 6001 -1 6688 5678 -1 5206 7463 6462 4331 3872 5244 4506 4668 4482 4500 5917 3890 5584 4003 5745 6452 3961 5486 5334 5263 4717 4183 4038 5270 6224 4380 -1 4212 4681 6292 4847 5592 4742 5330 6621 4905 4797 5759 3597 4949 6886 5146 5591 4372 5607 5010 4908 4678 3192 3300 4419 4742 4367 2104 7054 4886 6322 4949 4416 3858 5628 4129 4269 4878 4098 3963 4883 4688 3739 4780 -1 5036 -1 4543 6788 5807 5171 0 3905 -1 5205 4905 5894 5064 -1 4512 4087
3105 3496 3997 4433 3257 2937 4158 684 3733 -1 4860 3850 -1 3226 5072 3541 3009 1126 2787 2474 2997 2811 2610 3685 3034 3323 1546 3572 3942 2290 2884 3904 1421 3498 3856 2924 2959 4261 1671 -1 3023 2171 4278 2509 3564 3071 3923 2716 3153 2340 3771 1385 2986 4429 2981 3768 1330 3936 2248 3080 3138 1521 1717 2748 2577 2243 3907 5226 3697 4090 2654 2588 2187 2344 3999 2598 2915 2515 58 2649 3017 2941 3109 -1 3073 -1 3136 4278 3297 5173 1804 0 -1 3347 2740 2218 3393 -1 2841 2605
-1 -1 -1 -1 -1 -1 -1 -1 -1 -1 -1 -1 -1 -1 -1 -1 -1 -1 -1 -1 -1 -1 -1 -1 -1 -1 -1 -1 -1 -1 -1 -1 -1 -1 -1 -1 -1 -1 -1 -1 -1 -1 -1 -1 -1 -1 -1 -1 -1 -1 -1 -1 -1 -1 -1 -1 -1 -1 -1 -1 -1 -1 -1 -1 -1 -1 -1 -1 -1 -1 -1 -1 -1 -1 -1 -1 -1 -1 -1 -1 -1 -1 -1 -1 -1 -1 -1 -1 -1 -1 -1 -1 -1 -1 -1 -1 -1 -1 -1 -1
2960 4356 3784 4443 3112 3513 4014 3563 4741 -1 3867 4086 -1 4301 6125 3396 4111 4023 3727 3175 3407 3151 4923 3558 2465 4331 2672 4454 3784 2630 4736 3909 1276 4490 3606 2613 3967 4791 3216 -1 2878 3179 5286 3138 4460 3411 3336 5613 3008 3466 4428 1888 3846 5555 4411 4536 2813 4276 3942 2344 4632 4418 3723 5335 4007 3369 4829 5462 3552 3963 3894 1852 2527 4759 1326 2938 4041 3461 2955 3775 3357 4424 4281 -1 3933 -1 2549 5286 4033 5611 2725 2897 -1 0 4170 4633 3388 -1 5738 2460
2808 1451 4022 3276 2229 2925 4373 1054 3704 -1 4474 3381 -1 3264 5341 3911 1919 1395 3157 2745 366 3080 2879 3349 2703 3294 1916 3255 3621 2559 2431 2679 1791 2916 1682 2851 2623 4315 1940 -1 1711 2142 4249 2879 3934 3340 2445 2835 2856 2710 4141 1654 3148 2889 241 3604 1599 3852 2517 2736 2391 1790 1986 3017 2846 2613 2524 4757 2385 2685 2302 2244 2456 1718 1933 2867 3077 2784 327 3004 3286 3094 3378 -1 3235 -1 3156 4249 3268 4121 420 370 -1 607 0 1592 3236 -1 3110 2308
3650 3383 3666 4004 3802 2402 3813 2312 3304 -1 3352 3737 -1 2864 5002 4827 4168 3596 2783 2045 3099 2021 3792 1757 3512 2894 1542 3259 3513 1500 1135 2994 3049 2641 3805 2495 1031 2723 2718 -1 2818 1742 3849 2505 3560 2281 2968 1243 3954 2336 3298 3855 2873 4425 2974 3702 1426 2260 3309 2878 3090 3603 3855 4830 2570 2239 3284 5113 3492 2162 710 2584 3818 126 2541 1808 2802 2917 3060 2645 2227 3037 4358 -1 2960 -1 2346 3849 2868 4895 1180 3103 -1 3340 2733 0 3236 -1 4923 3406
750 2259 3619 3419 902 2510 4583 3170 3088 -1 3423 3076 -1 4062 3319 5241 3764 3612 3103 2474 2977 338 3753 4218 2300 2319 1971 2587 4785 1929 4651 3744 3907 3875 3441 2448 3514 4686 2282 -1 2983 3014 5121 1301 3989 2710 3562 5202 3664 2656 3727 3253 3411 4255 3817 2326 3778 3090 2105 1643 3805 2357 2553 3584 3413 2668 3939 4452 3657 4623 3193 1151 2614 4194 4069 2237 3340 3346 2544 3026 544 3909 3154 -1 3498 -1 2775 4677 4140 5111 2640 2486 -1 4183 3576 4203 0 -1 3677 2565
-1 -1 -1 -1 -1 -1 -1 -1 -1 -1 -1 -1 -1 -1 -1 -1 -1 -1 -1 -1 -1 -1 -1 -1 -1 -1 -1 -1 -1 -1 -1 -1 -1 -1 -1 -1 -1 -1 -1 -1 -1 -1 -1 -1 -1 -1 -1 -1 -1 -1 -1 -1 -1 -1 -1 -1 -1 -1 -1 -1 -1 -1 -1 -1 -1 -1 -1 -1 -1 -1 -1 -1 -1 -1 -1 -1 -1 -1 -1 -1 -1 -1 -1 -1 -1 -1 -1 -1 -1 -1 -1 -1 -1 -1 -1 -1 -1 -1 -1 -1
3504 2147 2471 3039 2925 2526 4546 2329 4129 -1 4035 3776 -1 3921 5602 4701 1401 3458 2616 2756 1062 2732 3111 4045 1152 3360 2253 3951 3695 2211 3423 2596 3066 2680 1445 1300 3319 3680 1812 -1 1474 2799 4906 3216 3147 2992 3141 3531 3552 2971 3583 3717 2098 3585 4031 3367 2724 3521 3821 2255 2820 4042 1911 4027 3627 2950 3718 5152 2148 4450 2998 1763 2600 2414 1237 2519 2841 2709 2579 2580 2938 3694 3170 -1 2185 -1 3023 4906 3925 3603 1614 2521 -1 4397 3790 2288 3182 -1 0 1349
3253 1896 4439 2949 3405 2222 4153 3046 4956 -1 4147 3756 -1 3754 5001 4953 3401 3102 2782 2044 1618 2020 2463 3684 3120 2798 1541 3708 4546 1499 2276 3849 3783 3090 2934 3268 2958 2331 1722 -1 1384 3394 5501 2504 3559 2280 2612 4087 3301 2335 3297 3361 1386 4141 3509 4699 3353 3145 3308 3075 2172 3457 1263 4583 3105 2238 2369 5132 2058 4089 3554 2583 3252 2970 3359 1807 2910 2061 2489 2644 2226 3485 2866 -1 1473 -1 2345 5501 4326 4401 265 2431 -1 3875 3268 2844 3141 -1 4777 0
1719 2731 -1 2563 2243 1515 3678 2922 1587 3101 2420 1930 1564 3427 1738 1723 5399 2969 3653 3106 3935 2622 1063 3839 4594 1213 1137 3110 2239 2814 1974 3760 39 2375 1124 2032 -1 2207 1703 3122 2945 -1 2088 2653 3296 2807 2702 1537 2722 693 2624 2371 -1 2186 1599 1970 2343 2971 1982 2921 1932 -1 -1 3668 1657 2278 3003 3139 2226 2517 1266 2476 2343 3139 -1 2002 1518 3078 3939 2609 2594 1749 1944 2688 3652 2261 1623 3509 -1 2015 2765 1668 2203 1181 2732 3378 3244 1896 1997 3377
2893 1773 -1 3860 1771 2854 1223 3178 2699 2363 3156 2759 2300 3251 3095 765 5563 2573 3290 408 3539 2896 1991 3432 4911 2570 2065 2838 2074 2391 2370 3215 1396 3197 2481 1074 -1 3564 3060 2850 232 -1 2337 2889 2707 3802 1744 2894 3062 967 2228 1811 -1 2710 2335 1012 2019 3169 3156 3721 3266 -1 -1 3508 3014 2965 3399 2842 2962 1957 2623 3396 1783 2743 -1 2258 2630 2592 2979 2049 2890 981 2763 2392 3838 1046 2980 3826 -1 1455 1807 2319 2217 2538 3087 2982 4468 2867 2393 3673
3616 3211 -1 4460 4140 3120 3581 4819 3192 4721 4317 3827 3461 5176 3635 3123 7001 4866 5474 2766 5448 2282 2960 5575 6349 3110 2958 4914 1899 4419 3710 1993 1936 4272 3021 3424 -1 3792 3600 4570 3638 -1 3985 4123 5032 4704 3853 3378 4373 2590 4521 4268 -1 3890 3496 3370 3248 2119 3879 4818 3829 -1 -1 2286 3554 4175 4739 5036 4123 3443 3163 4373 4240 4986 -1 3899 3123 4975 5337 3081 4491 2419 3841 4317 5169 4158 3520 5264 -1 3912 4165 3565 4100 3078 4629 4877 5141 2229 3733 5274
2631 2341 -1 3189 1626 2904 2478 972 493 896 2598 2614 1742 3170 2809 2020 5076 3159 3132 1663 4125 1179 1433 3482 5009 1202 1507 1782 607 1720 2344 3874 2318 2526 3164 2050 -1 2500 3084 2292 2394 -1 2923 3647 3666 3211 2443 3061 1241 2134 2814 1253 -1 2565 1777 2267 1874 2611 2447 3122 2585 -1 -1 2664 911 2484 3373 1375 2404 1399 1681 3971 1225 3329 -1 52 424 2034 2821 1491 2536 2164 2359 2428 2470 2014 2038 3924 -1 897 3062 113 2317 2676 1723 1927 3973 1586 2367 3319
3372 2776 -1 4164 2625 3116 4045 2770 2291 2954 3465 3049 2609 3395 1586 3033 5764 2817 4374 3230 3783 2977 3231 4346 4442 1061 3305 3449 2665 3518 3312 3622 3014 2223 2725 2485 -1 4558 2517 4090 3054 -1 1936 2501 4634 2655 2980 2955 2908 1804 2472 3051 -1 3564 2644 3280 2309 2819 3635 2769 4119 -1 -1 3880 2393 2643 3959 3433 3271 2899 1114 3640 2673 2987 -1 1850 2222 2926 4063 2991 2578 1597 1792 2536 3952 3313 1471 3357 -1 2695 4075 1911 2065 4156 3087 3226 5322 2031 2953 3361
3919 2295 -1 3985 4506 3603 2161 4108 3463 3301 3894 2568 3652 4189 4033 1703 5786 4698 4228 1346 5664 862 3358 4155 5433 3508 3432 3953 479 3329 2290 4153 2334 3872 3212 2004 -1 2372 3791 3150 3261 -1 4232 3827 3612 4740 2682 3625 3852 1905 4353 4309 -1 3987 3099 1950 1828 3599 4182 4650 2457 -1 -1 4446 3952 3903 3319 3780 4314 3080 3561 4611 3962 4780 -1 3188 3560 5090 3917 3172 3828 1919 2572 3330 4597 3544 3918 4348 -1 3953 2745 3249 3155 3476 3744 3457 3913 3805 2313 4611
3213 3401 -1 3765 2686 3964 3466 2032 1553 3181 3571 3212 2715 3784 4118 3008 5417 3776 2642 2651 4742 2239 2493 4542 4669 2665 126 2272 2892 2780 3404 3871 3378 3586 3583 1399 -1 4785 3482 3352 2825 -1 3540 2911 3021 3712 2304 546 1731 2861 3431 2313 -1 1195 2750 3255 2934 735 2944 4223 2395 -1 -1 3038 3241 3053 4433 3660 3377 2459 2171 4702 2285 2154 -1 1112 1484 3094 3881 249 3026 1003 2849 2925 2967 2504 2528 3584 -1 1957 4050 1173 3377 3407 3710 2417 4592 2076 3427 3809
3212 2837 -1 4480 3074 3485 2287 3875 2722 3427 3179 4062 2323 4315 3639 1829 6306 4215 3713 1472 3984 988 2014 4063 5593 3187 2088 2861 3138 3455 2925 4279 2460 3531 3545 2138 -1 4497 4124 2873 1535 -1 3979 3953 4010 4866 2808 3160 3727 2031 3870 1834 -1 3599 2358 2076 3322 3192 3371 3744 1557 -1 -1 4427 3949 3771 3954 3906 2985 1980 3687 4737 1806 4060 -1 3322 3488 2615 3402 2072 3954 2045 4027 3456 4411 3267 4044 4890 -1 1478 2871 694 2898 3602 3491 3583 4554 3866 2948 4737
4481 3361 -1 5448 3359 4442 2811 4766 4287 3951 4744 3249 3888 4839 4683 2353 7151 4161 4878 1996 5127 4484 3579 5020 6499 4158 3653 4426 3662 3979 3958 4803 2984 4785 4069 2662 -1 5152 4648 4438 1820 -1 3925 4477 4295 5390 3332 4482 4650 2555 3816 3399 -1 4298 3923 2600 3607 4757 4744 5309 4854 -1 -1 5096 4602 4553 4987 4430 4550 3545 4211 4984 3371 4331 -1 3846 4218 4180 4567 3637 4478 2569 4351 3980 5426 2634 4568 5414 -1 3043 3395 3907 3805 4126 4675 4570 6056 4455 3981 5261
-1 -1 -1 -1 -1 -1 -1 -1 -1 -1 -1 -1 -1 -1 -1 -1 -1 -1 -1 -1 -1 -1 -1 -1 -1 -1 -1 -1 -1 -1 -1 -1 -1 -1 -1 -1 -1 -1 -1 -1 -1 -1 -1 -1 -1 -1 -1 -1 -1 -1 -1 -1 -1 -1 -1 -1 -1 -1 -1 -1 -1 -1 -1 -1 -1 -1 -1 -1 -1 -1 -1 -1 -1 -1 -1 -1 -1 -1 -1 -1 -1 -1 -1 -1 -1 -1 -1 -1 -1 -1 -1 -1 -1 -1 -1 -1 -1 -1 -1 -1
2657 1537 -1 3389 2478 2341 2734 3849 2413 3187 2632 2080 2390 1866 3049 2276 3784 3960 3888 1919 4756 3732 1298 3085 3609 1312 1372 2382 2898 2130 2209 4305 2065 2246 1950 2585 -1 4233 2529 1561 3180 -1 3724 3964 3239 1375 2179 2363 2632 1873 3615 2172 -1 3012 2425 2523 2726 2462 1026 4082 3556 -1 -1 3745 1021 3216 3238 568 3052 2318 3072 4502 2071 521 -1 2929 2344 2953 3740 1159 3913 2249 3470 1007 1049 2849 2178 3590 -1 1816 3234 1032 3163 3207 2524 2762 4892 2185 2232 4090
1573 1166 -1 3196 451 2633 2516 2227 1748 2816 2517 1439 1661 3412 1484 859 4076 643 3783 1701 1609 2378 1590 3284 4304 2130 1664 2674 2527 2455 2222 2093 1432 3024 2242 875 -1 3600 2821 2686 1525 -1 407 2399 3216 3724 1808 1822 2863 1061 298 1904 -1 1390 1696 1106 699 2120 1836 2965 2590 -1 -1 2386 2291 2132 3251 3295 2323 725 2183 1466 1144 813 -1 1307 1679 1836 3472 817 1584 1075 1443 2553 3162 1139 2540 3219 -1 1548 1901 1368 536 2574 2451 1052 4624 2477 2245 2367
-1 -1 -1 -1 -1 -1 -1 -1 -1 -1 -1 -1 -1 -1 -1 -1 -1 -1 -1 -1 -1 -1 -1 -1 -1 -1 -1 -1 -1 -1 -1 -1 -1 -1 -1 -1 -1 -1 -1 -1 -1 -1 -1 -1 -1 -1 -1 -1 -1 -1 -1 -1 -1 -1 -1 -1 -1 -1 -1 -1 -1 -1 -1 -1 -1 -1 -1 -1 -1 -1 -1 -1 -1 -1 -1 -1 -1 -1 -1 -1 -1 -1 -1 -1 -1 -1 -1 -1 -1 -1 -1 -1 -1 -1 -1 -1 -1 -1 -1 -1
2283 2664 -1 3404 2164 636 2114 3529 708 3180 2889 3152 2033 4125 2692 1656 4642 2356 4018 1299 3322 2973 2484 1214 2744 1820 1502 2255 1675 1935 152 2248 2287 1734 3372 1965 -1 2208 3380 3343 1123 -1 2094 1379 1474 3094 2635 2043 1714 1858 2011 2304 -1 2692 2068 1903 2412 2374 2546 4214 2293 -1 -1 2541 2734 1521 1181 3638 2695 2438 2154 3040 2276 2526 -1 2609 639 3085 3870 2530 3009 1872 2655 3266 3244 1539 2334 3583 -1 1948 2698 2670 2223 1745 1606 2400 3808 1017 175 3792
3225 2703 -1 3585 2103 3915 4168 2916 2437 2803 3385 2976 2753 4668 3834 2511 4581 2295 4143 3353 3261 3123 2444 4493 4607 3549 2518 3156 2830 2846 3355 3745 2969 3961 1017 2283 -1 4703 4458 3303 3177 -1 2059 1318 3905 4596 3345 1430 2615 2713 1950 2264 -1 2079 2564 2758 2236 3622 3488 4174 3279 -1 -1 4038 4379 1460 4126 3282 3415 2377 3055 5406 2236 2465 -1 1996 2368 3045 3832 2469 3910 2727 2980 3809 3851 2791 3412 3522 -1 1908 3553 2057 2188 4111 3630 2704 4984 2960 3120 4693
3619 4087 -1 2557 3372 4368 3790 4332 2954 3844 3411 4228 2555 4647 3214 3332 6010 3564 5025 2975 4530 3495 3756 2689 6004 3903 3764 2777 3803 3490 4116 3474 3963 3965 3977 3641 -1 4729 4079 3116 2799 -1 3328 4129 5274 3616 4245 4294 2236 3317 3219 3576 -1 4311 2590 3579 3620 3600 3882 5062 3160 -1 -1 3767 4021 2889 5145 4323 3217 3230 2676 4376 3548 3734 -1 3412 3784 4191 5105 3322 3531 3159 3354 3788 4643 3009 3033 4919 -1 3220 4244 3330 1917 3081 2128 2922 2768 2581 4139 4314
1603 1196 -1 2743 481 2938 3244 2257 1778 2846 1804 1469 2009 3442 2668 889 4986 2997 4417 2429 3963 2464 2486 3925 4334 2890 2560 3434 2557 2485 3397 3339 1462 3086 2547 905 -1 3630 3126 3577 2253 -1 2761 3013 3246 3070 1838 2960 2893 1091 2652 2538 -1 1420 2044 1136 729 2500 1866 3801 2614 -1 -1 3632 3080 2162 3897 3325 2671 2266 3333 3797 2510 3167 -1 1337 1709 3319 4106 2080 3014 1105 1473 2583 3192 2953 3690 3249 -1 2182 1931 1398 2601 2535 1582 3406 4598 2963 3000 3797
2927 3401 -1 1648 2686 4999 4590 4202 3983 5051 5033 3674 4040 4385 3987 3094 3449 4283 2403 3775 5249 3461 3956 5249 6539 3462 4030 2195 3197 3257 4867 4718 3667 4410 4608 3110 -1 4920 4918 2207 4150 -1 4047 3306 5147 5056 3110 3423 3091 1651 3938 4434 -1 3625 4212 3341 2934 2621 3190 5170 3400 -1 -1 4872 3283 3448 3893 4226 4702 4365 3515 5243 4107 3179 -1 3542 3914 4853 6002 4457 4386 2662 3678 3651 5093 3864 3872 5170 -1 4078 4136 3294 3161 3948 3977 3777 5772 3220 4890 5169
2029 1265 -1 3917 2151 2869 2060 3755 2460 2915 2917 1408 2610 1194 3269 1604 4969 3423 4129 1247 4389 3060 2417 2744 4403 3302 1757 2832 2626 1458 2882 2358 1393 2311 2128 1913 -1 2785 3057 3484 1700 -1 2671 3728 2567 3671 1907 2541 2291 1806 3078 2445 -1 3090 2096 1851 2399 2484 2292 3396 2870 -1 -1 2651 3011 2588 1758 3394 3272 2591 2731 3830 2417 3593 -1 3007 2872 2496 3818 2683 3205 1820 3143 335 3913 1680 3088 3318 -1 2089 2646 3001 2800 2535 2183 1593 4598 2636 752 3988
6337 5256 -1 5990 5968 4690 6168 6661 4762 5960 5537 5529 5827 5645 6746 4248 7864 6410 7366 5353 7376 4923 5997 5268 6798 5102 5040 5118 4540 4521 4206 6302 5518 5327 6214 4557 -1 6262 6420 6549 5177 -1 6148 5433 5528 6558 3874 6097 4577 4450 6065 5817 -1 4957 4716 4495 4902 4042 6576 4949 6179 -1 -1 6136 4811 5575 5235 6439 6489 5625 5017 7094 5665 6580 -1 5741 4693 3820 7385 5717 5872 3847 5646 4786 6599 5350 5374 7260 -1 5461 5290 4822 5960 5799 5660 5263 6946 4922 4229 6655
3335 4262 -1 2056 3659 3188 3712 3608 2418 2968 3967 3603 3111 4378 3770 3254 4098 3851 4954 2897 4086 3815 2736 5304 4456 3530 2810 2603 2679 587 3647 4257 1712 1393 2797 3563 -1 3880 3376 2615 4452 -1 3615 2874 4969 5283 4233 3191 4376 3456 3506 3075 -1 3840 3146 3501 3907 3763 3598 3973 3605 -1 -1 2202 3330 3016 3190 3447 3588 3221 4816 4149 3047 3587 -1 2688 2349 3856 4643 3313 3782 3063 4129 3519 3966 2839 4845 3371 -1 2719 4296 2749 3744 2854 3795 2752 4917 3569 3670 4565
4814 3694 -1 4922 3692 4775 3144 4053 3574 3977 4893 4424 4037 5172 2930 2686 6723 4494 5211 2329 5460 3820 3912 5353 6656 4028 3986 3429 3688 4312 4291 5136 3317 5118 3998 2995 -1 4701 4731 4771 2153 -1 4258 3845 4628 4869 3665 4411 2888 2888 4149 3732 -1 4631 4072 2933 3940 5033 5077 5642 4389 -1 -1 4445 3737 3987 5320 4456 4699 3878 3328 5317 3704 4523 -1 3133 3505 4513 4900 3970 4183 2902 4006 4313 5551 2967 3685 5571 -1 3376 3728 3194 4138 4459 4431 3574 6389 3233 4314 4966
4305 4586 -1 3641 3871 4729 4294 3703 3224 3887 4068 4677 3212 4463 4201 3836 5442 4063 4396 3479 5029 2995 3325 5307 5375 3065 3399 2148 3598 3324 4236 5513 4216 4622 4634 4145 -1 5266 3450 4184 3542 -1 3827 3086 5558 3588 3913 3888 1607 2737 3718 3145 -1 4537 3247 4083 4119 3427 4568 4433 3564 -1 -1 3620 2774 3228 4630 4366 3874 3291 2047 5727 3117 4233 -1 2783 3155 3859 4713 3383 2902 1178 2725 3604 4885 2380 2404 4290 -1 2789 4878 2701 3956 4750 3468 2293 5865 1952 3624 3685
352 2269 -1 3487 1554 3736 2806 2078 2379 2734 2836 2542 1465 4393 3199 1962 4032 1746 4242 1991 2712 1507 2644 2674 5407 2398 2219 2762 1124 3558 2935 3196 2535 1835 3345 1978 -1 3017 3924 3503 2628 -1 1510 4086 4257 3601 2911 2639 2221 2164 1401 2464 -1 2493 2015 2209 1802 2828 615 4068 2862 -1 -1 3489 2107 911 3632 3213 2127 1828 2661 4361 2247 1916 -1 2410 2782 2939 4032 1920 3516 2178 2546 3534 3576 2242 3018 4322 -1 2108 3004 1324 1639 3066 2113 2155 3197 2566 2958 4299
3132 2842 -1 3690 2127 3405 2907 1473 994 3441 3012 3115 2156 3225 3559 2449 5639 4048 3633 2092 5014 1680 1934 3983 5513 2106 2008 2781 2663 2221 2845 3312 2819 3027 3578 840 -1 4330 4157 2793 2712 -1 3812 4148 2462 4478 2944 3562 2828 2651 3703 1754 -1 636 2191 2696 2375 3112 2385 3664 1836 -1 -1 3165 3517 3691 3874 3920 2818 1900 3268 5238 1726 4218 -1 553 925 2535 3322 1992 4123 2665 3119 2366 2408 3100 3625 4895 -1 1398 3491 614 2818 3943 3228 3514 4474 3112 2868 4906
333 2250 -1 3468 1535 3717 2759 3311 2360 2715 2817 2523 1446 4496 3180 1943 4013 1727 4223 2785 2693 2368 2674 2655 5388 2379 2748 2743 3611 3539 3306 3177 2516 1816 3326 1959 -1 3118 3905 3770 2609 -1 1491 4067 4300 3582 2892 2906 2202 2145 1382 2988 -1 2474 1996 2190 1783 3204 596 4049 2843 -1 -1 3470 2088 892 3613 3194 2108 1809 2642 4342 2228 1897 -1 2391 2763 2920 4556 1901 3497 2159 2527 3637 3760 2223 2999 4303 -1 2632 2985 2099 1620 3047 2094 2136 1675 2547 3329 4280
2599 2506 -1 3204 2043 2156 3173 3664 742 3475 1199 2649 343 2435 2597 2364 5393 2235 3931 2358 3201 2493 2232 2816 5489 1862 2306 2904 2651 2699 3143 3440 2634 1753 1765 2467 -1 2517 2344 3091 2182 -1 1999 3512 3808 2999 2286 2178 2363 1105 1890 2052 -1 2769 378 2611 2291 3347 2408 3962 2543 -1 -1 2447 3404 2272 2999 3882 1005 2198 2803 3759 2024 2405 -1 2744 2159 2833 3620 2290 3658 2580 3035 1576 2431 1287 3160 4134 -1 1696 2032 2199 2128 2464 1511 2644 4527 2537 1993 4441
2062 1655 -1 3685 940 2805 3005 2716 2237 3305 3006 1928 2150 3551 1973 1348 4530 1132 4243 2190 2098 2867 2079 3773 4793 2503 2153 3128 2818 2944 2711 2582 1329 3513 2414 1364 -1 3497 2993 3140 2014 -1 896 2888 3705 4097 2297 2311 3352 1550 787 2393 -1 1879 2185 1595 1188 2609 2325 1084 3079 -1 -1 2875 2780 2621 3740 3784 2812 1214 2556 1955 1633 1302 -1 1796 2168 2325 3932 1306 893 1564 1932 2692 2734 1628 2913 3708 -1 2037 2390 1857 1025 2471 2940 1541 4534 2966 2734 1676
3598 3191 -1 5525 2476 3226 4169 3641 3162 4231 4159 3464 3303 4839 3962 2884 6282 4992 3886 3354 5958 3848 1296 4072 5913 4274 1370 4310 3730 4195 2207 4303 3457 2813 4086 2900 -1 4263 3388 4892 3178 -1 4149 4155 3529 5149 3548 3826 3769 2675 4647 3922 -1 2881 3338 3131 2724 2657 3861 4361 3450 -1 -1 2874 4485 4157 3236 4710 3965 1262 4209 5630 3894 4726 -1 2721 3093 3872 5358 1354 5009 2247 2663 3980 3965 3594 2342 4828 -1 3566 3926 2782 4185 4335 3661 4439 4626 1025 2230 2059
2641 2548 -1 3246 2085 2198 2499 3438 784 1922 1241 2691 385 2477 1044 2406 5222 2277 3973 2400 3243 2535 2274 2858 5248 1898 2348 2946 1633 2741 1946 3482 2189 1795 1807 2509 -1 2559 2386 3133 2224 -1 2041 1959 3268 3041 2328 2220 2405 1147 1932 2094 -1 2811 420 2653 2333 3389 2450 3835 2585 -1 -1 2489 1851 2101 2975 2401 1047 2240 2845 3801 2066 2447 -1 2786 2201 2875 3662 2332 3644 2622 3077 1618 2473 1329 2801 4163 -1 1738 2074 1862 2170 2506 1553 2686 3098 2579 1969 4427
3006 2913 -1 3312 2450 2563 2864 1616 1149 2287 1606 3056 750 2842 1409 2664 5587 2642 4338 2307 1725 1823 2639 3223 5613 2263 2713 3311 1998 3106 2311 3847 2554 2160 2172 2874 -1 2924 2751 3498 2589 -1 2406 2324 3633 3406 2693 2585 2770 1512 2297 2459 -1 3176 785 2911 2698 2795 2815 4200 2950 -1 -1 2854 2216 2466 3340 2766 1412 2605 3210 4166 2431 2812 -1 3151 2566 3240 4027 2697 4009 2880 1768 1983 2838 1694 3166 4528 -1 2103 2439 2227 2535 2871 1918 3051 3463 2944 2334 4792
3664 4361 -1 4932 3646 3291 4926 5140 3174 5337 3631 4634 2775 4867 4091 4054 6520 4667 4165 4136 5633 4925 2466 4515 6045 3978 2540 3313 4566 4123 3377 3749 4161 3983 4197 4070 -1 3709 4776 3325 2139 -1 4431 4680 4614 5431 3476 4094 4179 3537 4322 2286 -1 4051 2810 4301 3894 3644 3823 4196 3794 -1 -1 4042 3687 4223 2682 5139 3437 2432 4619 5695 2258 4837 -1 4220 3294 3067 3854 2524 2883 3417 4638 4008 4863 3040 4976 5998 -1 1930 4464 1146 3350 4400 3943 4865 5006 3672 3400 3666
2634 2100 -1 4187 3836 3199 1550 3505 3026 2690 3924 3614 3052 3578 3422 1092 5890 4028 3617 735 4994 251 2747 4809 5238 2897 2821 3930 2401 2718 3658 3542 1723 3524 2808 1401 -1 3891 3387 2539 3312 -1 3772 3216 4898 4129 2071 2423 3389 1294 3683 3698 -1 3072 3103 1339 3099 3668 2897 4605 3616 -1 -1 3835 3341 3193 4209 3169 3714 2469 2950 4000 3359 3323 -1 2585 2957 4479 3306 2561 3217 1308 3628 2719 4748 2933 3307 4153 -1 3342 2134 2646 2544 2865 3517 2846 4888 3194 3203 4000
1794 2262 -1 3591 1547 2543 1965 3323 1129 2267 1586 2403 730 2822 1389 1507 4185 1739 4032 1150 2705 1670 2619 3203 5344 2243 1939 3291 1978 3067 2291 3189 2138 2140 2152 1816 -1 2904 2731 3478 974 -1 1503 2304 3449 1791 2420 2565 2750 1492 1394 2439 -1 2486 765 1754 1795 2588 2057 3495 1335 -1 -1 2834 2196 1064 3320 2746 1392 1821 3190 2551 2240 1909 -1 2403 2546 2366 3721 1913 2669 1723 2539 1963 2818 1674 3146 4315 -1 2083 2419 2207 1632 1256 303 2148 3319 2924 2314 3452
2065 3077 -1 2909 2589 1861 4024 3369 1933 3447 2766 2276 1910 4002 2569 2069 5745 3459 3999 3467 4425 3576 1409 4185 6026 2294 1483 3456 3158 3160 2320 4416 385 3320 1470 2378 -1 2553 2049 3468 3291 -1 3223 3484 3642 4394 3048 1883 3068 2271 3114 2717 -1 2532 1945 2316 2689 4075 2328 4627 2278 -1 -1 4014 2003 2624 3349 3485 2572 2863 3508 2822 2689 3540 -1 2449 1864 3498 4285 2955 2940 2285 3433 3143 3998 2607 3559 4941 -1 2361 3111 2014 3352 1527 3078 3754 3590 2242 2343 3723
4264 2748 -1 4869 3708 3821 3945 5329 2407 4398 2864 3291 2008 3077 3540 3487 6538 3900 5175 3130 4866 3453 3897 4296 5886 3527 3640 4384 2515 3341 4326 3164 3107 3418 3430 3796 -1 4182 4009 4756 3513 -1 3664 4455 2314 4330 3390 3843 3843 2770 3555 3717 -1 4434 2043 3734 3956 3290 2237 5353 1688 -1 -1 3457 3729 3937 4664 4877 2670 3863 4283 5090 3689 4070 -1 4409 2453 4379 5285 3955 5138 3590 4700 2218 2260 2952 4640 4801 -1 3361 3697 3740 3793 3795 3176 3973 5594 3400 3658 5301
1078 2995 -1 4213 2280 3626 2741 2353 2727 3460 3184 2875 2191 2661 2987 2283 4758 2472 4464 1926 3438 2233 2765 3400 5930 1725 2839 346 1850 1408 3661 3922 2533 2561 3056 2592 -1 3743 3734 358 3354 -1 2236 3446 4034 3696 3262 3365 2947 2485 2127 2585 -1 3219 2363 2530 2528 3554 1341 4495 3160 -1 -1 3023 1434 1637 4358 2889 2853 2554 3387 4387 2557 2642 -1 3067 3170 3366 4153 2646 4242 2499 3009 1802 3370 2968 2688 5048 -1 2229 3325 1445 2365 3675 2128 2881 3923 1371 3463 5025
1442 3353 -1 4577 2644 4157 4051 4416 3469 3754 3926 3632 2555 3682 4289 3052 5122 2836 4628 3735 3802 3660 2929 3764 5425 3128 3003 3776 3462 3946 3840 4286 3625 2925 3766 3068 -1 4227 1907 3377 3718 -1 2600 5143 5055 3191 3939 4015 3311 3254 2491 2749 -1 3583 3105 3299 2892 4107 1705 4659 3952 -1 -1 4579 2837 2001 4722 2384 3217 2895 3751 2199 2721 2337 -1 3500 3872 3530 4317 2975 2317 3268 3636 2823 2865 1984 3994 5406 -1 2393 4094 2848 2729 904 3203 3245 2967 3656 3863 3100
4999 6011 -1 5843 5523 4795 6663 5907 4867 6381 5700 3334 4844 3120 5503 5003 8548 6393 6515 5848 7359 6114 4343 7119 8542 5228 3999 6390 4694 5719 5254 7350 3319 6254 4404 5312 -1 5487 4983 6402 5672 -1 6157 5981 4493 6489 5982 4817 6002 4941 6048 5651 -1 5466 4879 5250 5623 5956 5262 7267 5212 -1 -1 5140 4937 5558 6283 6419 5506 5147 6442 5756 5623 6474 -1 4987 4798 6138 7219 5239 5874 4734 4929 6077 6231 5541 4608 7457 -1 5295 6045 4948 6286 4461 5001 6688 6524 3291 5277 6657
-1 -1 -1 -1 -1 -1 -1 -1 -1 -1 -1 -1 -1 -1 -1 -1 -1 -1 -1 -1 -1 -1 -1 -1 -1 -1 -1 -1 -1 -1 -1 -1 -1 -1 -1 -1 -1 -1 -1 -1 -1 -1 -1 -1 -1 -1 -1 -1 -1 -1 -1 -1 -1 -1 -1 -1 -1 -1 -1 -1 -1 -1 -1 -1 -1 -1 -1 -1 -1 -1 -1 -1 -1 -1 -1 -1 -1 -1 -1 -1 -1 -1 -1 -1 -1 -1 -1 -1 -1 -1 -1 -1 -1 -1 -1 -1 -1 -1 -1 -1
3562 3272 -1 4120 2557 3835 3409 1903 1424 2461 3529 2887 2673 2673 3989 2951 6069 4565 4063 2594 5531 2110 2364 4413 5943 2536 2438 3211 2172 2651 3275 4805 2546 3457 3607 1974 -1 4065 4208 3223 3959 -1 3529 4578 4046 4776 3374 3992 2806 3153 4220 2184 -1 3496 2708 3198 2805 3542 3378 4094 4150 -1 -1 3595 2476 4049 4304 2940 3335 2330 3246 4983 2156 4735 -1 983 1355 2965 3752 2422 4101 3167 3549 1814 3401 2765 3603 5325 -1 1828 3993 1044 3248 3688 3288 2678 4904 2839 3298 4884
2589 2182 -1 4516 1467 2217 3160 3243 2289 3416 3617 2455 2761 3830 3738 1875 5972 3983 2877 2345 4949 3450 287 3063 4904 3401 361 3301 2721 3186 1198 3294 2448 1804 3077 1891 -1 3254 3656 4389 2169 -1 3140 3146 2520 4140 2539 3089 2760 2077 3638 3350 -1 1872 2796 2122 1715 1648 2852 3352 2441 -1 -1 3273 3476 3148 2227 3895 3423 253 3200 4621 3322 4153 -1 2323 2220 4131 4916 345 4000 1238 2459 2971 3013 2585 3557 3819 -1 2994 2917 2384 3269 3326 2652 3430 3617 2598 1221 4783
2659 1596 -1 2410 3209 2695 1046 3001 2522 2186 3248 1884 2392 3074 2918 588 5386 3401 3113 231 4367 2719 2149 3121 4734 1902 2223 2957 1897 2214 3060 3038 1219 3020 1112 897 -1 2161 2883 2969 2636 -1 3165 2712 4000 2060 1567 1525 2668 790 3056 1969 -1 2174 2427 835 2331 3164 2922 3879 1886 -1 -1 3331 1611 2726 3705 2665 3054 1965 2446 3416 1941 3554 -1 2081 2453 2750 2802 2057 2713 804 3075 2215 3946 1204 2803 3649 -1 1613 1630 1622 2040 2121 1965 1117 4184 2690 2699 2598
2977 3504 -1 4902 3039 4551 3370 3633 3154 4422 3971 3090 3115 2876 4072 2912 5142 3231 5437 2555 4140 2071 3824 5299 5910 3290 3755 3409 1688 3891 3499 3209 3075 4460 4160 3000 -1 3581 4711 4359 2641 -1 2995 4987 4249 4849 3891 2147 2868 142 2886 3908 -1 2796 3150 3159 3037 3335 3240 5553 3666 -1 -1 3502 2999 3536 4528 4397 3777 2965 3308 3734 2598 3047 -1 2713 3085 4424 5126 3057 3852 3128 3781 3336 4568 3455 3665 3661 -1 3552 3954 2774 1652 2439 3693 3554 4502 3213 3522 4635
3109 901 -1 3659 2187 2312 2098 3963 2714 2551 3171 1444 2315 1230 2974 1640 4691 3324 4165 1283 4120 3096 2453 2449 4039 2173 1793 2537 2262 1494 2918 4090 1429 1610 2164 1949 -1 3597 3093 3301 2559 -1 3088 3764 2603 3376 1543 2577 1996 1237 2979 2978 -1 3126 2350 1887 2435 2754 390 3506 2920 -1 -1 3109 1882 2649 3407 3030 2977 2657 2436 3866 2950 3494 -1 3043 2908 2532 3854 2749 3291 1856 3114 371 413 2213 2793 2954 -1 2622 2682 1893 2747 2571 1888 2126 4634 2341 2941 3454
4032 3625 -1 4761 2910 3083 1718 4407 3155 4267 3902 3898 3046 3746 3705 2669 6500 3102 4003 2312 4068 3986 3497 3030 6495 4267 2515 3268 2688 4010 1165 3261 3299 2747 4384 2978 -1 3221 4570 4356 2136 -1 2866 3877 2487 4107 3648 3056 2727 2871 2757 3317 -1 3705 3081 2916 3158 3387 4276 3054 3306 -1 -1 3554 4498 3380 2194 4651 3708 3184 3167 3925 3289 3272 -1 3487 3086 4098 4883 3276 2863 2885 3845 2887 4704 2552 3524 5410 -1 2961 3711 3548 2995 3572 2619 3413 2317 3072 1188 3646
3878 4734 -1 4999 4019 2231 5155 4939 2303 5035 4941 4451 4085 4287 4259 4244 6497 4211 6174 4340 5177 4695 3584 6200 6523 3415 3658 5007 4642 3530 4495 5661 2560 4336 3645 4443 -1 4728 4224 5558 4262 -1 3975 3234 5660 5328 5223 4058 4466 3214 3866 4892 -1 4707 4120 4491 4267 4988 4141 5442 4453 -1 -1 4461 4178 3376 5524 5298 4747 4293 3787 4635 4712 4381 -1 4019 2234 5404 6417 4385 4753 3766 3961 3428 5552 4420 3640 5438 -1 4536 5286 4080 4104 3340 5253 4620 5403 2612 4518 5536
3192 3660 -1 4989 2945 3941 3363 4721 2527 874 2984 2813 2128 4220 2787 2905 5583 3137 5070 2548 4103 2127 3871 4601 5603 2831 3337 4416 3376 4465 3689 4587 3345 3538 3550 3214 -1 3090 4129 4415 2372 -1 2901 3702 4847 3189 3818 3963 4148 2112 2792 3691 -1 3884 2163 3152 3193 3247 3455 3100 2733 -1 -1 4232 2540 2462 4718 1353 1119 3219 3980 3949 3638 3307 -1 3801 3944 3764 4759 1944 2909 3121 3937 3361 4216 3072 2963 5631 -1 3335 3817 2551 3030 2654 1701 3546 4717 3523 3712 3692
2849 3342 -1 3693 3261 2645 2069 4052 2717 3932 3550 3060 2694 4097 2868 2334 6529 3417 4783 1977 4383 3569 2193 4969 5724 2343 2267 4147 3186 3944 3104 2369 1169 3505 2254 2643 -1 3337 2833 4252 1801 -1 3217 3783 4276 3937 3313 2667 3606 1823 3108 3380 -1 3316 2729 2581 3473 2495 3112 3405 3062 -1 -1 2662 2787 3408 4133 4269 3356 2125 2396 3606 3352 3623 -1 3132 2648 4161 4548 2217 3214 2550 3074 3238 4402 2615 2753 4639 -1 3024 3376 2798 812 2311 3862 3826 4374 1462 3127 3997
2405 1712 -1 2410 2598 1362 2507 2870 1434 2948 2267 1855 1411 1641 2070 1570 5416 3303 4097 1694 4269 3077 2398 3191 4850 2546 2204 2561 2659 1905 2972 2805 1840 2758 971 1879 -1 3232 1550 2969 2147 -1 3067 2985 3014 3895 2354 1384 2020 1772 2958 2218 -1 2033 1446 1817 2190 2931 2668 3843 3233 -1 -1 3098 2877 2964 2205 3088 2073 2364 2460 3766 2190 3041 -1 1950 1365 2943 3786 2456 3315 1786 2934 782 3499 2127 2817 3765 -1 1862 2612 2011 3196 2471 2579 2040 4124 1743 1199 4098
4778 4124 -1 5347 4122 4405 3574 3865 3386 3789 4745 4802 3889 4588 5205 3116 6600 4314 3413 2759 5280 4072 3580 5629 6626 100 3654 4427 3500 3878 4491 4863 3710 4684 3036 3425 -1 4823 5374 4439 3253 -1 4078 3337 4926 6104 4095 3342 4134 3318 3969 3400 -1 3991 3924 3363 4255 3631 4849 5310 4300 -1 -1 5156 3028 3479 3796 4268 4551 3546 4574 5346 3372 4484 -1 2945 3317 4181 3102 3638 3997 3332 4004 3729 4872 3732 4931 5541 -1 3044 4158 2260 4207 4852 3722 3645 6120 4003 4146 4780
4227 4346 -1 4967 3832 5533 4620 4883 4404 4848 5114 4340 4365 4126 5322 4162 3190 4024 6343 3805 4990 3321 4971 6549 6336 4079 4017 4095 2938 3498 4749 4459 4325 4304 5191 4055 -1 4831 5364 5526 3891 -1 3788 3047 5499 5510 2851 3397 3554 1392 3679 4794 -1 4046 4293 4409 3879 4585 4490 6346 4916 -1 -1 4752 3788 3189 5778 3967 5027 4106 3994 4984 3848 4194 -1 3963 4335 5217 6362 4198 4849 2824 4623 4586 5184 4327 4351 4911 -1 4438 5204 3799 2902 3689 4943 4240 5752 3899 4772 5632
1562 2283 -1 3359 2198 2311 1733 3551 897 2035 1354 2171 498 2590 1157 1275 5242 2390 3800 918 2607 2648 2387 2971 5112 2011 2461 3059 1746 2835 2059 3595 1906 1908 1920 1584 -1 2672 2499 3246 742 -1 2154 2072 3217 1559 2188 2333 2518 1260 2045 2207 -1 2924 533 1522 2446 2356 1825 3263 2698 -1 -1 2602 1964 2121 3088 2514 1160 2353 2958 2319 2179 2560 -1 2768 2314 2134 3489 2445 2437 1491 3190 1731 2586 1442 2914 4276 -1 1851 2187 1975 2283 1024 1666 2799 3087 2692 2082 3220
2440 3452 -1 3284 2964 2236 4399 3744 2308 3822 3141 2651 2285 4377 2944 2444 4597 3834 4374 3842 4800 3951 1784 4560 6401 2669 1858 3831 3533 3535 2695 4791 760 3695 1845 2161 -1 2928 2424 3843 3666 -1 3598 3859 4017 4769 3423 2258 1924 2646 3489 3092 -1 2907 2320 2691 3064 4450 2703 5002 2653 -1 -1 4389 2378 2999 3724 3860 2947 3238 3883 3197 3064 3915 -1 2824 2239 3873 4660 3330 3219 2660 3808 3518 4373 2982 3934 5316 -1 2736 3486 2389 3727 1902 3453 4129 3965 2617 2718 4002
3281 1560 -1 2181 2159 3302 2433 2864 2385 2151 3229 1833 2373 3624 3362 1975 4055 2659 3557 1618 3625 1893 2188 4237 4536 2988 2262 1309 2759 712 3099 3541 1826 1518 2405 1269 -1 3994 2611 2740 1442 -1 2423 2999 3917 2749 65 2818 768 1849 2314 2008 -1 3098 2408 2222 1093 2864 3544 3594 2725 -1 -1 2327 2697 3141 3315 2630 3035 2154 1208 4263 1980 2829 -1 1944 2316 2789 3576 2246 2063 1691 1837 2765 4046 1541 1565 3451 -1 1652 2592 1862 2552 2968 2978 1454 4728 1113 3122 2846
2610 3307 -1 2572 2592 2883 2945 4086 2120 3859 2577 354 1721 3813 3037 2679 6250 3613 3111 2322 4579 3871 1412 3461 4991 372 1486 2259 3262 2739 2323 3853 1572 2929 2657 2988 -1 631 3236 2271 1886 -1 3377 3626 3645 4340 2422 3040 3125 2226 3268 1232 -1 2997 1756 2926 2840 2590 2769 3142 356 -1 -1 3714 81 3169 3352 4338 2383 1378 2799 4009 1204 3783 -1 3166 2886 2013 2800 1470 4127 2363 3477 2954 3809 2665 3156 4944 -1 876 3410 92 2296 2714 2889 3811 3952 1865 2346 4518
4448 3145 -1 5232 4754 4244 2595 4550 4071 3735 4739 4620 3883 4623 4467 2137 6935 5172 4662 1780 6138 4268 3574 5623 6283 3942 3648 4421 3446 3763 4485 4587 2768 4569 2661 2446 -1 4936 4432 4433 4357 -1 4817 4261 5549 5174 3116 3074 4259 2339 4827 3394 -1 3723 3918 2384 3880 4713 4711 5304 4661 -1 -1 4880 4386 4337 5254 4214 4545 3514 3995 5045 3366 5214 -1 3630 4002 4175 4351 3606 4262 2353 4624 3764 5495 2753 4352 5198 -1 3038 3179 2254 3589 3910 4562 2666 5973 4239 4248 5045
2734 2858 -1 4002 2143 3007 3970 3919 1800 3831 2257 3131 1401 3493 3161 2551 5129 2335 3235 3155 3301 3551 1536 3585 5115 496 1610 2383 3709 3193 2447 3785 3124 2811 2823 2567 -1 3575 3402 2395 2873 -1 2099 3750 3769 4057 2546 3164 2643 2163 1990 1356 -1 3082 1436 2798 2391 2714 2893 3266 1931 -1 -1 3505 205 2008 3416 4310 2063 1502 3083 3158 1328 2505 -1 2999 3010 2137 2924 1594 3276 2487 3135 2634 3489 2345 3440 4911 -1 1000 3090 216 2228 3522 899 2744 4076 2988 2470 4059
2173 4090 -1 4795 3375 3747 4782 5151 3819 4555 4652 2286 3286 2072 4455 3783 4338 3567 5359 4625 4533 4391 3295 4495 6944 4180 2951 4507 3646 4646 4206 5017 2271 3656 3356 3799 -1 4439 3935 4519 4449 -1 3331 4195 3445 5157 3999 3769 4042 2540 3222 3480 -1 4314 3831 4030 3623 4838 2436 5390 4164 -1 -1 5310 3889 2732 5235 3593 3948 3626 3616 2930 3452 3737 -1 4231 3750 4261 5048 3718 3048 3828 4294 5029 5600 2715 3973 5859 -1 3124 4825 2629 3460 1635 3934 3976 3698 4128 4229 3831
2269 3210 -1 3390 2495 622 4878 3619 694 4117 4137 3483 3281 5056 3940 2903 5432 3293 5119 4231 4259 3826 3543 4591 5605 1806 3617 3937 3828 1921 4236 4743 2519 2727 3604 2919 -1 4687 3366 3949 4175 -1 3057 2316 5260 5287 3852 3804 3757 2653 2948 3576 -1 3434 3316 3150 2743 3668 2532 4979 4412 -1 -1 2852 4024 2458 4524 3689 3943 3375 3746 3026 3548 3463 -1 2699 625 3850 4808 3467 3144 2446 2641 4197 3943 2811 2320 4520 -1 3220 3945 2760 3186 1731 4030 3702 3794 1003 3732 3927
1864 3781 -1 4568 3066 4412 3527 3139 3328 4246 3785 3661 2977 3447 3773 3069 2534 3258 4812 2712 4224 3019 3113 4186 6006 2511 3187 1132 2636 2194 4024 4708 3319 3347 3842 3378 -1 4529 2078 1144 3829 -1 3022 2717 4820 4482 2452 4151 3155 3271 2913 2933 -1 4005 3149 3316 3314 4291 2127 4843 3946 -1 -1 3809 2220 2423 4735 3675 3639 3079 3595 5173 2905 3428 -1 3853 3956 3714 4501 3171 4450 3285 3795 2588 4156 2168 3474 4921 -1 2577 4111 2231 3151 4461 2914 2081 4709 2157 4047 5233
1917 2684 -1 3487 1969 2967 2821 1315 836 1905 2010 2957 1154 3246 1813 2363 5288 3027 3475 2006 3875 1522 1776 2978 5221 1948 1850 1994 1616 2063 2687 3416 2661 2564 2576 2353 -1 3328 1062 2635 2120 -1 2791 2050 3975 3434 2322 1500 1453 349 2682 1596 -1 2149 1189 2610 2217 1364 2180 3506 2954 -1 -1 2425 2620 2192 3594 2384 1816 1742 1893 4570 1568 2400 -1 395 767 2377 3164 1834 2748 142 337 2387 2813 2098 16 3868 -1 1240 2843 456 1859 3275 2322 2139 3867 576 2588 3531
3621 3659 -1 4841 2944 4200 3792 4720 2956 1303 3413 3208 2557 2994 3216 3334 6012 3136 5596 2977 4102 3497 4056 4690 2791 4070 3557 3348 1014 3258 2825 4586 3032 3967 3928 3368 -1 2907 4558 4500 2801 -1 2900 3306 4147 3618 4247 4315 2807 2541 2791 4266 -1 3883 2592 3581 3192 3676 3884 3529 2992 -1 -1 4661 3974 2891 3854 1782 3219 3218 3247 3959 3637 3306 -1 3800 4172 4193 5548 2373 3338 1398 3925 2135 2301 3501 3392 1706 -1 3910 4246 3861 3029 3083 2130 3493 5146 3152 2848 4121
2667 2766 -1 5524 3869 1846 4969 5137 2503 4416 4590 4857 3734 4653 4393 4277 5331 4061 5853 4154 5027 4885 4154 1751 5904 4713 4228 4501 4127 4055 5065 5511 4101 4150 5156 3033 -1 5452 5052 5013 3978 -1 3825 3600 6026 4795 3408 5240 3960 3005 3716 3974 -1 4808 3769 2971 4117 4746 2930 5371 4884 -1 -1 5670 4422 3226 5426 4087 4396 4120 4400 3424 3946 4231 -1 4217 4589 4755 5542 4212 3542 1974 3719 3794 5414 3209 4006 4819 -1 3618 5319 3294 3954 2129 3852 4470 4192 4305 4420 4325
2932 1964 -1 2585 2563 1285 2763 3268 1357 2555 2132 2124 2422 2400 3341 2305 4459 3005 3961 1948 3971 2205 2592 1863 3393 1697 1635 1713 2324 1116 801 2897 2230 1922 2809 1673 -1 2857 3015 3144 1772 -1 2743 2028 2123 3153 469 2692 1172 2253 2660 2412 -1 3341 1311 2552 1497 637 3171 1544 2774 -1 -1 2731 1406 2170 1830 3034 3084 2558 1612 3689 2384 3175 -1 2348 1288 415 3980 2650 2467 442 2241 3152 3194 1945 1969 3855 -1 2056 2827 1417 2872 2394 2255 1858 3911 1517 824 3250
1902 3084 -1 3705 3104 4128 3095 3628 45 4235 502 3357 3015 4407 4447 2637 4954 3296 4521 2280 4262 1796 2822 4224 6105 3031 2041 3669 2674 2236 3733 2743 3268 3042 3737 2793 -1 1820 4316 3681 2343 -1 3060 4523 4223 5151 1589 2461 3646 2839 2951 2642 -1 3110 3166 2884 2617 2650 2165 4552 1905 -1 -1 1750 3657 2461 2595 4714 3677 1670 4086 5545 2614 3370 -1 3027 3399 3423 4210 1762 4762 2853 3361 3548 4882 2953 4443 5020 -1 2286 1335 1502 3189 4410 3663 3705 4747 3274 3756 5545
2605 2198 -1 2965 1483 3665 3548 3259 2308 2499 2765 2471 2555 4190 3214 1891 3961 1675 4171 2733 2641 3410 2622 4316 3987 3162 2696 3512 2210 2226 3254 3125 2464 3965 3274 1907 -1 4083 3853 3524 2557 -1 1439 698 4248 4565 2840 2854 3895 2093 1330 2936 -1 2422 1944 2138 1731 3152 2868 3997 3622 -1 -1 3418 4021 840 3506 2978 3217 1757 3215 4799 2176 1845 -1 2339 2711 2868 4504 1849 4016 2107 2475 3331 3497 2171 3572 2902 -1 2580 2933 2400 1568 3606 3077 2084 5268 3509 2500 4799
6705 5217 -1 7338 6177 6290 5780 7125 4876 4836 5333 5760 4477 5546 6009 5322 9007 6369 7206 4965 7335 4481 5507 6765 8355 5996 5581 6354 4984 5810 6179 5633 5231 5887 5899 5631 -1 6651 6478 6366 5028 -1 6133 6924 4783 6799 5847 6312 6312 5239 6024 5327 -1 6903 4512 5569 6425 5759 4706 6922 4157 -1 -1 5926 6198 6406 7133 5315 5139 5473 6752 7559 5299 6539 -1 6205 4922 5793 6895 5565 6871 5538 7169 4687 4729 5421 6925 7270 -1 4971 5621 4187 4261 6264 5645 6442 8047 5869 6127 1938
3552 3417 -1 4396 2956 3348 2867 3404 2925 3962 3392 2213 2536 1999 3571 2409 5774 4428 4735 2052 5394 3611 2896 4749 6279 3046 2562 3829 3482 2263 3687 4541 1872 3946 2933 1300 -1 4040 3534 3895 3574 -1 2855 4486 3372 4640 3355 3346 3288 2526 4083 2856 -1 3895 2571 2656 3204 3523 3584 4430 3765 -1 -1 3878 3490 4111 4716 4441 3198 3002 3099 4309 2019 4598 -1 2484 2856 3301 4424 3094 4427 2625 3777 1140 4624 2091 3456 5342 -1 2500 3451 2545 2984 3014 3029 2004 5077 2165 3710 5210
1450 2535 -1 4225 2652 3710 2401 3720 2947 3541 3404 2808 2548 4429 3864 1943 5130 2844 3938 1586 3810 1102 2239 3772 5673 3496 1814 3086 719 3569 2530 4294 2574 2933 3452 2244 -1 2612 4031 3098 3501 -1 2608 4067 3852 4699 2922 2234 3319 2145 2499 2059 -1 2883 2583 2190 2068 2423 1713 3969 2697 -1 -1 4587 3205 2009 3559 4020 3210 2205 3759 4851 2031 3014 -1 2800 3172 2840 3627 1937 3664 2159 2812 3570 4636 3340 3084 4588 -1 1703 2985 919 2737 3716 3211 3253 2792 3644 2553 4447
1399 3316 -1 120 2601 3471 3062 2674 3048 3781 3505 3196 2512 2982 3308 2604 4914 2793 4785 2247 3759 2554 2428 3721 6251 2046 2502 667 2171 1729 3339 4243 2854 2882 3080 2913 -1 4064 3659 679 3137 -1 2557 3272 4355 4017 3583 3493 3268 2388 2448 2906 -1 3540 2684 2851 2849 1827 1662 4816 3159 -1 -1 3344 1755 1958 4368 3210 3174 2875 3708 4708 2878 1651 -1 3091 3463 3687 4474 2967 4563 2820 2376 2123 3691 3289 3009 5369 -1 2550 3646 1766 2686 3996 2449 3202 4244 1692 3362 5346
2157 2330 -1 2162 2863 1114 3277 2622 1186 2700 2019 2682 1163 3255 1822 1322 5837 3055 3849 2927 4021 2829 2150 3636 5468 2298 2224 2709 2411 2413 2724 3772 2675 2573 723 1631 -1 3337 1302 2721 3002 -1 2819 2737 3611 3647 2301 1136 2321 1524 2710 1970 -1 1785 1198 1569 1942 3328 2420 3880 2985 -1 -1 3267 2629 2716 3753 2840 1825 2116 2761 3518 1942 2793 -1 1702 1117 2751 3538 2208 3447 1538 2686 2396 3251 2107 2812 4383 -1 1614 2364 1763 2948 2223 2331 3007 3876 1495 2747 4230
3717 2953 -1 4053 2974 3554 3748 2320 1841 4288 3845 3096 3003 2882 4262 3292 4997 4895 4480 2935 5861 2527 2511 4432 5787 2953 2585 2560 3510 3068 3422 4046 3081 3874 3163 1687 -1 4473 3742 3607 3113 -1 4359 4850 3309 4000 3595 834 2019 3149 4550 2601 -1 1483 3038 3539 3222 3959 3232 4511 2683 -1 -1 3576 4364 4276 3446 4767 3665 2747 2459 5518 2573 1734 -1 1400 1772 3382 4169 2839 3314 2942 3137 2023 3255 2792 2816 4702 -1 2245 4334 1461 3665 4223 3871 2705 4880 2364 2440 4097
1983 3900 -1 704 3185 3572 3646 2625 2158 1991 2615 3780 1759 3566 2418 3188 5498 3377 5347 2831 2734 2832 3012 4232 6622 2630 3086 1251 2755 2313 3320 4827 3438 3169 3181 3497 -1 3933 3760 1263 3489 -1 3141 3333 4642 4306 3702 3594 3779 2521 3032 3468 -1 4124 1794 3435 3433 2411 2246 4217 3743 -1 -1 3863 2339 2542 4349 2470 2236 3459 4219 4796 3440 2235 -1 3675 3575 4249 5036 3061 4026 3404 2777 2707 3847 2703 3593 5537 -1 3112 3448 2350 3270 3501 2818 3786 4472 2276 3343 4809
1956 2856 -1 2688 3158 1640 3803 3148 1712 3226 1931 3208 1689 3781 2348 1848 5636 3350 4375 3267 4316 3225 2676 4162 5994 2824 2750 3235 2937 2939 3250 3941 3201 3099 1249 2157 -1 3863 1828 3247 3528 -1 3114 3263 4137 4173 2827 1662 2847 2050 3005 2496 -1 2311 1724 2095 2468 3854 2219 4406 3511 -1 -1 3793 3155 2515 4024 3366 2351 2642 3287 4044 2468 3319 -1 2228 1643 3277 4064 2734 3973 2064 3212 2922 2634 2633 3338 4909 -1 2140 2533 2289 3243 2749 2857 3533 4402 2021 3273 4517
3561 3907 -1 4405 3383 3357 2191 3130 2340 4190 2797 3772 3406 4219 3143 2899 6936 3575 4476 2542 4541 3337 2905 3503 6436 3055 2979 3642 3161 4449 1638 3734 1881 3220 2966 3068 -1 3694 3545 4829 2366 -1 3339 4058 2960 4580 3878 3379 3101 2535 3230 3790 -1 2864 1976 3146 3631 3860 3824 3527 3774 -1 -1 4027 3499 3853 2667 4669 4068 3657 3108 4318 3762 3745 -1 2781 3153 4057 5113 3749 3336 3115 3786 3360 4258 3025 3465 5351 -1 3434 3630 2842 3468 3023 3092 3787 2790 3446 1661 4119
1633 2101 -1 3430 1386 2382 1804 3162 968 2106 1425 2242 569 2661 1228 1346 4024 1578 3871 989 2544 2280 2458 3042 5183 2082 1778 3130 1817 2906 2130 3028 1977 1979 1991 1655 -1 2743 2570 3317 813 -1 1342 2143 3288 1630 2259 2404 2589 1331 1233 2278 -1 2325 604 1593 1634 2427 1896 3334 1174 -1 -1 2673 2035 903 3159 2585 1231 1660 3029 2390 2079 1748 -1 2242 2385 2205 3560 1752 2508 1562 2378 1802 2657 1513 2985 4154 -1 1922 2258 2046 1471 1095 142 1987 3158 2763 2153 3291
2823 3291 -1 4460 2576 3572 2994 4352 2158 505 2615 3432 1759 3851 2418 2536 5214 2768 5061 2179 3734 2699 3258 3892 6373 3272 2968 3690 216 4096 2027 4123 2234 3169 3181 2845 -1 2109 3760 3702 2003 -1 2532 3333 3349 2820 3449 3594 3589 1743 2423 3468 -1 3515 1794 2783 2824 2878 3086 2731 2194 -1 -1 3863 3225 2093 3056 984 2421 2850 3611 3580 3269 2938 -1 3432 3575 3395 4750 1575 2540 2752 3568 2992 3847 2703 2594 5262 -1 3112 3448 3236 2661 2285 1332 3177 4348 3154 2050 3323
3380 3919 -1 2716 3432 3804 3369 2778 2299 2962 3143 3752 2287 3538 3276 2911 4517 4179 3471 2554 4551 2070 2400 4382 4450 3411 2474 1223 2673 2399 3311 4841 3524 3697 3709 3220 -1 4341 2525 3259 2617 -1 3943 3513 4633 2663 2988 2963 682 1812 3834 2220 -1 3612 2322 3158 3680 2827 3643 3508 2639 -1 -1 2695 3791 3655 4340 3441 2949 2366 1122 5120 2192 3863 -1 1858 2230 2934 3788 2458 1977 1605 1800 2679 3960 1455 1479 3365 -1 1864 3953 1776 3284 3825 3455 1368 4940 1027 3334 2760
2643 3111 -1 3294 2396 3392 2814 3356 1978 3116 2435 3252 1579 3671 2238 2356 5034 2588 4049 1999 3554 2519 2807 1713 5028 2927 2788 1801 2827 2977 3140 4038 2987 2989 3001 2665 -1 3753 3103 3837 1823 -1 2352 3153 4298 2640 3269 3414 1260 2341 2243 2798 -1 3335 1614 2603 2644 3405 2906 4086 2184 -1 -1 3273 3045 1913 4169 3595 2241 2670 1700 3400 2770 2758 -1 2436 2808 3215 4366 2762 2555 2183 2378 2812 3667 2033 2057 3943 -1 2442 3268 2354 2481 2105 1152 1946 4168 1605 3163 3338
5506 5139 -1 6064 4424 5779 5353 3847 3368 3771 5473 4218 4617 6045 2724 4832 6902 4616 6007 4538 5582 4054 4308 5484 6928 3822 4382 4657 3482 4595 5219 6066 5193 5401 6039 4848 -1 4495 5527 5167 5269 -1 4380 3639 6541 6086 5318 5795 4116 4814 4271 4128 -1 5363 4652 5079 4672 5486 5322 5997 4220 -1 -1 5539 3531 3781 6248 4250 5279 4274 4556 6484 4100 4786 -1 2927 3299 4909 5696 4366 5411 4607 4802 5303 5345 4889 4481 5843 -1 3772 5874 2988 4509 5551 4225 4802 6848 4461 5242 6194
2837 1534 -1 3621 3267 2633 984 2939 2460 2124 3252 3009 2396 3012 2856 526 5324 3561 3051 169 4527 2657 2087 4136 4672 2331 2161 2934 1835 2152 2998 2976 1157 2958 1050 835 -1 3325 2821 2946 2746 -1 3206 2650 3938 3563 1505 1463 2648 728 3216 1907 -1 2112 2431 773 2269 3102 3100 3817 3050 -1 -1 3269 2775 2726 3643 2603 3058 1903 2384 3434 1879 3603 -1 2019 2391 2688 2740 1995 2651 742 3013 2153 3884 1142 2741 3587 -1 1551 1568 2080 1978 2299 2951 1055 4362 2628 2637 3434
3151 3799 -1 3874 3084 2947 2718 4354 2741 4533 3198 3362 2342 4434 3170 3155 6070 3276 4176 3312 2287 4054 2477 4030 6026 1437 2551 3324 3003 4134 2165 4261 1471 3747 2556 3464 -1 3639 3135 3336 3136 -1 3040 4085 3487 4239 3487 2969 3584 2125 2931 2297 -1 3618 2377 3402 3332 3655 3414 4054 2872 -1 -1 3613 1146 2949 3194 4571 3004 2443 2698 3908 2269 3446 -1 3434 2950 3078 3865 2535 3863 3181 3376 3575 4430 3286 3055 4941 -1 1941 4031 1157 3169 2613 1840 3685 3317 1764 2188 4646
-1 -1 -1 -1 -1 -1 -1 -1 -1 -1 -1 -1 -1 -1 -1 -1 -1 -1 -1 -1 -1 -1 -1 -1 -1 -1 -1 -1 -1 -1 -1 -1 -1 -1 -1 -1 -1 -1 -1 -1 -1 -1 -1 -1 -1 -1 -1 -1 -1 -1 -1 -1 -1 -1 -1 -1 -1 -1 -1 -1 -1 -1 -1 -1 -1 -1 -1 -1 -1 -1 -1 -1 -1 -1 -1 -1 -1 -1 -1 -1 -1 -1 -1 -1 -1 -1 -1 -1 -1 -1 -1 -1 -1 -1 -1 -1 -1 -1 -1 -1
3316 2196 -1 4283 2194 3277 1646 3601 3122 2786 3579 2084 2723 3674 3518 1188 5986 2996 3713 831 3962 3319 2414 3855 5334 2993 2488 3261 2497 2814 2793 3638 1819 3620 2904 1497 -1 3987 3483 3273 655 -1 2760 3312 3130 4225 2167 3317 3485 1390 2651 2234 -1 3133 2758 1435 2442 3592 3579 4144 3689 -1 -1 3931 3437 3388 3822 3265 3385 2380 3046 3819 2206 3166 -1 2681 3053 3015 3402 2472 3313 1404 3186 2815 4261 1469 3403 4249 -1 1878 2230 2742 2640 2961 3510 3405 4891 3290 2816 4096
-1 -1 -1 -1 -1 -1 -1 -1 -1 -1 -1 -1 -1 -1 -1 -1 -1 -1 -1 -1 -1 -1 -1 -1 -1 -1 -1 -1 -1 -1 -1 -1 -1 -1 -1 -1 -1 -1 -1 -1 -1 -1 -1 -1 -1 -1 -1 -1 -1 -1 -1 -1 -1 -1 -1 -1 -1 -1 -1 -1 -1 -1 -1 -1 -1 -1 -1 -1 -1 -1 -1 -1 -1 -1 -1 -1 -1 -1 -1 -1 -1 -1 -1 -1 -1 -1 -1 -1 -1 -1 -1 -1 -1 -1 -1 -1 -1 -1 -1 -1
3967 3560 -1 5343 2845 3018 1653 4342 3090 4900 4911 3833 4055 3681 3878 3253 6435 3037 6148 3734 4003 4549 3984 5617 6698 4202 4030 5033 4611 3945 4555 4487 3234 5123 4319 3269 -1 5402 4898 5045 3919 -1 2801 4021 5054 6002 4202 4216 4926 3455 2692 4298 -1 3784 4090 3500 3093 4391 4211 2989 4984 -1 -1 4780 4685 4163 5584 5379 4717 3119 4461 3860 3538 3207 -1 3422 3021 4169 5837 3211 2798 3469 3837 2822 4639 3533 4427 5613 -1 3942 4295 3483 2930 4127 4711 3446 6190 3399 4578 3581
2494 3676 -1 4087 3559 3569 3687 3401 637 2994 1094 3949 3607 4685 4149 3229 5371 3751 2153 2872 4717 2388 3414 4816 4482 3623 2633 3808 2705 2618 4325 3335 2450 3424 2473 2935 -1 2412 4114 4273 2935 -1 3515 2774 3262 5218 2181 2082 3267 2494 3406 3234 -1 2731 3758 3476 3209 2371 2757 5144 2497 -1 -1 2342 3340 2916 3187 3473 4269 2262 3677 4887 3206 3921 -1 2481 2853 4015 1842 2354 4562 3089 3953 3826 1670 3545 4034 3397 -1 2878 1927 2094 3644 3592 3821 3953 5339 2743 4348 4711
2837 3477 -1 2794 2762 2633 2955 2108 1629 2032 2258 3048 2682 4027 2856 2497 4078 4087 860 2140 4824 1687 2181 4618 5194 2331 2255 2515 1480 1325 3092 4114 1157 2131 2242 1642 -1 3325 2821 3353 1964 -1 3206 3612 3264 3925 3345 789 1974 1470 3742 2389 -1 1438 2717 2744 3010 1078 3100 4039 1857 -1 -1 2940 2047 3396 3928 2511 3344 2535 2384 3594 2361 4257 -1 1188 1560 3170 549 2627 3269 2713 3062 3168 3210 2747 2741 4109 -1 2033 3091 1249 2980 2299 2859 2660 4362 1450 3115 4052
4059 4051 -1 4749 3588 3701 4443 5209 2287 5020 2744 4194 1888 3980 4142 3909 6938 3780 4560 3628 4746 4038 2861 4361 6440 3407 2935 3708 4196 3439 3772 4020 4179 3298 3310 4012 -1 4062 3889 3720 3452 -1 3544 5057 5094 4544 3831 3723 3908 2650 3435 2681 -1 4314 1923 4156 3836 3763 2936 3300 4088 -1 -1 3992 4428 3817 4544 5427 2550 2827 4348 5304 1371 3950 -1 4289 3704 3462 4249 2460 5203 3812 4580 3121 3976 2832 4705 5679 -1 2325 3577 3744 2463 4009 3056 4189 5401 4082 3538 5986
4709 4302 -1 5069 3587 5530 4723 4507 4028 4603 4869 4069 4346 3855 5005 3995 6065 3779 6275 3908 4745 4593 4726 6170 6091 5140 4418 5186 4210 4119 5358 5229 4054 5756 4789 4011 -1 6103 4254 5628 4661 -1 3543 2802 5228 6508 4944 4692 4645 3541 3434 4788 -1 4526 4048 4242 3835 4556 4972 6101 5726 -1 -1 5522 5672 2944 5610 5082 5008 3861 5085 6491 4280 3949 -1 3587 3959 4972 6356 3953 5940 3334 3529 2996 5601 4275 3208 5006 -1 4432 5037 3648 3672 5196 4885 4188 7059 3768 4604 6723
3438 3521 -1 2774 3490 3702 2971 2836 2288 3020 2745 3810 1889 3596 3334 2513 4575 3781 3529 2156 4609 1672 2458 4362 4508 3408 2532 1281 2731 2457 3369 4899 3144 3299 3311 2822 -1 4063 2583 3317 2219 -1 3545 3571 4691 2721 3046 3021 740 1870 3436 2278 -1 3670 1924 2760 3738 2885 3701 3566 2241 -1 -1 2297 3849 3713 4398 3499 2551 2424 1180 5178 2250 3921 -1 1916 2288 2992 3846 2516 2035 1663 1858 2737 3977 1513 1537 3423 -1 1922 3555 1378 3342 3883 3057 1426 4998 1085 3392 2818
-1 -1 -1 -1 -1 -1 -1 -1 -1 -1 -1 -1 -1 -1 -1 -1 -1 -1 -1 -1 -1 -1 -1 -1 -1 -1 -1 -1 -1 -1 -1 -1 -1 -1 -1 -1 -1 -1 -1 -1 -1 -1 -1 -1 -1 -1 -1 -1 -1 -1 -1 -1 -1 -1 -1 -1 -1 -1 -1 -1 -1 -1 -1 -1 -1 -1 -1 -1 -1 -1 -1 -1 -1 -1 -1 -1 -1 -1 -1 -1 -1 -1 -1 -1 -1 -1 -1 -1 -1 -1 -1 -1 -1 -1 -1 -1 -1 -1 -1 -1
3282 3376 -1 4014 4027 2966 2826 3938 3038 3966 3257 3998 3015 4854 3674 2368 5078 4219 4893 2011 5185 1527 3466 5488 6514 4150 3540 4178 3677 3994 4377 3175 2999 4425 2039 2677 -1 5167 3154 3815 4588 -1 3983 4492 4927 5242 3347 2452 3637 2570 3874 3286 -1 3101 3050 2615 3258 3301 3545 5196 4301 -1 -1 3468 4481 3384 5350 4435 3677 2561 4077 5276 3258 4261 -1 3018 2969 4067 4582 2653 4493 2584 4002 3995 3960 3959 4434 5429 -1 2930 2226 3079 3820 4075 4183 4122 5728 3347 4400 5276
3522 1801 -1 2422 2400 3358 2674 3105 2626 2392 3115 2074 2259 3865 3603 2216 4296 2900 3798 1859 3866 2042 2429 4478 4777 1534 1472 1550 3000 953 3340 3782 2067 1759 2646 1510 -1 4235 2852 2981 1683 -1 2664 2187 4158 2990 306 3059 1009 2090 2555 2249 -1 3339 2294 2463 1334 3105 3785 3835 2611 -1 -1 2568 1243 2329 3556 2871 2921 2395 1449 4504 2221 3070 -1 2185 2557 3030 3817 2487 2304 279 2078 3006 4287 1782 1806 3692 -1 1893 2833 1254 2793 3209 3219 1695 4969 1354 2725 3087
2109 3924 -1 830 3209 3500 3772 2751 2284 2117 2741 3906 1885 3692 2544 3314 5624 3503 3728 2957 2860 2958 2029 4078 5608 2756 2103 1377 2881 2439 2940 4470 3564 3295 3307 3623 -1 4059 3886 1389 3615 -1 3267 3459 4262 4432 3039 3657 3742 2647 3158 1849 -1 3614 1920 3561 3457 2537 2372 3759 3869 -1 -1 3989 2465 2668 3969 2596 2362 1995 4182 4922 1821 2361 -1 3783 3503 2630 3417 2087 4152 2980 2903 2833 3973 2829 3619 5561 -1 1493 3574 2476 2913 3627 2944 3912 4569 2402 2963 4935
2469 3481 -1 3313 2993 2265 3482 3672 2337 3851 3170 2680 2314 4177 2488 2473 6149 3719 4403 2667 4685 3372 1813 4589 5344 1963 1887 3767 2989 3564 2724 4510 789 3125 1874 2782 -1 2957 2453 3872 2491 -1 2838 3403 4046 3557 3452 2287 3226 1443 3374 3121 -1 2936 2349 2720 3093 3721 2732 3671 2682 -1 -1 2931 2407 3028 3753 3889 2976 3267 2016 3226 3093 3889 -1 2752 2268 3828 4689 3359 3344 2499 2694 3438 4022 3011 2373 4259 -1 2765 3515 2418 2953 1931 3482 3912 3994 1082 2747 4127
-1 -1 -1 -1 -1 -1 -1 -1 -1 -1 -1 -1 -1 -1 -1 -1 -1 -1 -1 -1 -1 -1 -1 -1 -1 -1 -1 -1 -1 -1 -1 -1 -1 -1 -1 -1 -1 -1 -1 -1 -1 -1 -1 -1 -1 -1 -1 -1 -1 -1 -1 -1 -1 -1 -1 -1 -1 -1 -1 -1 -1 -1 -1 -1 -1 -1 -1 -1 -1 -1 -1 -1 -1 -1 -1 -1 -1 -1 -1 -1 -1 -1 -1 -1 -1 -1 -1 -1 -1 -1 -1 -1 -1 -1 -1 -1 -1 -1 -1 -1
1971 1564 -1 3118 849 2877 3370 2625 2146 3214 3168 1837 2596 3810 3255 1257 4992 3365 4785 2555 4331 2832 2854 4293 4702 3258 2928 3665 2925 1649 3765 3707 1830 2455 2486 1273 -1 3998 3065 3677 2379 -1 3129 3381 3614 3657 1002 2899 3261 1459 3020 2906 -1 1788 2631 1504 1097 2868 2234 4169 2988 -1 -1 3264 3448 2530 4252 3693 3258 2634 3701 4165 2878 3535 -1 1705 2077 3687 4474 2726 3382 1473 1841 2951 3560 3193 4058 3617 -1 2550 2299 1766 2969 2972 2983 3774 5035 3258 3368 4165
2948 916 -1 3674 2817 3697 3119 3287 2283 2566 2740 3326 1884 3601 2543 2661 4706 3009 5186 2304 3975 3084 3681 4357 4054 3397 3755 3304 2277 2205 3445 4222 3162 3011 3306 1183 -1 4058 3885 3316 2128 -1 2773 2032 4603 2945 1558 3719 3171 1155 2664 3501 -1 3756 1919 1121 2586 3742 3211 3521 4084 -1 -1 3820 3350 2174 3576 3045 2546 3091 3611 2816 3141 3179 -1 2367 2739 3520 4875 3183 2934 124 3330 2742 3564 2828 3473 2969 -1 3145 3573 2428 2665 2410 3052 3418 4473 3516 2570 3717
