100
-1 4686 3988 -1 2394 4011 4061 -1 2607 2182 3977 4175 -1 4335 4890 4214 2267 6974 3688 1597 4612 5033 3268 3018 5584 3576 2744 2941 3389 3131 4292 2112 4663 1582 3012 4139 4172 2452 3779 2233 3548 1846 3371 4821 3958 3774 2985 955 4961 4932 3199 4398 3900 3631 2853 6176 2796 2529 2665 3551 -1 3328 -1 3475 4831 4764 2928 -1 2534 4041 3644 2889 3615 5372 4652 4279 2174 1695 3127 3636 5277 3434 3165 4716 -1 3158 2842 3247 3733 2879 4283 2782 3725 2809 2426 3682 5508 2612 3327 3407
2898 3242 4239 1946 2578 3039 3764 2377 5382 4882 4823 4071 4424 2996 2319 -1 2749 1492 3380 2298 3060 4504 5443 2780 3594 4276 -1 -1 5055 3728 3001 3069 2185 3602 3680 2911 1699 3523 3220 3278 -1 4945 3946 3084 3620 2898 4108 3922 3879 3059 5021 3022 4811 2904 2654 3359 3604 3760 5044 4188 3439 2812 4328 4342 5259 3860 4020 4528 4549 -1 3078 5194 3421 3486 4428 3815 3172 3295 2627 3876 3149 2800 4021 3731 4310 2804 2476 3969 3123 3335 903 4476 3517 5261 3599 3345 -1 3530 2968 -1
-1 2580 3206 -1 3694 2685 4054 -1 2196 3126 1331 1439 -1 1302 3834 3490 1229 1325 3002 3401 2277 1700 2793 643 1794 4289 3344 3298 1326 2951 1375 2886 3670 2631 3106 2557 1889 3251 2689 3404 3691 3675 2243 271 3483 2365 3520 3760 1414 2469 1893 1537 2929 3281 1923 3794 3435 2992 4574 5014 -1 5567 -1 3018 1800 2065 2928 -1 3601 1239 4118 2632 3290 3543 1487 3398 2824 3397 4402 2788 1254 2034 4073 1902 -1 2797 3219 2877 2088 782 2322 3153 3150 2499 1070 2174 2154 1601 3227 806
2981 2395 2292 4293 3727 2228 3163 3260 1870 2039 4892 1918 3799 3056 2773 -1 5008 1916 2950 2982 3243 3021 3265 3618 3008 1186 -1 -1 3478 2962 2825 1144 2496 2513 2895 1568 3299 2114 3050 3381 -1 3632 1225 2008 2660 2382 2510 1833 1388 1154 2466 1138 5564 1899 2027 2356 1368 3098 4189 2207 4050 1577 1955 1156 1920 2201 2163 1109 2675 -1 2839 2091 2077 2753 4637 1734 1041 1797 2841 2814 2488 608 3626 3424 2889 3258 3829 1860 4614 4676 2505 5526 3223 3417 2104 2995 -1 3848 693 -1
-1 -1 -1 -1 -1 -1 -1 -1 -1 -1 -1 -1 -1 -1 -1 -1 -1 -1 -1 -1 -1 -1 -1 -1 -1 -1 -1 -1 -1 -1 -1 -1 -1 -1 -1 -1 -1 -1 -1 -1 -1 -1 -1 -1 -1 -1 -1 -1 -1 -1 -1 -1 -1 -1 -1 -1 -1 -1 -1 -1 -1 -1 -1 -1 -1 -1 -1 -1 -1 -1 -1 -1 -1 -1 -1 -1 -1 -1 -1 -1 -1 -1 -1 -1 -1 -1 -1 -1 -1 -1 -1 -1 -1 -1 -1 -1 -1 -1 -1 -1
-1 0 2311 -1 3955 4492 3765 -1 2788 3297 3681 3477 -1 4147 3272 3918 3656 4431 3576 3835 4316 5064 2972 1937 5801 3456 4305 1686 3658 3108 3996 3673 4367 4340 2633 2960 3876 2804 3050 2045 3425 3638 3347 4067 3547 3363 4378 3646 3706 3851 3175 2708 1613 2673 2674 6208 439 4135 2542 1728 -1 3853 -1 3451 3588 2477 3409 -1 1411 4350 3521 4009 3507 5214 4241 1736 2372 3088 3004 2555 5040 3138 3002 4614 -1 3356 2546 2295 3709 3760 4104 1523 1392 2513 3675 4163 5212 3041 3280 3212
-1 3841 0 -1 2995 2181 2548 -1 1010 2791 2464 3707 -1 3751 3231 2957 2885 4746 3600 2215 3356 4254 2012 2785 4965 1145 3345 3174 1880 3827 4264 2713 4813 2335 2554 649 2916 1367 739 2834 1114 2464 2903 4353 3490 3306 3738 1335 3996 3862 2731 3558 2520 3492 2563 5465 1289 3147 231 1591 -1 3446 -1 3007 3746 3384 1098 -1 2899 3512 1210 3507 2370 4690 4092 2051 2775 2448 693 3374 4253 3986 2080 3839 -1 2139 2992 3143 3030 2646 3703 3535 2880 2959 2136 1852 4136 2713 2163 2989
-1 -1 -1 -1 -1 -1 -1 -1 -1 -1 -1 -1 -1 -1 -1 -1 -1 -1 -1 -1 -1 -1 -1 -1 -1 -1 -1 -1 -1 -1 -1 -1 -1 -1 -1 -1 -1 -1 -1 -1 -1 -1 -1 -1 -1 -1 -1 -1 -1 -1 -1 -1 -1 -1 -1 -1 -1 -1 -1 -1 -1 -1 -1 -1 -1 -1 -1 -1 -1 -1 -1 -1 -1 -1 -1 -1 -1 -1 -1 -1 -1 -1 -1 -1 -1 -1 -1 -1 -1 -1 -1 -1 -1 -1 -1 -1 -1 -1 -1 -1
-1 4399 3739 -1 0 3296 2674 -1 3785 3437 3369 3875 -1 4109 4021 3606 4110 6285 3726 3440 4004 5822 2660 3051 6199 3906 350 4705 3733 3941 3684 3361 4055 3678 2198 3424 3564 2369 2992 2007 4853 3689 3071 4999 4136 3952 4340 4305 4644 3871 3377 4570 4074 3417 3125 6132 2301 4372 3970 3881 -1 3518 -1 2025 4505 4938 3351 -1 3070 5185 2764 4419 2014 5547 4830 3605 1948 3050 3663 3299 4325 2162 3082 3848 -1 2932 2234 3021 2955 2912 3186 3112 4889 2201 2698 4105 4900 3275 4392 3499
-1 3320 3601 -1 3232 0 2027 -1 489 2270 1943 3186 -1 3230 3284 3920 3105 5576 3079 2435 3776 5287 2971 2631 4444 624 3582 2653 1359 3768 3743 2950 4703 2219 2033 128 3875 846 4222 3012 3978 2404 2382 3832 1387 2785 3556 3004 4436 3341 2210 3037 2580 3073 2042 6443 768 3087 3302 1887 -1 2925 -1 2486 3225 3444 2708 -1 2378 4018 3225 3336 1849 4169 3571 2907 3012 2332 2362 2955 3732 3832 1559 3318 -1 1618 2930 2989 2611 3717 3201 3307 2359 2897 1615 3274 4619 2192 1643 2468
-1 4956 4467 -1 3843 4024 0 -1 4313 2520 4285 3374 -1 3841 4346 4552 3716 6915 1052 3046 4097 6349 3606 3779 5698 4648 4193 3860 4308 4569 4630 3561 5001 3850 1737 4152 4510 1908 3720 3204 3577 3295 2570 4020 3157 2973 2989 1874 5047 4452 2398 4955 4216 3394 3853 6004 3247 3978 4323 3226 -1 4164 -1 2674 4287 5080 3266 -1 2872 4206 3413 4338 4228 5784 2567 4254 3623 3353 1232 3276 5442 4883 2621 4429 -1 4567 3180 4094 2932 3640 3914 4446 3995 3147 3426 4020 5846 3975 3413 4146
-1 -1 -1 -1 -1 -1 -1 -1 -1 -1 -1 -1 -1 -1 -1 -1 -1 -1 -1 -1 -1 -1 -1 -1 -1 -1 -1 -1 -1 -1 -1 -1 -1 -1 -1 -1 -1 -1 -1 -1 -1 -1 -1 -1 -1 -1 -1 -1 -1 -1 -1 -1 -1 -1 -1 -1 -1 -1 -1 -1 -1 -1 -1 -1 -1 -1 -1 -1 -1 -1 -1 -1 -1 -1 -1 -1 -1 -1 -1 -1 -1 -1 -1 -1 -1 -1 -1 -1 -1 -1 -1 -1 -1 -1 -1 -1 -1 -1 -1 -1
-1 4078 3631 -1 3218 3302 3660 -1 0 1781 3576 2697 -1 3216 2795 3813 3078 5087 2998 2421 3420 4798 2482 2661 5021 3038 3568 2416 870 3279 3254 2936 4214 1730 2768 3068 3386 357 4083 2527 3489 2199 1893 3343 2480 2296 3067 2905 4263 2852 1721 4278 3253 2717 1553 5954 2508 2882 2813 1398 -1 2436 -1 1997 2736 3775 2219 -1 2051 3529 2736 2847 3551 3680 3174 3577 2998 1843 2263 2599 3243 3862 1070 2829 -1 1129 2441 3019 2255 3561 2712 2818 3200 2408 1126 2973 4130 1703 2736 2498
-1 3182 3453 -1 2069 1829 1879 -1 2318 0 1795 3758 -1 3088 2879 2032 2533 6077 2931 1863 2430 5375 1086 2483 3402 2453 2419 2515 2159 2049 2110 1787 2481 3240 1574 1957 1990 1745 4010 986 3882 2112 2954 4355 3216 3357 3319 3753 3070 3581 2782 2996 1718 3219 2779 4558 727 2795 2999 2736 -1 3442 -1 3418 3693 2582 746 -1 352 4230 3978 3155 3290 5334 4235 3899 1313 2029 3111 3101 4771 2637 2458 3555 -1 2297 660 2000 3316 3145 3518 2613 2221 627 2415 1500 3326 2149 3472 2320
-1 3255 1658 -1 2992 3038 84 -1 2668 1209 0 2063 -1 3814 4088 3241 2407 4799 1136 3000 2786 3580 2295 688 4387 2323 3342 2902 3368 3258 3319 2340 2865 2639 1821 2307 3199 1992 2397 1949 2772 2260 1259 2709 1846 1662 3073 1958 4279 2602 1087 3924 2573 1424 2002 5658 1936 2680 1889 2330 -1 1790 -1 2202 4371 3437 1955 -1 1561 2895 2868 3040 2258 4753 2540 2104 2192 2752 1316 1306 3791 1889 2705 4513 -1 1549 1869 1046 1621 2422 3432 2866 2608 1836 2566 2709 3462 354 2031 525
-1 3816 2219 -1 2815 3388 3479 -1 3229 2609 3649 0 -1 2500 3055 3970 2968 5583 2774 2188 3770 4972 3318 1249 2324 2884 3165 3077 2948 2892 2899 277 4860 3050 2987 2868 4222 617 2958 398 3294 2998 2380 4109 3246 3062 2731 3515 3706 3163 2487 4027 3143 1985 2978 5922 2557 3013 2411 1894 -1 3545 -1 2763 2962 1851 3317 -1 2379 3802 3334 3373 2819 4856 3940 4025 339 1441 2873 1867 4352 2255 1330 2967 -1 1323 3130 1412 2605 2221 2440 3115 3169 3097 2790 4071 4854 2521 2592 2692
-1 -1 -1 -1 -1 -1 -1 -1 -1 -1 -1 -1 -1 -1 -1 -1 -1 -1 -1 -1 -1 -1 -1 -1 -1 -1 -1 -1 -1 -1 -1 -1 -1 -1 -1 -1 -1 -1 -1 -1 -1 -1 -1 -1 -1 -1 -1 -1 -1 -1 -1 -1 -1 -1 -1 -1 -1 -1 -1 -1 -1 -1 -1 -1 -1 -1 -1 -1 -1 -1 -1 -1 -1 -1 -1 -1 -1 -1 -1 -1 -1 -1 -1 -1 -1 -1 -1 -1 -1 -1 -1 -1 -1 -1 -1 -1 -1 -1 -1 -1
-1 3496 2068 -1 2689 3171 3149 -1 3078 1619 3065 2473 -1 0 3162 3651 2648 5209 2568 1892 3196 3990 2351 1098 4797 2733 3039 2940 739 2908 3123 2407 3275 1599 2433 2717 3255 2604 2807 1845 3182 2670 1669 3119 2256 2072 3002 2774 1206 2843 1497 3890 2577 1665 1422 5823 2346 3090 2299 1757 -1 2200 -1 2612 4552 3441 2088 -1 1211 3305 3278 2716 2499 3549 2950 2514 2172 1712 2132 1547 3112 2130 3019 3808 -1 998 2279 1287 2031 2084 2581 2687 2849 2246 995 2842 3872 764 2272 935
-1 3994 4368 -1 3602 3552 4665 -1 3427 3915 4581 4280 -1 4117 0 5002 3475 6829 3043 2805 4135 5830 2791 3398 6604 3562 3952 2789 4297 4853 5536 3320 5575 3884 3692 3066 3695 1713 4311 3035 4477 366 3476 5419 4556 4372 4185 3778 4661 3706 3797 5975 3686 4134 4061 6263 3706 1049 3865 3140 -1 4500 -1 2912 4092 4550 3143 -1 3475 5605 3651 1409 4514 3892 4522 4492 2976 2895 3187 4016 6464 4342 2426 3236 -1 2053 2365 3756 3838 4087 3636 5084 3573 4542 3634 3897 5712 3064 4535 3235
-1 3502 3817 -1 4241 4766 5077 -1 4771 3360 5155 4214 -1 5880 6239 0 4566 7402 4486 3444 4937 5559 4446 2847 6538 4482 4591 5061 2873 5409 5470 3959 4844 4790 4601 4466 5350 4299 4556 3928 4931 4411 3410 4860 3997 3813 4584 4908 6430 4761 3238 5795 4741 3583 3556 7637 3941 4831 4048 4066 -1 3769 -1 3514 5992 5605 4106 -1 3712 2251 4253 4850 4417 6624 4691 4707 4021 4903 4266 3465 5950 4048 5012 5493 -1 3132 4020 3205 3772 5025 4656 4821 4767 3987 3129 4860 5441 2957 4190 2684
-1 3318 1721 -1 3277 2810 2981 -1 2731 1591 3037 2445 -1 4196 3893 3585 0 5202 2390 2889 3168 3962 2294 751 4769 2386 3627 2965 3601 3455 3663 2722 3247 2257 1378 2370 3043 1549 2460 2314 2835 2642 1641 3091 2228 2044 3335 2133 4278 2665 1469 3467 2645 1487 586 5482 2280 3062 1952 1513 -1 2172 -1 2265 3928 3509 2337 -1 1943 3277 2931 1880 2321 5129 2922 3110 2255 2370 1491 1369 3854 1167 2262 3394 -1 2524 2213 1109 2003 612 2016 1851 2671 2180 159 3091 3844 736 2094 1531
-1 3249 1652 -1 2986 3032 2733 -1 2662 1203 2649 2057 -1 3808 4052 3235 2401 0 2321 2994 2780 3574 2289 682 4381 2317 3336 2896 3314 1782 3313 2334 2859 2633 2436 2301 3193 2607 2391 1943 2766 2057 1253 2703 1840 1656 3266 2835 4273 2596 1081 3716 2567 1418 1996 5652 1447 2477 1883 2324 -1 1784 -1 2196 4518 3431 1949 -1 1555 2692 2862 2837 2252 4747 2534 2098 2186 2746 2193 1300 3785 1883 3320 4512 -1 3170 1863 1040 1615 2416 3426 2860 2602 1830 2560 2703 3456 348 2025 519
-1 3904 3415 -1 2791 2972 3317 -1 3261 1468 3233 2322 -1 2789 3294 3500 2664 5863 0 1994 3045 5297 2554 2727 4646 3596 3141 2808 3256 3517 3578 2509 3949 2798 685 3100 3458 856 2668 2152 3500 2243 1518 2968 2105 1921 1937 822 3995 3400 1346 3903 3164 2342 2801 4952 2195 2926 3271 2174 -1 3112 -1 1622 3235 4028 2214 -1 1820 3154 2361 3286 3176 4732 1515 3202 2571 2301 180 2224 4390 3831 1569 3377 -1 3515 2128 3042 1880 2588 2862 3394 2943 2095 2374 2968 4794 2923 2361 3094
-1 4209 4070 -1 797 3950 2678 -1 3753 3057 4166 3422 -1 2738 3293 4208 3576 5874 2091 0 4145 5296 3243 2758 5746 2438 1147 3461 3186 2048 3137 515 4852 2112 2202 3634 4147 855 3789 636 3532 2323 2618 4805 3942 3758 2969 2913 3944 3418 3183 3982 3648 3442 3718 6160 1713 2743 2649 2462 -1 3387 -1 2822 3234 4512 3803 -1 2617 2958 3561 3103 2018 4062 3606 3179 577 1679 2271 3324 4194 2493 1568 3205 -1 1561 3031 1650 2980 3709 3901 3116 3975 2998 3395 3361 5178 3129 1730 3300
-1 4201 2604 -1 3299 2821 3864 -1 2792 2994 4132 3848 -1 2828 5211 4298 3172 6194 3102 2502 0 4546 2771 1634 6172 3125 3649 2850 2401 3220 2352 3017 5129 2783 2980 2949 3675 3149 3343 3138 3718 2751 3044 4494 3618 3447 4186 3117 4034 3548 2872 3235 3528 2370 354 5917 2885 3434 2835 3133 -1 1534 -1 3148 4902 3791 3702 -1 3223 4123 3814 3794 3204 4733 4163 3499 3079 2896 2475 2252 2341 2835 3529 3295 -1 2660 2770 1992 3066 2704 1784 1619 3554 3583 2657 4456 4428 2618 2977 2789
-1 3266 2192 -1 3356 2163 2508 -1 2652 2062 2424 2916 -1 3083 4351 4036 471 5673 2861 2619 3328 0 2373 1222 5240 2787 3706 3436 3361 2808 4134 3074 3718 2723 1849 2291 3277 2020 1859 2785 3306 3113 2112 3562 2699 2515 3806 2604 4289 3136 1940 3585 3116 1958 1057 5845 2751 3533 2423 1984 -1 2643 -1 2736 4399 3980 2218 -1 2414 3748 3402 2351 2792 4414 3393 3581 2726 2836 1962 1840 4113 1638 2733 3865 -1 2995 1947 1580 2163 1083 2053 2322 3142 2651 630 2931 4315 1207 2565 2002
-1 4395 3246 -1 983 3448 2864 -1 1741 1818 3195 2672 -1 2924 2468 3186 1564 6060 2277 2612 1344 4996 0 2315 4996 1876 1333 3647 2611 2234 3323 701 4029 2298 2388 1380 904 1041 3975 822 3718 2509 1868 3318 2455 2271 3155 3099 1984 3604 1696 4168 3536 2692 1698 3472 1899 2929 2835 2648 -1 2878 -1 3008 3420 4400 2564 -1 2170 3144 3731 3289 2204 4248 3149 3365 763 1865 2457 2574 3685 2679 1754 3391 -1 1747 2299 1836 2230 2176 3128 2963 3611 2266 1723 3318 4878 2300 2711 3095
-1 2567 2576 -1 3031 2683 2230 -1 2238 2127 2789 2981 -1 3665 3577 3573 1719 4570 1639 3337 3704 4038 2627 0 5305 1635 3381 2214 3108 3489 3651 2749 3783 2959 1754 2811 3531 1925 2390 1563 2685 2764 2177 3627 2764 2580 3576 2461 4234 1914 2005 3794 1894 736 2305 6099 2268 3447 2807 3232 -1 2708 -1 2713 3836 2758 2749 -1 1939 3813 2781 3599 1570 4909 3154 3022 1504 2606 1819 618 4709 1201 2638 4132 -1 2488 2201 358 2539 2331 3735 2178 1920 2168 1878 2974 3920 1272 1343 1443
-1 3718 2121 -1 2020 1153 3180 -1 1124 1672 3096 2526 -1 3769 3919 2844 2870 4526 2790 2974 2872 3419 1528 1151 0 1457 2370 3354 1994 3270 3416 2229 2704 2840 1906 1281 2432 1481 2860 1788 3235 2723 1722 3172 2309 2125 2917 3304 3512 1506 1550 4190 2300 1887 1841 5000 1921 3143 2352 2522 -1 1629 -1 2658 3860 3164 2418 -1 2024 3358 1010 3503 2693 4804 2495 1831 2291 2831 2662 1769 4254 2352 2194 3840 -1 2253 1102 1509 2084 2876 116 2955 3071 1933 2027 3172 3301 817 2494 988
-1 4107 5205 -1 4836 3800 3631 -1 2093 3874 3547 4790 -1 4834 4888 5524 4709 5103 4683 4039 5380 6891 4575 4235 6048 0 5186 4257 2963 4184 5347 4554 6307 3823 3637 1732 5479 2450 5826 4616 5060 4288 3986 5436 4573 4389 5160 4998 6040 4945 3814 4641 2877 4677 3646 8047 2372 4807 4177 3491 -1 4529 -1 4090 4829 3741 4312 -1 3982 5022 4829 4940 3453 5773 5175 2408 4616 3936 4356 4559 5336 5436 3163 4922 -1 3222 4534 4593 4215 5024 4805 4911 3963 4501 3219 5066 6223 3796 4829 4072
-1 4049 3389 -1 374 2946 3048 -1 3435 3584 3019 4249 -1 3866 4395 3256 3874 6659 4100 3402 3654 5472 2310 2701 6573 3570 0 4355 3383 3591 3334 3011 3705 3506 2572 3074 3214 2743 2642 2381 4503 3733 3445 4974 4221 4037 4714 3955 4294 4245 3462 4220 4448 3408 2775 5782 1951 4416 3620 3856 -1 3892 -1 2399 4879 4961 3001 -1 3444 5270 3138 4069 2388 5197 4915 3979 2322 3424 3313 3290 4699 1812 3456 4222 -1 2624 1884 3059 2946 2562 2836 2789 4621 1851 2348 3755 4550 2925 4044 3149
-1 1745 4056 -1 2560 4404 3157 -1 1102 2778 3073 2869 -1 3539 3110 3310 3141 4640 2907 3227 2921 3378 1577 3291 5193 3453 2910 0 1972 2500 3388 2278 3759 2832 2025 2957 2481 1459 4327 1437 4333 3301 2828 4278 3415 3231 3770 3231 2020 3954 2656 4274 1005 2884 2066 5049 2005 3984 3450 2500 -1 3249 -1 2932 2980 1869 3321 -1 803 4464 3671 3473 3718 3528 4109 3481 1764 2480 2589 2766 4345 3128 2172 3931 -1 2231 1151 2451 3190 3152 3496 2703 784 1905 2228 4075 4604 2805 3671 3272
-1 3881 2761 -1 3263 2432 2963 -1 2850 1688 3134 2542 -1 3897 3482 3208 2526 5902 2446 2466 3265 4059 2510 1791 4866 3056 3613 3179 0 3567 3798 2819 3344 2971 1898 2560 3140 2069 3500 2428 3492 2715 1738 3188 2325 2141 3150 2035 4494 2721 1566 3564 2701 2527 683 5982 2415 3159 2992 2809 -1 2269 -1 2635 4448 3565 1349 -1 2040 3374 3374 1977 2720 5232 2728 3207 2654 3084 1393 2409 4610 2992 2782 3352 -1 259 2348 2149 2100 2901 1842 1948 2920 2315 256 2103 3941 833 2581 1628
-1 3814 3936 -1 3510 4729 2670 -1 3707 3841 3236 4534 -1 3812 2270 2988 4091 5817 3207 3500 2686 4517 2527 2966 4965 4339 3860 3683 3384 0 3551 3228 3831 4206 2298 3907 3431 2469 3855 1710 4606 2636 3730 5183 4478 4294 4043 4029 4511 4880 3719 3824 2442 1983 2262 5999 2168 3319 3723 3671 -1 3798 -1 4456 4417 3306 4214 -1 1076 3990 4702 3679 2817 4653 4722 3177 2037 2753 3387 1865 4339 3567 3182 4279 -1 3021 2101 2724 1521 2827 3692 3527 3389 2068 3640 4968 4383 2986 4309 3157
-1 3546 2541 -1 947 2481 2828 -1 2160 1737 3183 2591 -1 2888 2887 3257 820 5159 2241 150 1763 4108 419 1571 4915 2295 1297 2822 49 2198 0 665 3393 2262 1947 1799 1323 1005 3280 786 3541 399 1787 3237 2374 2190 3119 2084 2403 2770 1615 3613 2750 2307 732 3891 1863 1082 2772 2333 -1 2318 -1 2684 3384 3614 1398 -1 2089 3108 3423 1442 2168 3925 2777 2464 727 1829 1442 2189 4104 1987 1718 3269 -1 308 2397 1800 2149 1432 1891 1997 2969 2364 305 2152 3990 882 1880 1677
-1 4129 3555 -1 2538 3621 3452 -1 3238 2542 4003 2907 -1 2223 2778 3693 3061 6267 2497 1911 3630 4781 3041 2243 5231 2750 2888 2946 2671 2615 2622 0 5023 2773 2976 3119 3945 340 4066 121 3017 2721 2103 4290 3427 3243 2454 3238 3429 2903 2668 4549 3236 2927 3203 5645 2280 2736 2134 2578 -1 3954 -1 2944 2719 4100 3288 -1 2102 3525 3113 3096 2792 5579 4012 3748 62 1164 2596 2809 4761 1978 1053 2690 -1 1046 3008 1135 2465 3673 3386 2955 3460 3169 2927 3798 4663 2614 3586 2785
-1 2395 4028 -1 3210 3310 3807 -1 1752 3192 3723 2282 -1 3847 2989 3707 3791 3944 3557 3877 3571 4028 2227 3058 4606 926 3560 650 2622 3150 4038 2559 0 3482 2310 2658 3131 2109 4365 2087 3419 3355 3242 4692 3829 3645 2856 3640 2670 4604 3070 3696 1655 2929 2716 5699 2655 4038 2536 255 -1 2626 -1 3179 3630 2519 3938 -1 1453 4878 3515 4123 3763 4178 4523 3334 2414 1566 2998 3416 4995 1667 2822 4314 -1 2881 1801 824 3604 3208 4146 2080 1434 2555 2712 4692 5254 3289 4085 3876
-1 3370 2958 -1 3668 3568 3415 -1 2727 1739 3331 2593 -1 3553 3374 3771 3707 5392 3627 3549 3316 3451 2825 1988 4917 1994 4018 2703 3081 1549 3706 2870 3541 0 1430 3607 3293 1601 3485 2423 1966 1824 1789 3239 2376 2192 1403 2187 4723 3902 1617 2816 2630 2049 2678 4594 1214 2244 1083 1969 -1 1746 -1 1893 3980 3372 2485 -1 2091 2459 2062 2604 2883 5003 3070 2697 2817 113 1545 2495 3695 3189 2314 4020 -1 3248 2399 2346 2151 3098 4060 1200 2409 2366 3337 3239 4138 1030 2632 1825
-1 3843 3183 -1 3100 2740 3085 -1 3229 2373 3001 2738 -1 3098 2609 4405 2892 6297 2812 2303 3461 4612 2950 2463 5062 3364 3450 4107 3788 3385 4483 2818 4854 3300 0 2868 3854 171 2436 2567 3858 2552 1934 4800 3937 3753 4688 2912 4304 2734 3178 4162 3067 2758 2569 6422 3100 3235 3414 3650 -1 3881 -1 3712 2550 3931 2795 -1 1933 4986 3954 3595 3592 4991 4266 3602 2880 3413 2270 2640 4690 3664 884 2711 -1 3864 2524 2821 2296 2324 2630 3834 3813 3000 2142 3549 4494 2445 3806 2616
-1 3192 3473 -1 3104 2068 1899 -1 361 2142 1815 3058 -1 3102 3156 3792 2977 5448 2951 2307 3648 5159 2843 2503 4316 496 3454 2525 1231 3640 3615 2822 4575 2091 1905 0 3747 718 4094 2884 3850 2556 2254 3704 2841 2657 3428 3266 4308 3213 2082 2909 2452 2945 1914 6315 640 3239 3174 1759 -1 2797 -1 2358 3097 3316 2580 -1 2250 3890 3097 3208 1721 4041 3443 2779 2884 2204 2624 2827 3604 3704 1431 3190 -1 1490 2802 2861 2483 3589 3073 3179 2231 2769 1487 3334 4491 2064 3097 2340
-1 3619 2381 -1 2983 2743 2793 -1 3232 914 2709 1768 -1 3519 1746 2946 660 5622 3050 2724 2491 4622 2000 1411 4092 3046 3333 3429 3073 2963 3024 2045 3395 2344 2038 2871 0 2209 3120 1900 3495 1965 964 2414 1551 1367 3379 2546 3984 3325 792 3629 2632 1788 1246 5472 1641 2385 2612 2035 -1 2832 -1 2925 4588 3496 1660 -1 1266 2600 3591 2540 2622 4458 2245 3450 2107 2457 1904 1670 3836 1827 2922 4054 -1 3091 1574 1769 1326 1272 2676 2511 3135 1541 819 2414 4240 1396 1807 2191
-1 3789 3578 -1 2929 3916 3747 -1 3140 2202 3663 2567 -1 2927 2438 4234 2721 6126 2641 2132 3290 4441 3288 2608 4891 3275 3279 3936 3617 3459 4312 2647 4683 3608 2984 2779 4192 0 3726 2396 3687 2381 1763 4629 3766 3582 4517 3463 4133 2563 3007 4428 2896 2587 2863 6519 2929 3064 3809 3958 -1 3710 -1 4122 2379 3760 2948 -1 1762 4815 3783 3424 3421 5257 4095 3431 2709 3439 2821 2469 5631 3809 713 2540 -1 3693 2862 2966 2125 3333 3046 4128 3642 2829 2880 3702 4323 2274 3661 2445
-1 3775 2734 -1 2273 1442 3419 -1 1931 3338 3335 4192 -1 3211 2492 2218 2146 6587 3308 1476 2864 3515 1520 2046 5886 2066 2623 3108 2801 3524 4613 1991 5366 2853 2673 1570 2424 2288 0 2112 3848 1725 3388 4838 2829 3791 4256 3503 3504 3960 3216 3713 3035 2753 1937 4992 2210 2408 2965 3329 -1 4291 -1 3560 4667 3899 359 -1 2833 2773 3944 2768 3291 4542 4669 4349 2053 2966 3427 2635 5024 3247 3001 4595 -1 3037 2858 2404 2291 1907 2964 3202 2814 3786 2305 1113 3397 2882 1424 3206
-1 4300 3434 -1 2587 3500 3331 -1 3117 2669 3929 3265 -1 2102 3862 3572 3321 6146 2376 1790 3988 5385 2920 2944 5589 2629 2937 2825 2550 2494 2501 2305 5150 3404 2855 3477 3824 2645 4173 0 2896 2769 2461 4169 3306 3122 2333 3117 3308 3261 2547 4428 3560 3285 3233 5524 2159 2615 2013 2457 -1 3833 -1 2823 4492 4424 3415 -1 2460 3404 2992 2975 2671 5458 3891 3627 2367 1043 2475 3167 4640 1857 3358 2569 -1 2809 2887 1014 2823 3842 4392 2834 3339 3296 2806 4169 5267 2866 3520 3037
-1 3015 4144 -1 1881 3940 2439 -1 2639 2716 3013 2775 -1 3822 3366 3250 2462 3632 3175 3388 2242 5894 898 3213 5099 2774 2231 3175 3377 2713 3328 1599 3699 3196 1963 2278 1802 1939 3636 1720 0 2916 1971 4216 3353 3169 4053 3713 2882 3952 2594 4214 1406 2795 2467 4370 1945 3336 3085 3546 -1 3776 -1 2037 3381 2270 3462 -1 3068 3551 96 3696 1779 5146 4047 937 1661 2763 3071 2677 3827 3577 2652 2926 -1 2645 1878 2734 2333 3074 3830 3732 3959 1845 2621 4216 4544 3198 3609 3499
-1 3628 4002 -1 3236 3860 4299 -1 3061 3549 4215 3914 -1 4274 3785 4636 3109 6463 2677 2439 3769 5464 2425 3032 6238 3196 3586 2423 3931 4487 5170 2954 5209 3518 3326 2700 3329 1347 3945 2669 4111 0 3110 5053 4190 4006 3819 3463 4295 3340 3431 5609 3320 3768 3695 5897 3340 683 3499 2774 -1 4134 -1 4263 3726 4184 2777 -1 3109 5239 4207 1043 4148 3526 4156 4448 2610 2529 2821 3650 6098 3976 2060 2870 -1 1687 1999 3390 3472 3721 3270 4718 3207 4176 3268 3531 5346 2698 4169 2869
-1 2655 2777 -1 3619 3892 2318 -1 3787 2388 3424 804 -1 3304 3665 3661 3395 4658 2799 2914 1527 5705 2715 1807 3128 3442 3969 3728 2441 2433 3703 1081 4110 3047 1605 3426 3619 1421 3516 1202 3891 2708 0 3888 3025 2841 2857 1742 4510 3721 2266 2665 3701 824 1512 5872 2098 3128 3008 2698 -1 3061 -1 2542 3766 2655 3134 -1 2740 3343 3281 3488 1658 3494 2435 4122 1143 2245 1100 706 3868 3008 2134 3771 -1 2127 2289 2165 362 1668 2942 2756 3727 2256 2697 3888 4955 3072 3150 3243
-1 4626 4538 -1 2726 4845 4607 -1 3256 3039 4751 3404 -1 3764 4318 5036 3639 6602 3601 1929 4127 5524 3660 3568 5728 4112 3076 2964 3789 3977 5066 2444 5520 3836 3821 3616 4564 2784 5277 2565 3953 3218 2600 0 4726 4542 3779 4342 4970 3400 3967 5265 3856 3424 3946 7132 3642 3901 4578 2913 -1 4293 -1 4751 5163 4720 3785 -1 2599 4887 4049 4261 3947 5991 4932 4268 2506 3608 3700 3306 5954 4422 3497 3377 -1 3033 3234 3579 2962 4251 4735 3747 3748 3666 3798 4539 5406 3234 3659 3405
-1 3145 4209 -1 3047 3011 4224 -1 3500 3020 4140 3874 -1 4988 4762 2992 2920 7415 4341 2250 3638 5473 2294 3671 6198 3635 3397 4628 4370 3656 5130 2765 5501 3627 4232 3139 3198 3105 4948 2886 4098 2499 3070 4520 0 3473 4244 4020 4278 5064 2898 5455 4738 3214 2840 5766 3584 3182 3215 3726 -1 4426 -1 3174 5484 5602 3766 -1 3372 4706 3913 3542 4048 6025 4351 4754 2827 3740 3378 3776 5829 4087 3818 3821 -1 3811 3680 3900 3432 3532 4270 4105 4526 3647 2413 1887 5355 2990 256 3629
-1 3169 2778 -1 2108 2335 2680 -1 2824 2943 2596 3797 -1 2152 3593 3669 2027 5172 3402 1357 2041 5512 1125 2090 5969 2959 2458 3231 2842 2947 4253 1826 4624 2781 2356 2463 2029 2166 2031 1947 3892 1606 2993 4443 3459 0 3742 3344 3109 4004 2821 3179 3125 1338 2026 4597 2612 2289 3009 2820 -1 2475 -1 3483 4545 3989 2390 -1 2956 3857 3988 2649 2172 4008 878 2656 1888 2894 2702 1220 4285 3194 2879 4476 -1 2872 2119 2405 876 1951 2225 2757 2937 2770 1737 3144 5394 2286 3087 2457
-1 1967 4271 -1 3569 4626 3379 -1 1324 2804 3295 3091 -1 3761 3636 3532 2550 4862 4035 3449 3930 4678 2586 3301 5415 3719 3919 1300 2194 2722 3610 3287 3981 3054 2247 3966 1890 1681 4549 1659 4555 3523 2854 4304 3441 3257 0 4229 3320 4176 2682 4496 1227 3106 2288 6058 2227 4206 3672 2722 -1 3471 -1 3154 3202 2091 3543 -1 1025 4490 3893 3695 3940 4828 4135 3703 1986 2702 3587 2988 4567 3347 2394 4153 -1 2453 2160 2504 3216 3162 3718 2925 1006 2127 2450 4297 4826 3027 3373 3544
-1 3731 5195 -1 3781 4866 5143 -1 3088 3718 5059 4572 -1 5525 5096 5296 4960 6626 4880 4900 4907 5364 3563 4225 6896 4731 4131 1986 2434 4486 5374 4264 5745 4818 4011 4943 4467 3445 5934 3423 3945 4769 3768 5218 4355 4171 3382 0 4006 5155 3596 4764 2991 4592 3117 6573 2495 5189 3062 4424 -1 4703 -1 3872 4966 3855 3783 -1 2789 5404 4041 4411 5154 5514 5049 4676 3750 2092 3524 4474 6331 3678 4158 5786 -1 2693 3137 2835 4130 5138 4276 4382 2770 3891 2690 4537 6375 3267 4611 4062
-1 3922 2253 -1 3126 2850 3708 -1 3263 2751 3624 3605 -1 3453 3274 3992 3707 5051 3727 3037 3487 4463 2143 2335 5929 3006 3476 3052 3510 2561 4555 2844 4553 1012 2442 2902 3047 2613 2992 2933 2978 2836 2801 4251 3388 3204 2415 3199 0 4249 2629 3734 3182 3042 3192 5606 2226 3256 2095 1362 -1 2758 -1 2905 4992 4046 3351 -1 2502 3471 3074 3616 3876 2962 4082 3509 2874 1125 2557 2924 4707 3536 1813 3920 -1 3764 3105 2693 2580 2196 3246 2212 2961 3072 2765 4105 4829 2042 2856 2837
-1 3130 2796 -1 1536 3013 3145 -1 2984 3186 3727 4040 -1 3477 2761 3479 2595 6192 2830 3165 3852 2124 3018 1826 6364 2646 1886 2463 2804 2787 3876 1254 4322 2851 2082 3141 3412 1594 3535 1375 3910 3062 3236 4686 3691 3639 3708 3309 4483 0 3064 3427 2390 2562 546 4202 2452 3482 3027 2621 -1 2398 -1 3340 3973 3254 3894 -1 2188 3697 4006 3842 2757 4801 4345 3497 1316 2418 2667 2444 4929 3027 2307 3944 -1 2300 2592 2184 3258 2980 1976 1811 2169 2559 2754 4648 2006 3098 3169 3269
-1 2827 2949 -1 2191 1951 2001 -1 2440 122 1917 976 -1 2727 3001 2154 2602 4830 2811 1932 1699 5003 1208 1979 3300 2575 2541 2637 2281 2171 2232 1253 2603 1552 1617 2079 2112 1593 2606 1108 3518 1173 172 1622 759 575 2869 1754 3192 3703 0 2837 1840 996 1684 4680 849 1593 2635 1243 -1 2237 -1 2554 3815 2704 868 -1 474 1808 3293 1953 1830 3666 1453 2658 1315 1665 1112 878 3044 2759 2306 3677 -1 2299 782 2122 534 1840 2800 2735 2343 749 2312 1622 3448 2271 1015 2241
-1 3461 1864 -1 1790 2731 1600 -1 2548 1415 1516 2269 -1 3731 2019 1753 2371 5005 2533 1981 2151 3786 807 894 4593 2529 2140 2852 1880 3041 1831 1508 2202 2845 2007 2187 1711 1848 2603 1629 2978 2230 1465 1359 1953 1868 3259 2144 2791 2808 1293 0 2779 1630 2208 4279 448 2886 2095 2457 -1 1996 -1 2408 4227 3643 2161 -1 1767 3101 3074 3246 2464 4959 2746 2310 1570 2672 1502 1512 3997 2095 294 3901 -1 2139 381 1252 1827 2628 2621 2334 2814 348 2133 2915 3047 560 2209 731
-1 4020 3256 -1 2945 3528 3971 -1 3499 3001 3887 3854 -1 4546 4976 5033 4005 6077 3925 4082 3852 5372 2508 2286 6178 3832 3295 3557 4369 4128 5111 2663 4657 4186 2913 3656 3412 3003 3322 2784 4370 4052 3050 4052 3638 3454 4870 3824 4492 4200 2879 3942 0 3022 1061 5980 3728 3523 3487 4122 -1 3582 -1 3800 1975 864 3681 -1 3353 4687 4466 3883 3856 5120 4332 3382 2725 3663 3182 2904 5389 3487 3716 4929 -1 3709 3410 2644 3412 2147 2491 2326 4206 3628 3028 4435 5254 2146 3245 2317
-1 4786 3795 -1 3244 3758 1494 -1 3944 2257 3807 3173 -1 2929 2841 3559 3910 6272 2546 2617 3896 5630 3098 2825 5497 2726 3594 3652 2874 3321 3328 3132 4402 2498 1018 3886 4002 1189 3454 827 3723 2675 2369 3819 2956 2772 3160 3368 4135 3752 2197 3548 3975 0 2638 6351 2739 3358 2840 2701 -1 2478 -1 2473 3568 4104 3003 -1 2609 4005 3212 3718 834 5583 3650 3577 768 1870 2726 3075 5241 2684 1902 3396 -1 1752 2672 1841 2731 3060 3648 1932 3825 2639 2211 3757 5338 2788 3212 3583
-1 3847 2250 -1 3334 2467 3510 -1 2438 2640 4069 3494 -1 4945 4857 4158 2999 5840 2919 4288 3877 5318 2842 1280 5818 2771 3684 2496 3308 4584 4394 3543 5063 4070 2626 2595 3746 2795 2989 2843 3364 3691 2690 4140 3277 3093 3864 2763 4516 3194 2518 2881 3174 2016 0 6314 3235 4111 2481 3346 -1 3576 -1 2794 4548 3437 3348 -1 2992 4326 3460 4471 2850 5844 3809 3145 2784 2602 2121 1898 4383 2481 3175 5267 -1 3567 2416 1638 2712 3611 1430 1265 3200 3229 3158 4102 5200 2552 2623 2723
-1 4836 4121 -1 3527 3979 4418 -1 3180 3672 4334 4526 -1 5288 5012 4755 3264 6582 2796 4013 3888 5583 2544 3151 6850 3315 3877 5344 4050 4778 5782 3245 5328 3637 3445 2819 3448 3537 4064 3366 4230 4262 3722 5172 4309 4125 4697 3582 4414 3459 3550 5728 3439 3887 3850 0 3459 4945 4352 2893 -1 4253 -1 4382 5414 4303 2896 -1 4024 5358 4326 1162 4267 6007 4275 4567 3307 3750 2940 3769 6217 4095 4250 2989 -1 1806 2118 3509 4084 3876 3389 4837 5050 4299 3423 3650 5465 2817 4494 2988
-1 5233 2846 -1 4059 5000 3869 -1 3856 3684 3785 4538 -1 3889 3710 4022 4511 5994 4163 4250 4420 5538 3076 2792 6862 3654 4409 3488 4149 4281 4100 3777 4471 5076 3596 3495 3980 3767 3585 3369 3960 4076 3734 3628 4222 4137 5528 4181 5060 4706 3562 2269 4493 2578 3960 5769 0 4759 3077 2305 -1 3748 -1 4677 6146 5357 3944 -1 4036 5191 4056 3570 3412 7016 5015 4579 3310 4412 3539 3410 6266 3993 2563 4356 -1 4214 2650 3150 4096 4897 4890 4510 4272 2617 4402 4698 5316 2829 4135 3000
-1 2945 3319 -1 2553 3177 3616 -1 2378 2866 3532 3231 -1 3591 3102 3953 2426 5780 1994 1756 3086 4781 1742 2349 5555 2513 2903 3961 3248 3804 4487 2271 4526 2835 2643 2017 2646 664 3262 1986 3428 2005 2427 4370 3507 3323 3895 2780 3612 2657 2748 4926 2637 3085 3012 5214 2657 0 3015 2091 -1 3451 -1 3580 3043 3501 2094 -1 2426 4556 3524 360 3465 2843 3473 3765 1927 2948 2138 2967 5415 3293 1377 2187 -1 1004 1316 2707 2789 3038 2587 4035 3667 3493 2585 2848 4663 2015 3486 2186
-1 3898 5027 -1 2764 4726 3322 -1 3522 3599 3896 3658 -1 4705 4249 4133 3345 4515 4058 3538 3125 6468 1781 4096 5982 3657 3114 3090 3538 3596 4211 2482 4582 3080 2846 3161 2685 2822 4519 2603 883 3787 2854 5099 4236 4052 3873 1104 3765 4835 3477 5097 2289 3678 3350 5234 2828 4219 0 3430 -1 4659 -1 2920 4264 3153 3962 -1 3893 4434 979 4579 2662 5030 4930 1820 2544 2583 462 3560 4710 4460 3535 3809 -1 3528 2761 3617 3216 3957 4616 4280 3874 2728 3504 4716 5427 4081 4492 4382
-1 6581 5341 -1 4514 5560 6181 -1 6049 4302 6097 5737 -1 6179 6709 6334 4387 3689 3415 3717 6385 7153 5041 4371 7704 5696 4864 6223 6461 5251 6412 4232 6548 3702 4100 5688 5945 4271 5899 4353 4143 3966 4933 6383 5520 5336 5105 4237 7025 5815 4761 6518 4972 5107 4973 8296 4916 4649 3260 0 -1 5448 -1 5037 6650 5836 5048 -1 4654 6161 4239 5009 5735 7492 4930 4503 4294 3815 3595 4989 7397 5554 4984 5232 -1 5278 4962 4729 5295 4999 5450 4902 6111 4929 4546 5802 7145 4037 5447 4208
-1 -1 -1 -1 -1 -1 -1 -1 -1 -1 -1 -1 -1 -1 -1 -1 -1 -1 -1 -1 -1 -1 -1 -1 -1 -1 -1 -1 -1 -1 -1 -1 -1 -1 -1 -1 -1 -1 -1 -1 -1 -1 -1 -1 -1 -1 -1 -1 -1 -1 -1 -1 -1 -1 -1 -1 -1 -1 -1 -1 -1 -1 -1 -1 -1 -1 -1 -1 -1 -1 -1 -1 -1 -1 -1 -1 -1 -1 -1 -1 -1 -1 -1 -1 -1 -1 -1 -1 -1 -1 -1 -1 -1 -1 -1 -1 -1 -1 -1 -1
-1 4380 6218 -1 4735 5095 4395 -1 4815 5104 5708 5504 -1 6174 6823 5076 5004 8353 5447 4334 5722 7091 4378 5248 5590 5719 5085 3713 5685 5135 6023 4453 6394 5711 4660 5223 5282 4793 6826 4072 6182 4583 5154 6604 2084 5557 6328 6104 5733 6350 4982 6909 3640 5172 4701 7850 4640 5266 5299 5810 -1 0 -1 5258 5615 4504 5850 -1 3438 6790 5997 5626 5956 7241 6435 6116 4399 5115 5462 5054 7913 5637 5506 5905 -1 5383 4573 4794 5516 5616 5553 5903 3419 4540 4497 3971 7239 4914 2340 5085
-1 -1 -1 -1 -1 -1 -1 -1 -1 -1 -1 -1 -1 -1 -1 -1 -1 -1 -1 -1 -1 -1 -1 -1 -1 -1 -1 -1 -1 -1 -1 -1 -1 -1 -1 -1 -1 -1 -1 -1 -1 -1 -1 -1 -1 -1 -1 -1 -1 -1 -1 -1 -1 -1 -1 -1 -1 -1 -1 -1 -1 -1 -1 -1 -1 -1 -1 -1 -1 -1 -1 -1 -1 -1 -1 -1 -1 -1 -1 -1 -1 -1 -1 -1 -1 -1 -1 -1 -1 -1 -1 -1 -1 -1 -1 -1 -1 -1 -1 -1
-1 3223 3345 -1 3117 4030 2886 -1 3647 2434 3992 3288 -1 2632 4233 4102 3851 4260 2906 2320 2095 5915 3283 2375 5612 3159 3467 3355 3009 3001 3031 2835 4678 3202 2410 3994 4187 2581 3827 530 3426 3276 2484 3272 2409 2225 2863 2696 3838 3791 2312 3233 2049 1392 2080 6054 2666 3145 2543 2987 -1 3629 -1 0 2480 2913 3180 -1 2786 3911 739 3505 2226 4062 3103 1580 2160 1573 2762 1274 4436 2387 3294 3099 -1 3144 2857 1544 930 2236 3510 3324 3869 2824 3265 3934 5523 3303 2665 3474
-1 2754 2094 -1 2844 1651 1996 -1 2140 1678 1912 2532 -1 2571 3839 3565 2876 5268 2796 2107 2816 4049 1861 1157 4856 2275 3194 3323 2849 2296 3788 2562 3334 2211 2033 1779 2765 2204 1347 2418 3208 2729 1728 3178 2315 2131 3614 2660 3777 3071 1556 3073 3042 1893 1480 5333 2405 3149 2325 2561 -1 2259 -1 2671 0 3906 1706 -1 2030 3364 3304 2774 2727 3902 3009 2573 2624 2324 2018 1775 3601 2358 2917 4049 -1 3108 1435 1515 1651 1267 1541 2745 3077 2305 1053 2460 3931 823 2500 994
-1 3156 2392 -1 2081 2762 3107 -1 3251 2782 3023 2990 -1 3682 4112 4676 3141 5412 3061 3218 2988 5160 1644 1422 5314 3057 2431 3623 3960 3264 4421 1799 4445 3322 2049 2890 2548 2139 2458 1920 3506 3539 2186 4282 3200 3235 4006 3727 3628 3336 2660 4008 3316 2158 1127 5116 2929 2659 2623 3488 -1 3370 -1 2936 1111 0 2817 -1 3134 4174 3602 3019 2992 4256 4113 3684 1861 2963 3085 2040 4525 2623 2852 4065 -1 2845 2546 1780 2548 1283 2557 2392 3342 3409 2164 3571 5042 1934 2381 2105
-1 3416 3508 -1 1914 1083 3091 -1 1572 2979 3007 3833 -1 3855 2133 1859 1787 6659 3208 1117 2505 5749 1161 2538 5527 1707 2264 2749 2442 3165 4254 1632 5034 2494 3116 1211 2065 1929 4247 1753 4460 1366 3029 4479 2470 3432 3897 3920 3145 4424 2857 4120 2676 3274 2330 4633 1851 2049 3577 2970 -1 3959 -1 3569 4308 3540 0 -1 2474 4075 4308 2409 2932 4892 4310 3990 1694 2607 3278 3156 4696 2954 2642 4236 -1 2678 3365 2767 3391 2399 3760 3595 2455 3427 1946 754 5631 2523 2726 3318
-1 -1 -1 -1 -1 -1 -1 -1 -1 -1 -1 -1 -1 -1 -1 -1 -1 -1 -1 -1 -1 -1 -1 -1 -1 -1 -1 -1 -1 -1 -1 -1 -1 -1 -1 -1 -1 -1 -1 -1 -1 -1 -1 -1 -1 -1 -1 -1 -1 -1 -1 -1 -1 -1 -1 -1 -1 -1 -1 -1 -1 -1 -1 -1 -1 -1 -1 -1 -1 -1 -1 -1 -1 -1 -1 -1 -1 -1 -1 -1 -1 -1 -1 -1 -1 -1 -1 -1 -1 -1 -1 -1 -1 -1 -1 -1 -1 -1 -1 -1
-1 4934 3928 -1 2544 3962 2354 -1 3302 3303 2270 3899 -1 2736 3831 2507 3125 6780 3010 2424 2905 5834 1561 2958 6223 3263 2894 3459 2482 1697 2585 2262 2956 3342 1222 2941 2465 1393 3658 634 3530 2984 3095 4803 3940 3756 2967 3751 3545 3895 3181 3471 1366 3680 2427 5033 1202 3249 2647 3091 -1 3090 -1 3457 3341 2230 3831 -1 0 4038 3626 3609 3305 5292 4525 4261 961 1677 3109 3562 4855 2491 2106 3203 -1 1945 1135 1648 3218 3513 3852 3088 3973 1102 2738 4195 3801 2624 4154 2795
-1 1251 1566 -1 2720 2515 2826 -1 2576 1109 2904 1963 -1 3629 3988 3141 2315 5151 2235 2834 2686 3308 2195 596 4287 2231 3070 2810 622 3158 3219 2240 2593 2539 2350 2215 3099 2521 2305 1677 2680 2160 1159 2609 1746 1562 2333 2657 4179 2510 987 3544 2490 1332 1305 5386 1690 2580 1797 1815 -1 1518 -1 1263 3741 3354 1855 -1 1461 0 2002 2599 2166 4373 2440 2456 2100 2652 2015 1214 3699 1797 2802 3242 -1 881 1769 954 1521 2774 2405 2570 2516 1736 878 2609 3190 706 1939 433
-1 2919 4287 -1 4071 3844 2343 -1 4181 3259 4105 2679 -1 4088 4476 5291 4759 3536 3395 3292 3402 5980 3818 3566 5003 4468 3697 3079 4077 2617 4487 2956 5740 3898 1867 3972 4185 2038 3540 1986 3872 2820 1875 4759 3896 3712 4319 3617 5099 3856 3137 4540 1310 2699 2371 7290 3358 3240 2989 3748 -1 3884 -1 4417 3285 2174 3899 -1 3611 3455 0 3600 1683 5369 4310 841 1927 3029 2975 2581 4691 3843 2751 2830 -1 2911 3628 3000 2237 3457 3734 3636 3863 3886 3246 4653 5862 3232 4152 3403
-1 3674 2959 -1 2365 2817 3256 -1 2018 2510 3172 3364 -1 4126 3850 3593 2102 5420 1634 2851 2726 4421 1382 1989 5688 2153 2715 4182 2888 3616 4620 2083 4166 2475 2283 1657 2286 2375 2902 2204 3068 3100 2560 4010 3147 2963 3535 2420 3252 2297 2388 4566 2277 2725 2688 4854 2297 3783 3190 1731 -1 3091 -1 3220 4252 3141 1734 -1 2862 4196 3164 0 3105 4845 3113 3405 2145 2588 1778 2607 5055 2933 3088 1827 -1 644 956 2347 2922 2714 2227 3675 3888 3137 2261 2488 4303 1655 3332 1826
-1 4027 3367 -1 3284 2924 660 -1 3413 2557 3185 2922 -1 3282 2793 4589 3076 6446 1712 2487 3645 4796 3134 2647 5246 3548 3634 4291 3972 3569 4667 3002 5038 3484 184 3052 4038 355 2620 2751 4042 2736 2118 4293 3430 3246 3649 2534 4488 2918 2671 4346 3251 2942 2753 5648 3284 3419 3598 3499 -1 4065 -1 2947 2734 4115 2979 -1 2117 4479 3686 3779 0 5175 3227 3751 3064 3597 1892 2824 4874 3848 1068 2895 -1 4048 2708 3005 2480 2508 2814 3499 3997 3184 2326 3733 4678 2629 3686 2800
-1 1785 3573 -1 2726 3639 3197 -1 2220 2758 3113 2909 -1 2241 3408 3350 2504 5758 2515 1929 2284 4496 2404 3083 5233 2768 3076 1118 2689 2540 2640 2444 3799 3543 2065 3616 1844 2236 4312 139 3035 2058 2600 4258 3395 3211 2472 3256 3138 3400 2636 4314 1045 3424 2106 5663 2045 2741 2152 2596 -1 3585 -1 2962 3020 1909 3504 -1 843 3543 3131 3101 2810 0 4030 3521 1804 1182 2614 3306 4625 1996 2949 2708 -1 2788 1978 1153 2962 3116 3536 2973 824 1945 2663 4258 4644 3005 3651 3176
-1 2560 1900 -1 1276 1457 1802 -1 1946 2263 1718 3117 -1 1274 2788 2791 1149 4473 2570 479 2622 4634 1667 1212 5091 2081 1626 2353 1964 2102 3616 994 3919 2017 1839 1585 2571 1334 1153 1115 3014 728 2313 3763 2581 1213 2864 2466 2480 3126 2141 2879 2247 1919 1286 5139 2192 1411 2131 1942 -1 1597 -1 2605 3713 3111 1512 -1 2078 3437 3110 1771 2497 3708 0 1778 1056 2130 1824 1801 3407 2316 2047 3598 -1 2040 1241 1527 1457 1073 1347 1879 2059 2586 859 2266 4516 1408 2209 1579
-1 3865 3725 -1 3414 3997 4286 -1 3968 2418 4202 3272 -1 5015 4046 4450 4474 2695 4393 4011 3995 5841 2977 2755 5596 4301 3764 4026 3236 1776 3861 3132 4899 3848 3382 4125 3881 3063 3791 3253 4839 1979 2468 3918 3055 2871 4550 3061 4961 4669 2296 4411 469 3292 1530 6449 3145 2399 3956 2907 -1 3043 -1 3877 2444 1333 3164 -1 2770 2614 4616 2759 4126 5242 3749 0 3194 3961 3408 3174 3850 3956 3776 4586 -1 3403 3078 3113 2830 2616 2960 2795 4639 3045 3492 3918 5723 2615 3311 2786
-1 4359 3493 -1 2476 3559 3390 -1 3176 2728 3988 3324 -1 2161 3921 3631 3251 6205 2435 1849 4047 5444 2979 2181 5648 2688 2826 2884 2609 2553 2560 2364 5209 2711 2914 3536 3883 2704 4232 59 2955 2828 2520 4228 3365 3181 2392 3176 3367 3320 2606 4487 3426 2917 3292 5583 2218 2674 2072 2516 -1 3892 -1 2882 4551 4290 3474 -1 2519 3463 3051 3034 2730 5517 3950 3686 0 1102 2534 2799 4699 1916 3417 2628 -1 984 2946 1073 2882 3863 4451 2893 3398 3355 2865 3736 5326 2804 3524 2975
-1 3257 4453 -1 3695 3455 3505 -1 2614 1626 3421 2480 -1 4231 4505 3658 3840 5279 4315 3436 3203 5968 2712 3483 4804 4079 4045 2590 3484 3675 3736 2757 4107 3056 3121 3583 3180 2971 4110 2310 1853 2677 1676 3126 2263 2079 1290 2074 4610 4045 1504 3948 2517 2500 3188 4481 2353 3097 970 2332 -1 3741 -1 1780 4258 3381 2372 -1 1978 3312 1949 3457 3334 4890 2957 2584 2819 0 1432 2382 4548 4167 3319 4779 -1 3539 2286 3324 2038 3344 4304 2332 2296 2253 3677 3126 4952 3775 2519 3745
-1 4373 5535 -1 4423 4264 4187 -1 3730 3517 5312 4371 -1 5622 5399 5359 5287 6657 5239 4617 5093 6006 3749 4606 6695 4612 4773 2628 3076 4167 5627 4450 5998 2618 3711 4392 4653 3882 5571 3520 3320 4442 3567 5017 4154 3970 3411 642 4648 5797 3395 5406 3633 4391 3759 4772 3137 4862 3091 2968 -1 4364 -1 3901 5608 4497 3500 -1 3431 5077 3416 5053 3527 4568 4848 4257 3461 2121 0 4273 6313 4320 4595 6089 -1 3335 3779 3477 3929 4708 4154 3818 3412 4144 3332 4254 6198 3648 4225 4443
-1 1949 3913 -1 2992 3876 1612 -1 3750 2375 2718 3291 -1 3047 2959 2955 3573 3952 2664 2735 3353 5748 2009 2943 5615 2844 3342 3635 2992 3439 3033 2710 3404 2341 1136 3389 2913 1307 3572 945 3841 2146 2487 3937 3074 2890 3278 3486 3993 3870 2315 3666 3562 118 2532 5481 1650 2829 2958 2691 -1 2596 -1 2591 3686 4222 3121 -1 2727 4123 3330 3189 952 4291 3768 3685 886 1988 2844 0 5359 2802 2020 3514 -1 1870 1583 1959 2849 3178 3766 2050 3341 1550 2105 3875 4249 2682 3330 3243
-1 3178 1581 -1 1617 2961 1930 -1 2591 1132 1846 1986 -1 3558 3560 3164 2330 4722 2250 2923 2709 2205 2218 611 4310 2246 1967 1976 3291 2868 3242 1335 2788 2562 2365 2230 2985 1675 2320 1456 2695 2183 1182 2632 1769 1585 3195 2764 3996 2525 1010 3508 2496 1347 627 4283 1859 2603 1812 2253 -1 1713 -1 2125 4054 3360 1878 -1 1484 2818 2791 2963 2181 4676 2463 2027 1397 2499 2122 1229 0 1812 2388 4025 -1 2381 1792 969 1544 1613 2057 1892 2531 1759 2489 2632 2087 277 1954 448
-1 3904 2361 -1 3816 1643 2156 -1 2132 2477 2072 3331 -1 3814 2726 4346 3110 5961 3030 3019 4054 3660 3400 1391 5655 2267 4166 3237 3002 2288 4424 3534 4133 3393 1057 1771 3562 1228 3100 2954 3475 3092 2527 3864 3001 2817 3975 2652 5020 3305 2355 2593 3164 2127 1472 6782 2411 3775 2592 3457 -1 3058 -1 2905 3607 3149 3223 -1 2829 4163 3571 2766 2961 5812 3695 3491 2895 3506 2010 2009 4494 0 1941 3768 -1 3261 2974 1749 2889 3381 2902 977 2943 2941 1045 3977 4730 1622 2734 2417
-1 5719 4400 -1 3140 3203 3034 -1 3341 4159 2950 5013 -1 4281 1725 5061 4156 6743 4086 3486 4783 3728 3745 3430 6751 3674 3490 4514 4211 4263 5151 2858 5522 4455 3788 3331 4649 3198 5139 2979 5514 2091 4209 5659 4590 4612 5134 4908 5487 5344 4037 5031 3932 4080 2150 5806 3768 2774 4631 4739 -1 4740 -1 4637 5577 4796 4868 -1 2566 5301 5376 3134 3692 5617 4712 4048 2920 4022 4266 3962 6436 4631 0 4961 -1 3778 3319 3788 3618 4768 2333 3415 5298 3668 4244 5622 3610 3304 4773 3475
-1 3733 3337 -1 2597 2906 3794 -1 3395 2264 3710 3118 -1 4342 4442 3270 3656 4350 3889 3383 3543 3185 2199 2367 5442 2376 2947 3755 2584 2617 3239 2315 3920 1068 2498 3034 3103 2655 4076 2376 2827 2732 2314 3764 2901 2717 2471 2806 4183 4164 2142 3884 2124 3103 1259 5263 2282 2901 2151 1418 -1 2421 -1 2961 4099 2988 2350 -1 1742 3367 2923 2553 3818 3018 3068 1655 2377 1181 2164 2985 3228 3568 3368 0 -1 2843 2877 2725 2676 3477 2689 2268 3477 2844 832 3104 3067 1409 3157 2204
-1 -1 -1 -1 -1 -1 -1 -1 -1 -1 -1 -1 -1 -1 -1 -1 -1 -1 -1 -1 -1 -1 -1 -1 -1 -1 -1 -1 -1 -1 -1 -1 -1 -1 -1 -1 -1 -1 -1 -1 -1 -1 -1 -1 -1 -1 -1 -1 -1 -1 -1 -1 -1 -1 -1 -1 -1 -1 -1 -1 -1 -1 -1 -1 -1 -1 -1 -1 -1 -1 -1 -1 -1 -1 -1 -1 -1 -1 -1 -1 -1 -1 -1 -1 -1 -1 -1 -1 -1 -1 -1 -1 -1 -1 -1 -1 -1 -1 -1 -1
-1 3839 3124 -1 3998 4504 2704 -1 4134 2675 3337 3529 -1 4976 5223 4707 2267 5906 2187 4181 4252 4586 3291 2154 5853 3789 4348 4368 4834 4724 4785 3716 4331 4105 2872 3773 4195 3043 3863 3415 3233 3726 2725 4175 3312 3128 4124 3009 5275 2462 2553 5390 2442 2890 2853 6664 3402 4146 3355 3780 -1 3256 -1 3668 4417 3306 3421 -1 3027 4361 3329 4147 3724 6111 3702 3211 3658 4218 2367 2772 5257 3355 3756 3093 -1 0 2865 2512 3087 2879 4283 4046 4074 3302 2426 4175 4468 1820 3497 1991
-1 4821 3672 -1 1409 3620 3290 -1 2167 2244 3621 3098 -1 3350 2894 3612 1990 6130 2703 3038 1770 5422 426 2741 5422 2302 1759 4073 3037 2660 3749 1127 4428 2724 2814 1806 1330 1467 4075 1248 4144 2935 2294 3744 2881 2697 3581 3525 2410 4030 2122 4570 3904 3118 2124 3898 2325 2892 3261 3074 -1 3304 -1 3434 3846 4768 2990 -1 2596 3570 4157 3252 2630 4674 3575 3435 1189 2291 2883 3000 4111 1977 2180 3817 -1 2173 0 2262 2656 2602 3554 2954 4037 2574 2149 3060 5273 2726 3137 3314
-1 4747 3204 -1 4659 2486 2999 -1 2975 3320 2915 3550 -1 4657 3569 5189 3953 6615 3873 3862 4273 4503 4243 2234 5874 1896 5009 4080 3845 3131 5267 3827 4976 4236 1900 2614 4405 2071 3943 2885 4318 3935 2746 4685 3071 3638 4163 3495 5863 4148 3198 3436 4007 2970 2315 7625 3254 4618 3435 4300 -1 3901 -1 2355 3478 3992 4066 -1 3672 5006 3094 3609 3804 6240 3741 3935 3738 3928 2853 2852 5337 843 2784 4611 -1 4104 3817 0 3108 2828 3745 1820 3786 3784 1888 4820 5573 2465 3327 3260
-1 2293 2415 -1 3336 3617 1956 -1 3425 2719 3062 3013 -1 3391 3303 3299 3164 4296 3008 3079 1165 5343 2353 1445 5337 3080 3686 3646 2079 2071 3377 3054 3748 2685 1480 3064 3257 1651 3154 1289 3529 2346 2209 3662 3024 3234 3622 3428 4337 3359 2659 2303 3339 462 1150 5825 1736 2766 2646 3035 -1 2699 -1 2935 4030 4203 3428 -1 3071 2981 3625 3126 1296 3132 4112 3831 1230 2332 3108 344 3506 2646 2364 3858 -1 2214 1927 1803 0 1306 2580 2394 3365 1894 2335 4182 4593 2717 2788 2888
-1 2706 1109 -1 3170 2822 2369 -1 2119 1499 2928 2353 -1 3804 3375 3531 1858 4709 1778 3069 3076 4177 2585 139 4677 1774 3520 2353 2989 3548 3253 2630 3922 2929 766 1758 3489 937 1848 1702 2223 2550 1549 2999 1917 1952 2723 2444 4373 2053 1377 3933 2033 875 2444 4870 2226 2970 1340 2205 -1 2435 -1 1653 3316 2897 2207 -1 1851 3185 2319 3330 1709 4763 2830 3160 1643 2745 1802 757 3242 1340 1650 2782 -1 2627 2159 497 1911 0 3396 2317 2059 2126 2017 2961 4059 1411 1482 1582
-1 3612 2649 -1 1904 1037 3064 -1 1008 2200 2980 3054 -1 3653 3803 2728 2976 4410 3318 2858 2756 4060 1412 1679 4418 1341 2254 3424 1878 3154 3300 2113 3671 2724 1790 1165 2316 1365 3030 2234 3763 2901 2250 3700 2424 2653 2801 3518 3396 3593 2078 4074 2184 2415 2338 4884 1805 3584 2880 2406 -1 2781 -1 2542 3744 3048 2946 -1 2552 3886 3281 3632 2886 4688 2379 1715 2175 2837 2876 2297 4251 2880 2078 3837 -1 2137 986 2037 2612 3413 0 2839 3396 1817 1911 3700 3942 1345 2680 1516
-1 5077 3480 -1 3406 4347 3216 -1 4164 3031 3132 3885 -1 5347 3635 3369 3987 6621 4149 3597 3767 5402 2423 2510 6209 2920 3756 4468 3496 4657 3447 3124 3818 4461 3369 3803 3327 3464 4219 3245 3780 3846 3081 2975 3569 3484 4875 3760 4407 4424 2909 1616 4395 3246 3299 5895 2064 4502 3711 4073 -1 3612 -1 4024 3283 2172 3777 -1 3383 4717 3876 4862 4080 6428 4362 3926 3186 4288 3118 3128 5613 3711 1910 5517 -1 3755 1997 2868 3443 3455 4237 0 4430 1964 3749 4531 4663 2176 3825 2347
-1 961 3272 -1 2563 3749 2373 -1 1396 1994 2289 2085 -1 2755 3404 2526 3144 4934 3029 2443 2924 3672 1580 2507 4409 3282 2913 294 2266 1716 2604 2281 2975 3126 1241 2960 2484 1412 3543 653 3549 3003 2044 3494 2631 2447 2986 3525 2314 3914 1872 3490 221 2868 1282 5052 1221 3268 2666 2689 -1 3109 -1 2148 2196 1085 2740 -1 19 3680 2887 2689 3324 3822 3325 2697 980 1696 2883 2750 4639 2510 2125 3222 -1 1964 1154 1667 2406 2368 2712 2484 0 1121 2283 3494 3820 2367 2887 2538
-1 4249 2826 -1 1442 3653 1252 -1 2200 2277 1168 3131 -1 3383 2927 1405 2023 5798 2304 1633 1803 4748 459 1856 5455 2335 1792 2504 1532 2693 1483 1160 1854 2757 2847 1839 1363 1500 3565 1281 3725 1882 2327 3728 2914 2730 3614 3126 2443 2954 2155 2369 2934 2592 2157 3931 100 2565 3057 2109 -1 2958 -1 3370 3879 3798 2881 -1 2629 3603 3821 2925 2663 4707 3608 3272 1222 2324 2484 2474 4144 2010 2213 3553 -1 1791 33 2214 2689 2635 3374 1986 3288 0 1788 3093 2699 1522 3170 1693
-1 3625 2505 -1 3215 2894 2962 -1 2865 1432 2878 2286 -1 4037 4311 3464 3254 5646 3174 2730 3009 3803 2518 1535 4610 3170 3565 2923 3591 3481 3542 2563 3088 2715 2927 3022 2884 2903 3244 2172 3619 2483 1482 2932 2069 1885 4118 1974 4502 3449 1310 3308 2885 2271 427 5881 2159 2903 2736 2553 -1 2013 -1 3049 4860 3749 2178 -1 1784 3118 3715 1721 3105 4976 2763 2951 2625 2828 1332 2153 4354 2736 3602 3548 -1 2365 2092 1893 1844 2645 1857 1692 2664 2059 0 2932 3685 577 2325 1372
-1 3759 2754 -1 1160 3843 2337 -1 2148 2225 2253 3079 -1 3101 2875 1105 1033 6235 2454 363 1751 4995 407 1784 5403 2283 1510 3035 3018 2411 3500 878 4280 1740 2411 1787 1311 1218 3493 999 3706 612 2275 3725 2862 2678 3143 3166 2391 3698 2103 4345 3678 2520 1619 3879 2076 1295 2823 2546 -1 3205 -1 3028 3597 4542 2971 -1 2577 3321 3767 1655 2381 4138 3556 3542 940 1853 2524 2402 3942 2200 1931 3482 -1 1924 2611 2013 2637 1645 3049 2884 3704 2673 1192 0 4877 1769 2093 2564
-1 3875 3493 -1 2713 4149 2523 -1 3232 2320 2439 3174 -1 3079 1473 2191 2066 6193 2410 2904 1846 4791 1730 2523 5498 3517 3063 3208 2803 3964 2754 2431 3034 3750 3095 3021 1406 2771 3957 2552 4607 1839 2370 3820 2957 2773 1908 3232 3714 4225 2198 3640 3135 2755 2200 2196 1371 2522 3724 2874 -1 3001 -1 4032 5110 3999 3066 -1 2672 4006 4233 2882 3589 5365 2804 3498 2493 3595 2590 2637 4187 3233 3484 3611 -1 3062 1304 2881 2293 2678 3630 3257 2914 1271 2225 3820 0 2189 3213 2360
-1 3525 1928 -1 2638 2684 2385 -1 2938 855 2301 1709 -1 3460 3734 2887 2677 5069 2597 2646 2432 3226 1941 958 4033 2593 2988 3161 3014 2904 2965 1986 2511 2285 2350 2577 2845 2326 2667 1595 3042 1906 905 2355 1492 1308 3542 2487 3925 2872 733 3570 2573 1694 1648 5304 1582 2326 2159 1976 -1 1436 -1 2472 4548 3437 1601 -1 1207 2541 3138 2686 2528 4399 2186 2374 2048 2398 1845 1576 3777 2159 3039 4164 -1 3032 1515 1316 1267 2068 3078 2913 2878 1482 2836 2355 3108 0 1748 795
-1 5390 4385 -1 2791 2755 3968 -1 3244 3589 3884 4443 -1 4732 4506 2736 2664 7803 4085 1994 3382 5217 2038 3415 6767 3379 3141 4372 4114 3400 5131 2509 5245 3371 3976 2883 2942 2849 5124 2630 5337 2243 3639 5089 4142 4042 4774 3764 4022 4808 3467 5465 5042 2958 2584 5510 3523 2926 4454 4177 -1 4170 -1 4659 5228 5906 4335 -1 3941 4952 5398 3286 3792 5769 4920 5108 2571 3484 3122 4033 5573 3831 3562 4785 -1 3555 4242 3644 4001 3276 4014 3849 4821 4216 2157 1631 5099 2734 0 3529
-1 2730 1133 -1 3194 2846 2393 -1 2143 1523 2952 2377 -1 3828 3740 3555 1882 4733 1802 3333 3100 4201 2609 163 4701 1798 3544 2377 3013 3572 3277 2654 3946 2953 1917 1782 3513 2088 1872 1726 2247 2574 1573 3023 2160 1976 2747 2468 4397 2077 1401 3957 2057 899 2468 6081 2250 2994 1364 2229 -1 2459 -1 1677 3999 2921 2231 -1 1875 3209 2343 3354 1733 4787 2854 3184 1667 2769 1826 781 3266 1364 2801 4295 -1 2651 2183 521 1935 2494 3898 2341 2083 2150 2041 2985 4083 1435 1506 0
-1 -1 -1 -1 -1 -1 -1 -1 -1 -1 -1 -1 -1 -1 -1 -1 -1 -1 -1 -1 -1 -1 -1 -1 -1 -1 -1 -1 -1 -1 -1 -1 -1 -1 -1 -1 -1 -1 -1 -1 -1 -1 -1 -1 -1 -1 -1 -1 -1 -1 -1 -1 -1 -1 -1 -1 -1 -1 -1 -1 -1 -1 -1 -1 -1 -1 -1 -1 -1 -1 -1 -1 -1 -1 -1 -1 -1 -1 -1 -1 -1 -1 -1 -1 -1 -1 -1 -1 -1 -1 -1 -1 -1 -1 -1 -1 -1 -1 -1 -1
3374 2435 4002 4175 3483 1958 3652 2189 4784 5191 4631 4380 1718 4051 3712 -1 4310 4041 3764 3706 2539 2606 4674 4029 4652 4363 -1 -1 5536 3616 3292 2874 3595 3211 5629 1012 3260 2716 3067 3090 -1 5540 4127 3060 3742 3207 4006 3304 2798 3488 4842 3607 4225 3085 1847 3293 3769 3736 4335 4152 3823 2965 3149 3491 5440 3564 3825 3721 4525 -1 1179 4015 3550 2231 4564 3477 2977 2884 3716 3764 2961 4308 1478 3853 3982 2696 2288 3351 3487 2254 4751 3345 3494 5138 3951 4154 -1 1876 1887 -1
1643 3285 3215 2326 3179 2806 3169 2978 4221 3833 3817 3022 2880 2703 3072 -1 3350 2110 1986 3051 3661 1014 3944 2490 2874 3437 -1 -1 3225 3133 1848 3170 2938 915 4298 4041 2300 3047 1623 2680 -1 4676 2349 2616 1431 3396 4624 2378 3151 3160 3198 3147 4002 1307 2697 3069 2060 2456 3500 2560 2045 3177 3464 2879 3662 2604 2436 4052 4081 -1 3666 1704 1958 2641 4080 2551 2754 2827 3245 2765 3750 3418 1793 1542 4020 3405 3077 2425 2799 3102 2913 3082 1997 2827 2514 2376 -1 2377 2735 -1
-1 -1 -1 -1 -1 -1 -1 -1 -1 -1 -1 -1 -1 -1 -1 -1 -1 -1 -1 -1 -1 -1 -1 -1 -1 -1 -1 -1 -1 -1 -1 -1 -1 -1 -1 -1 -1 -1 -1 -1 -1 -1 -1 -1 -1 -1 -1 -1 -1 -1 -1 -1 -1 -1 -1 -1 -1 -1 -1 -1 -1 -1 -1 -1 -1 -1 -1 -1 -1 -1 -1 -1 -1 -1 -1 -1 -1 -1 -1 -1 -1 -1 -1 -1 -1 -1 -1 -1 -1 -1 -1 -1 -1 -1 -1 -1 -1 -1 -1 -1
2289 3572 3287 4520 3827 3072 3802 2151 4774 5144 3916 4333 3146 2558 3674 -1 3998 3335 3713 3668 1459 3239 4678 2685 2447 2920 -1 -1 5478 3766 1857 3732 2515 3168 4277 2628 2948 2588 3029 3052 -1 5238 4525 3262 3802 4042 3968 1861 3294 3722 3924 2630 5449 3921 2984 3631 2326 2722 2983 3044 3772 3466 4432 3149 5806 3252 4177 3593 4727 -1 2795 4479 3269 4732 4766 2034 3264 3473 1355 3914 2923 4643 3347 3913 4215 1203 2250 1908 3453 3209 4367 4529 3706 5797 3516 3492 -1 2386 3001 -1
1122 2764 2694 3543 3416 2652 2648 3156 3700 3312 3296 2501 4623 2182 2956 -1 3093 2330 1465 2935 3352 493 3423 1969 2353 3856 -1 -1 4835 2612 1327 2649 2822 3191 4518 3520 2537 3045 1102 3724 -1 4155 1828 2095 4458 2875 4103 3338 2630 2639 3939 3479 3481 786 2176 2548 3803 2771 4460 2039 1524 3122 3867 2358 3141 3563 3469 4050 3560 -1 3145 1183 1437 2120 3559 2883 2233 2306 3465 2244 3471 3638 3808 2520 3499 3096 2922 3385 2278 2948 3651 2561 1476 4496 1993 1855 -1 1856 2581 -1
3965 4200 4404 2865 4027 3800 1128 3348 5720 4750 4594 3939 3874 3642 3977 -1 2416 2941 4414 4170 2793 4517 5736 3413 4449 3648 -1 -1 5393 1092 2438 4432 3849 3815 3957 4622 3148 3922 4226 4249 -1 5966 5049 2283 5069 3063 4339 2589 3771 4422 4652 3358 6129 4007 3612 4359 3054 2959 3711 2650 3548 3443 5013 3796 6362 4198 4531 4927 3748 -1 4207 4811 2875 3756 3787 2762 3911 2494 4076 1240 4120 3446 3996 3688 4943 3417 3447 2636 3716 3937 5081 5209 4955 3366 3055 3486 -1 2967 3729 -1
-1 -1 -1 -1 -1 -1 -1 -1 -1 -1 -1 -1 -1 -1 -1 -1 -1 -1 -1 -1 -1 -1 -1 -1 -1 -1 -1 -1 -1 -1 -1 -1 -1 -1 -1 -1 -1 -1 -1 -1 -1 -1 -1 -1 -1 -1 -1 -1 -1 -1 -1 -1 -1 -1 -1 -1 -1 -1 -1 -1 -1 -1 -1 -1 -1 -1 -1 -1 -1 -1 -1 -1 -1 -1 -1 -1 -1 -1 -1 -1 -1 -1 -1 -1 -1 -1 -1 -1 -1 -1 -1 -1 -1 -1 -1 -1 -1 -1 -1 -1
633 3390 2205 3054 3402 2682 2159 2671 3211 3995 2807 3184 4201 1693 2467 -1 3447 2316 976 2446 2996 3433 2934 1480 1864 3367 -1 -1 4346 2123 838 2160 2333 2702 4082 3883 2523 3517 613 3235 -1 3666 1339 1606 4067 2386 3614 2952 2220 2150 3450 2990 2992 297 2802 2059 3381 2282 4074 2025 1035 2766 3413 3171 2652 3074 2980 4522 3071 -1 2656 3260 2250 2961 3070 2394 2263 1817 3438 2271 3443 3528 3319 2031 3010 2740 2433 2999 2773 2735 3162 2072 3553 4397 1504 1366 -1 1367 2611 -1
2951 2723 3733 2946 2253 2504 3007 1130 3200 2996 3532 2185 4164 2860 2653 -1 2424 1758 2265 2487 2735 2322 4223 2769 2922 3116 -1 -1 2873 2971 2189 2606 3543 3868 3946 2102 1374 2121 1964 1987 -1 4955 3303 3027 3886 3087 2947 2879 2528 2596 3789 3288 4281 2261 2135 3348 3344 3623 4001 3376 2324 3070 4293 3624 4232 1678 3557 3126 4492 -1 2269 3012 3104 1982 3956 3018 2085 2878 1830 3119 1902 3066 4193 3685 4270 2479 1185 2926 2595 2800 2561 3361 2435 4256 2892 3020 -1 2718 2433 -1
2125 3648 2753 2949 3176 709 1212 2093 4409 3736 3283 2925 3847 2802 3376 -1 1150 2895 3474 2859 1703 2672 4354 2920 2819 2018 -1 -1 4082 1176 2522 811 2759 2573 4041 2355 2297 2832 2971 2994 -1 4868 3256 1811 3089 1752 3910 2562 1549 801 4170 2748 2668 2965 3060 3499 3027 1928 3684 2623 3533 2132 3314 3196 4569 2887 1762 3837 3276 -1 2500 3362 2275 2369 3315 2270 290 1183 2767 1324 2865 2894 3451 2377 3874 1447 2192 2609 800 1005 3770 3076 3644 3450 3139 3283 -1 3051 638 -1
2413 1585 3314 4426 3126 1270 2850 542 4158 4453 2988 3642 2455 1027 2065 -1 914 2644 3054 2059 1462 2972 4915 2777 3525 3012 -1 -1 5004 2814 1166 2974 2518 1633 4369 2721 2290 1866 1420 1443 -1 5207 3644 2372 3650 2659 2359 1953 2110 2964 3178 2722 3840 2666 997 3723 1635 2031 3075 2353 3113 2339 3741 3499 4957 3910 3154 2871 3837 -1 2866 3520 2578 2930 3264 2126 2457 2583 2433 2962 1314 831 3767 3761 4307 2008 641 2000 2967 1566 4459 2920 2984 3585 1764 3584 -1 1695 1199 -1
-1 -1 -1 -1 -1 -1 -1 -1 -1 -1 -1 -1 -1 -1 -1 -1 -1 -1 -1 -1 -1 -1 -1 -1 -1 -1 -1 -1 -1 -1 -1 -1 -1 -1 -1 -1 -1 -1 -1 -1 -1 -1 -1 -1 -1 -1 -1 -1 -1 -1 -1 -1 -1 -1 -1 -1 -1 -1 -1 -1 -1 -1 -1 -1 -1 -1 -1 -1 -1 -1 -1 -1 -1 -1 -1 -1 -1 -1 -1 -1 -1 -1 -1 -1 -1 -1 -1 -1 -1 -1 -1 -1 -1 -1 -1 -1 -1 -1 -1 -1
2535 1448 2074 2923 2873 950 2028 1640 3080 3864 2676 3053 2318 890 2336 -1 2979 3100 845 2315 1325 2301 2803 1349 1733 2428 -1 -1 4215 1992 2258 1221 2202 1496 3951 2596 1994 1729 2867 1147 -1 3535 1208 2221 3499 2162 3200 1816 1790 1211 2949 2585 2861 166 860 1928 1498 1894 2938 3033 904 2542 3555 3210 2521 2943 2172 2734 3381 -1 2741 3772 2685 2610 2939 1989 700 1593 3008 2140 2155 694 3861 1900 2879 1688 2088 1863 1210 1415 3031 1941 2847 4266 3751 1235 -1 527 1048 -1
4060 3980 5426 1794 3786 3419 3083 3179 4905 5026 3731 4215 4465 3422 3519 -1 3957 2700 1900 4020 3857 3431 3963 3988 4627 4239 -1 -1 5270 3047 2262 3521 4487 4028 4888 4808 2907 3826 4040 4080 -1 6153 3913 4238 4828 4462 2628 3180 2653 3511 4374 3737 3916 3724 3392 3780 3645 4041 4302 2926 1959 4349 3329 4072 5226 3383 4012 4831 5703 -1 4012 4121 3151 3334 3994 3353 3000 3893 3535 3195 3951 3226 4234 3091 5518 3703 3278 3227 3510 3659 4958 2996 4414 5321 2860 3940 -1 2791 3348 -1
4284 5799 4912 5057 4425 2868 4162 4072 6255 3092 4244 2281 5220 4961 5527 -1 4596 4980 2979 4659 3862 4831 4937 3483 3867 4621 -1 -1 6233 4126 3502 2790 4918 4732 5747 4514 3546 4991 4950 2699 -1 5669 5415 3123 5248 3903 5617 4713 3708 2780 4501 4100 4995 4998 5211 4062 5178 3799 4453 4689 3038 4283 5473 5347 6728 5038 3741 5598 4588 -1 4659 5521 4426 4528 4627 3504 2893 3334 4926 4274 4844 5045 4836 4528 5013 3606 4171 3378 3403 3164 5165 4075 5711 3381 5446 5192 -1 4031 2797 -1
2188 3879 2816 2087 3461 772 2466 2458 3285 4118 3445 3307 3968 2388 2994 -1 3359 2784 2371 2973 1766 2244 3587 513 1452 2400 -1 -1 4464 2430 1977 1193 2822 2618 3415 1633 2582 2895 2800 2823 -1 2678 2788 1874 1353 2134 2786 2683 1612 1183 2754 755 2544 3028 3291 1092 3148 2310 3805 3005 2430 2514 3377 2154 4101 2886 2144 3900 2545 -1 1800 3425 2261 2432 3378 1548 1296 1565 360 2578 3230 3276 3514 1464 2043 1510 2021 2730 1806 1068 2195 3467 3718 3165 2696 2815 -1 1283 701 -1
2119 3443 2747 3324 3170 703 2089 2087 4403 3533 3277 2722 3841 2796 3370 -1 2563 2889 3328 949 1697 2666 4348 2914 2813 2012 -1 -1 4076 2053 3156 805 2753 2567 4562 2349 2291 2619 2965 2988 -1 4862 3250 1805 3083 1549 3904 2556 1543 795 4164 2742 2662 2959 2855 3493 3021 1922 3678 2617 3387 2126 3308 2993 4563 2881 1756 3624 3270 -1 2204 3356 2072 2363 3309 2264 284 1177 2761 2201 2859 2888 3445 2371 3671 1441 2186 2603 794 999 3764 3504 2168 4327 3754 3277 -1 3684 632 -1
2913 3148 3352 1813 2975 2748 76 2296 4668 3698 3542 2887 2822 2590 2925 -1 1364 1889 3362 3118 1741 3465 4684 2361 3397 2596 -1 -1 4341 40 1386 3380 2797 2763 2905 3570 2096 2870 3174 3197 -1 4914 3997 1231 4017 2011 3287 1537 2719 3370 3600 2306 5077 2955 2560 3307 2002 1907 2659 1598 2496 2391 3961 2744 5310 3146 3479 3875 2696 -1 3155 3759 1823 2704 2735 1710 2859 1442 3024 188 3068 2394 2944 2636 3891 2365 2395 1584 2664 2885 4029 4157 3903 2314 2003 2434 -1 1915 2677 -1
2293 2784 3156 3751 981 2779 2167 780 5571 3799 3226 2988 3943 2562 2303 -1 1152 2882 3292 1215 1463 3570 4053 3482 3244 3717 -1 -1 5259 2131 1404 3497 2519 3268 4101 2959 102 2592 1658 1681 -1 3364 3882 3068 3806 1815 2597 2658 2718 3487 3483 3327 4078 2904 2196 4328 3123 3287 3780 2591 3351 3491 3979 3259 5195 3835 3478 3597 4533 -1 2470 3758 2338 3736 3502 2831 3065 3279 2152 2279 1552 3432 2921 2413 3937 1207 879 2705 3179 3075 4422 3158 2434 4083 2002 1748 -1 1933 3413 -1
2741 4276 1303 1855 3483 1655 2371 3282 5310 3904 1932 3093 2938 430 3520 -1 3654 2397 2507 2387 2649 3314 3611 2083 3395 3495 -1 -1 4625 3142 2701 3075 3386 3519 3957 3301 2604 3778 3405 3487 -1 3220 3972 2757 4035 2980 2687 2436 2495 3065 2522 3205 4523 2994 3688 3590 2118 2514 3558 3888 2566 3577 4260 2439 5285 3363 2728 3767 4222 -1 3446 4004 2029 3315 4261 2609 2554 2968 2761 2836 1642 3522 4397 3084 3613 2393 2685 2483 2870 1807 3765 3603 3606 4609 4296 2419 -1 3096 1584 -1
2659 4350 3287 2558 3540 1243 2937 2929 3756 4173 3916 3362 2013 2859 3460 -1 3574 3189 2842 3401 2237 2656 4058 984 1923 1787 -1 -1 4345 2901 2448 1664 3293 2035 3144 2104 2661 3366 3265 3294 -1 3149 3259 2345 1824 2605 3257 728 2083 1654 2791 1226 3015 2788 3762 1563 1193 1589 1850 3476 2901 2674 3848 2625 4572 2965 2615 4371 3016 -1 2271 3346 2298 2903 3849 901 1767 2036 831 3049 3701 3747 3385 1935 2514 1981 2492 775 2277 1539 2666 3938 3194 3636 3167 2359 -1 1754 1172 -1
2374 2970 2647 3199 1167 2336 2353 966 4839 3985 3276 3174 3644 1774 2489 -1 1338 3068 2717 1401 1649 1745 4675 2077 3016 3903 -1 -1 4691 2317 1590 2757 2705 3454 4538 3145 288 1035 1844 1867 -1 4242 3080 3254 2917 2001 2783 2844 2904 2747 3669 2319 4108 2038 2382 2656 3309 2537 3244 2777 2076 2741 4165 3445 3146 592 3178 2040 4109 -1 2656 2435 2524 3372 3688 3017 2860 1792 1924 2465 1738 2790 3107 2599 3607 1393 1065 2891 3365 2632 3759 3344 2153 4591 2188 1934 -1 2119 2265 -1
1845 3128 3671 3452 3215 21 1715 1707 4440 3829 4153 3018 4285 2114 3230 -1 3003 3232 3214 3224 1015 2278 3666 2232 3171 2936 -1 -1 3755 1679 2474 1729 2071 2566 4544 1667 2336 2144 2585 2608 -1 4397 2568 2729 3072 2670 3524 3059 861 1719 4410 2060 3586 2535 2540 2811 3524 2846 4181 3237 3273 3050 2626 3861 3881 3219 2220 3149 4194 -1 1812 3866 3193 1681 4233 1582 1208 2101 2079 1827 2479 2798 3364 3183 3762 759 1806 3106 1718 317 3914 2822 3262 3953 3072 2595 -1 3002 1556 -1
1451 3818 3216 3094 2695 1172 2558 1932 3642 2236 3746 1425 3802 2817 3455 -1 2866 2869 2100 2929 1705 1646 4058 2014 2988 2472 -1 -1 3347 2522 1962 650 2761 3036 3606 2444 1816 2563 1737 2833 -1 4567 2463 2267 3552 2215 3749 2517 2012 640 854 1959 3131 1421 3230 2960 2982 2391 2312 2578 2159 2595 3264 1282 3776 2120 1601 3568 3732 -1 2611 2336 361 2832 3771 1363 753 1646 2272 1168 2704 3357 1593 2840 3544 1910 2031 1237 1202 139 3696 3196 2629 3496 2628 2490 -1 2491 1101 -1
2726 4368 4298 5147 5020 4256 4252 4760 5304 4916 4900 4105 5825 3786 4560 -1 4697 3934 3069 4539 4956 2097 5027 3573 3957 5460 -1 -1 6439 4216 2931 4253 4426 4795 6122 5119 4141 4649 2706 5328 -1 5759 3432 3699 6062 3879 5707 4942 4234 4243 5543 5083 4558 2390 3780 4152 5407 4375 6064 3643 3128 4229 3442 3962 4745 5167 5073 5654 5164 -1 4749 2787 3041 3724 5163 4487 3837 3910 5069 3848 5075 5242 5412 4124 5103 4700 4526 4989 3882 4552 5255 3638 3080 6176 3597 3459 -1 3460 4185 -1
2663 3946 3661 4170 3477 2722 4176 2525 4424 4956 4290 4145 2796 2932 4048 -1 3648 3379 3489 3711 1833 2889 5052 2335 2097 2570 -1 -1 5128 4140 2231 3382 2889 2818 3927 2278 2598 2962 3188 3211 -1 4888 4613 3347 4176 4127 4342 1511 3562 3372 3574 2280 5292 3571 3358 3281 1976 2372 2633 3418 3548 3457 4806 2799 5456 2902 4333 3967 4734 -1 2445 4129 3081 4382 4565 1684 2914 3558 1005 3888 3297 4560 3721 3807 3865 1577 2409 1558 3424 2859 4017 4585 3977 5447 3890 3142 -1 2760 2651 -1
1735 3163 3307 3567 1797 3312 2983 1581 3691 4837 3909 4286 3463 2795 3104 -1 2915 3418 2078 2766 3163 3115 4036 2582 2966 4255 -1 -1 5448 2947 1940 3262 2106 3628 5180 2757 1865 1677 1715 2482 -1 4768 2441 2541 3824 3321 3398 3196 3322 3252 4234 2999 4094 1399 2575 2685 3630 3217 3886 3127 2137 2357 4360 2922 3754 2169 4082 2682 4006 -1 2924 4012 3352 545 4045 3369 3037 2752 2321 3095 2353 2826 3223 3133 4112 2907 1680 3243 3044 3519 4264 3174 2795 4723 2606 2468 -1 2469 3241 -1
2995 3504 3572 2184 3447 1812 1289 2572 3382 3926 1937 3115 4035 2728 3708 -1 2577 2361 106 2734 2165 2925 2064 610 994 2497 -1 -1 3476 1253 1519 1290 3221 2715 3212 3458 2568 3294 2342 2365 -1 2796 4029 2244 3870 2231 2744 2750 1668 1280 2580 3281 2122 3147 3539 1189 3215 2407 3872 2706 165 2611 3433 3008 5342 3102 2241 4299 2642 -1 2426 3615 2087 3472 2200 2923 1393 1662 2886 1401 3344 3373 3212 2856 2140 1909 1563 2797 1903 1865 2292 1202 3908 3527 3216 3647 -1 1380 1741 -1
3092 3858 3989 3763 2097 2987 3283 1854 4641 4831 4300 4020 4888 3116 3377 -1 3260 3596 3490 2759 2262 4272 5448 3994 4363 4650 -1 -1 6341 3247 2957 2819 3318 3525 4340 3543 2815 837 2732 2755 -1 5128 3815 4065 4605 3359 3671 3603 3827 2809 4430 4126 5151 2985 3270 4573 4068 1828 3046 4144 3549 2032 4035 3921 5128 3119 3770 1842 5530 -1 3710 4962 3882 3150 1907 3776 2922 3815 3271 3395 2626 4045 2919 4507 5481 2006 1953 3650 3432 3283 5676 4231 386 5521 3616 3842 -1 3486 2916 -1
1451 2107 3066 1827 1131 1592 1338 930 3431 2869 1986 2058 2977 1549 2453 -1 1302 45 155 1365 1613 2164 2113 659 1043 2546 -1 -1 3525 1302 1554 1339 2669 2155 2233 2453 252 1454 1808 1831 -1 2845 3499 2293 2173 1965 2661 2475 1717 1329 2629 1575 2171 2457 1519 1238 2157 2456 3597 2741 214 2660 2881 1915 3565 1011 2290 2459 2691 -1 2475 2854 994 3252 2249 2368 1442 1711 1180 1450 1702 1353 3071 2284 2189 1357 1029 2522 1835 1888 2341 1251 2572 3576 2152 1898 -1 1429 1521 -1
2136 2269 3723 4149 2892 2264 2573 265 5239 4176 2711 3365 4220 2223 1788 -1 637 2367 2777 1782 3102 3055 4735 3010 3248 3994 -1 -1 4744 2537 889 3071 3132 2753 4555 2444 2013 2550 1143 1166 -1 5275 3367 2553 3388 2382 2082 2935 2203 3061 2968 2955 3563 2389 1681 3860 3400 2772 4057 2076 2836 2976 3464 3222 4680 3633 2963 3555 4018 -1 2589 3243 2301 3221 2987 2359 2550 2764 2156 2685 1037 2917 3490 3499 4504 2950 364 2982 3060 2560 4527 2643 3001 4662 1487 3394 -1 1418 2898 -1
2385 2540 3957 465 2447 3079 3633 1889 4341 5487 4559 4752 4113 3309 2190 -1 3196 3867 2728 3406 427 2744 4686 2699 3616 4674 -1 -1 5717 3597 2590 3538 1483 3915 5059 2133 2515 1556 2365 3132 -1 5252 3091 2955 3790 3735 3706 3615 3919 3528 4884 2644 4744 2049 1952 3335 3917 3631 3765 3777 2787 3007 4368 3572 4404 2819 4489 2561 4420 -1 2278 3713 3688 1195 4459 2048 3641 3166 2971 3238 2661 3113 3873 3783 4229 2952 2330 3662 2421 3375 3278 3824 2674 1908 3256 3118 -1 3119 3008 -1
2929 1660 2657 3178 3201 2009 2625 2567 4939 3300 3286 2489 4020 3409 737 -1 3507 3444 3095 716 2328 3047 4955 3437 3495 2694 -1 -1 4612 2589 2150 1487 603 3661 4329 3655 2973 1941 3340 3468 -1 5544 3772 1502 2337 1316 3412 2735 2849 1477 4798 3504 3968 3024 1072 4270 3200 2178 3857 3153 3154 2662 4110 2760 4697 3417 2438 2946 2967 -1 1971 4504 1839 2170 2846 2908 1590 1713 3486 2646 2367 3424 2439 2448 3438 2072 2666 2782 1541 2305 4300 4191 1935 3679 2748 3773 -1 2679 1938 -1
3222 4260 4528 3903 3284 2484 2166 2711 5064 4007 4758 3196 2590 3554 4037 -1 3455 2198 3894 3518 2933 3233 5299 2129 3165 2364 -1 -1 4575 2852 720 2902 3903 2584 3721 4130 2405 3985 3589 3612 -1 4682 3388 3321 4245 3843 4498 1305 2034 2892 3368 2074 4411 3264 3672 3075 1770 2166 2427 1907 3953 2807 3295 3053 4701 3542 2794 4990 4528 -1 2470 3074 2132 4144 4825 1478 2381 3274 3252 2939 3483 3506 3962 3601 3659 2781 2810 1352 2891 2653 3811 3491 3367 4404 1318 2936 -1 1249 2413 -1
994 2636 2566 3415 3288 2524 2520 3028 3572 3184 3168 2373 4495 2054 2828 -1 2965 2202 1337 2807 3224 365 3295 1841 2225 3728 -1 -1 4707 2484 1199 2521 2694 3063 4390 3392 2409 2917 974 3596 -1 4027 1700 1967 4330 2747 3975 3210 2502 2511 3811 3351 3353 658 2048 2420 3675 2643 4332 1911 1396 2994 3774 2230 3013 3435 3341 3922 3432 -1 3017 1055 1309 1992 3431 2755 2105 2178 3337 2116 3343 3510 3680 2392 3371 2968 2794 3257 2150 2820 3523 2433 1348 4444 1865 1727 -1 1728 2453 -1
2848 3353 2798 2747 3167 1432 1800 2044 3945 3441 2988 2630 3552 2584 3081 -1 2682 2619 3031 2564 2067 2904 4130 1173 2112 3060 -1 -1 3787 1764 2637 1853 2947 3278 4075 2293 2288 3035 2878 2449 -1 3338 3448 2534 2013 1457 3446 2267 2272 1843 3414 1415 3204 2832 2765 1752 2732 1633 3389 2328 1172 1837 3840 2814 4761 2592 2804 4040 3205 -1 2460 3926 1980 2896 4038 2208 1956 888 1020 1630 2816 2599 4174 2082 2703 1811 2099 2314 2466 1728 2855 4036 3349 3825 3356 3475 -1 1943 1361 -1
3051 4089 4593 3809 3113 2629 2717 2540 5089 3836 4587 3025 3880 3383 4063 -1 3284 2027 3723 3347 2762 3144 5681 3234 4129 3654 -1 -1 4404 2681 549 2731 3818 2413 4215 4044 2234 3891 3418 3441 -1 5399 3217 3731 4074 3672 4357 2595 1863 2721 3784 3364 4240 3093 3501 3813 3060 2432 3717 1736 3782 2636 3124 2882 4530 3880 2623 4896 5196 -1 2299 2903 1961 4184 5235 2768 2210 3103 3081 2768 3312 3335 3937 3909 4764 2610 2639 2642 2720 2925 4187 3320 3196 4955 1147 3244 -1 1078 2558 -1
2564 3433 4111 3153 2457 2067 3384 2256 5142 3471 4702 2660 2141 2875 3590 -1 2628 1371 2907 2691 2939 1935 3747 2463 3473 2698 -1 -1 2486 3348 2769 3312 3456 176 3559 3713 1578 2555 2544 3157 -1 4803 3270 3169 3499 3291 3987 1639 2907 3302 3702 2408 4690 2228 2845 3238 1321 1717 2761 3481 2966 2438 4207 3800 4583 2112 1697 3560 4634 -1 3858 2625 2879 3562 4673 1812 3254 3312 2506 3496 3028 2679 4296 3610 3993 2683 2355 1686 3720 2363 2174 4003 2918 4731 3435 3224 -1 2299 1996 -1
2015 2148 3602 4108 2771 2965 2452 144 5118 4245 2590 3434 4420 2102 1667 -1 2942 2546 2656 1661 3253 2934 4614 2889 3127 4530 -1 -1 5102 2416 1247 3323 3011 3111 4734 2323 1892 2429 1022 1045 -1 5154 3246 2432 3267 2261 1961 3913 2684 3313 2847 2834 3442 2268 1560 3739 3600 3108 4393 2434 2715 3334 3822 3580 4559 3512 3567 3434 3897 -1 2468 4532 2659 3100 3936 2238 2802 2643 2035 2564 916 2796 3369 3378 4383 2997 243 3318 3312 3261 4571 2522 2880 4541 3792 3273 -1 1776 3150 -1
3272 3535 3545 2180 2065 3234 2967 1864 4418 4392 3261 3581 3790 2672 3387 -1 2236 3373 3483 2299 2547 2643 5441 2975 3736 3564 -1 -1 5589 2931 2488 3655 3603 3812 4921 3320 1186 1933 2742 2765 -1 5140 3603 4122 3815 2408 3681 2505 3746 3645 4567 3217 3466 2936 3280 3554 2970 2640 3627 3675 2974 2758 2350 3373 4044 1490 4076 2938 5007 -1 3487 3333 2931 3720 4586 2678 3264 2690 2822 3079 2636 3606 679 3497 4505 2291 1963 2552 3380 3530 4657 2546 3051 5205 3086 2832 -1 3017 3163 -1
3694 4396 5060 1428 3420 3053 2717 2813 4539 5183 3365 4372 4099 3838 3153 -1 3591 2334 1534 3654 3539 3065 3597 3622 4261 3873 -1 -1 4904 2681 1896 3155 4121 3760 4522 4442 2541 3460 3674 3714 -1 5787 3547 3872 4462 4096 2262 2814 2287 3145 4008 3371 3550 3358 3808 3414 3279 3675 3936 3083 1593 3983 2963 4229 4860 3017 3646 4465 5337 -1 3646 3755 3308 2968 3628 2987 2634 3527 3169 2829 3585 3642 4267 2725 5152 3337 2912 2861 3144 3293 4592 2630 4048 4955 2494 3574 -1 2425 2982 -1
1933 2389 2830 2733 3492 1828 996 1346 4528 3917 3459 3106 3259 1620 2869 -1 1718 2809 2547 1600 1103 3776 4505 3051 3435 3516 -1 -1 5261 960 1970 3529 2159 2366 3825 3474 3003 2232 2224 2247 -1 4378 2656 2151 3446 2200 3163 2457 2668 3519 3680 2967 3992 1868 1801 3630 2439 669 3579 2518 2606 873 2876 3644 3969 3307 3887 3237 3616 -1 2855 4324 2723 3488 3655 2630 3008 2362 3237 1108 2118 1635 3864 3348 4322 847 1445 2504 3097 2124 4733 3072 2819 3234 2568 2683 -1 2499 1757 -1
3888 2604 4916 4646 2910 3589 3596 2709 5774 4673 2729 3862 4749 2241 4232 -1 3081 2864 3895 3144 3392 3981 5853 4152 4783 4898 -1 -1 5241 3560 1386 3691 3150 3250 5052 4881 2031 2885 1161 1184 -1 5293 4054 4691 4992 3744 4526 4247 2823 3681 2986 4179 3581 3553 3619 4731 3929 3269 4532 2573 3954 3473 3961 3719 5367 4252 3706 3890 6156 -1 4399 4671 2798 3509 4974 3583 3170 4063 3999 3605 3481 4172 4632 4342 5682 3136 382 3457 3639 3885 5600 2661 4003 4680 3931 3677 -1 1915 3518 -1
3551 4207 4904 3927 3231 3692 3906 3030 5539 5547 4393 4736 4863 3649 4364 -1 3402 2145 4033 3465 3493 3504 2579 2400 4247 3503 -1 -1 5893 3870 3050 3447 4230 4255 4333 4157 2352 3329 2825 2848 -1 4953 4498 2783 4273 3563 4761 4373 4487 3437 4650 2345 3596 3797 3619 3346 4257 3459 5495 4237 4092 3943 2480 5007 5440 2886 3655 4334 4248 -1 4324 4194 4086 5002 4287 1749 3394 2994 3280 4018 3802 3453 4496 4188 3930 3237 2046 4420 3904 3988 2948 2676 4042 5512 4252 3998 -1 3537 3621 -1
2276 2511 3344 3034 2292 2111 3478 2091 4659 3061 3812 2250 2185 1953 3518 -1 2463 1252 2948 2114 1104 2828 4906 1724 2760 1959 -1 -1 4517 3442 2715 2743 2160 2207 3316 3269 1413 2160 2969 2992 -1 4277 3170 3092 3380 2714 3868 900 2951 2733 2963 1669 4506 2318 1923 2670 1365 1183 2022 961 3007 1387 3390 2107 4271 1717 3694 3165 2659 -1 3369 3518 1186 3771 4596 1073 2222 2917 2387 1993 2863 1757 3557 3196 3254 1361 2190 947 2027 2248 3406 3586 3278 4321 3313 2531 -1 2343 2040 -1
1957 3385 3529 3789 3097 3322 3483 1803 4398 5059 4131 4508 3685 3017 3326 -1 3924 3640 2300 2988 3385 4331 4258 2804 3188 4477 -1 -1 5670 3447 2162 3484 2328 4026 5406 2979 2874 2977 1937 2704 -1 4990 2663 2763 3903 3347 3620 3418 3544 3474 4456 3221 4316 1621 2797 2907 3883 3439 4540 3349 2359 2579 4582 3194 3976 3178 4304 3982 4228 -1 3146 4584 3574 767 4267 3591 3309 2778 2910 3520 2575 3922 3445 3355 4334 3129 1902 3465 3266 3618 4486 3396 3108 5715 2828 2690 -1 2691 3251 -1
3721 4491 5293 991 3783 4246 3723 3567 5677 6245 4371 5434 5449 4781 2716 -1 4901 4795 2540 4752 4599 4755 4498 3044 3428 4931 -1 -1 5910 3687 3926 3724 4092 5149 5646 4144 3851 3663 3701 4468 -1 5230 4427 3481 4316 4261 5178 5071 4102 3714 5014 4655 4556 3385 3903 3623 5536 4157 5872 5113 2599 4343 5867 4908 5740 4155 4675 4668 4946 -1 4289 5998 4521 2531 4634 4059 3827 3692 4307 3835 4339 4812 4418 4427 4574 4343 3666 5118 4337 4299 4726 3636 4781 4448 4592 4454 -1 3814 4175 -1
3129 1560 3669 4190 3101 2356 3637 3077 5645 3914 4127 3103 1660 1002 1749 -1 3481 2932 3611 1728 1437 1095 3493 2752 3788 2987 -1 -1 5478 3601 2784 2499 1615 1608 4344 4002 2431 1841 2559 2582 -1 5182 3979 2514 3349 2328 3312 1928 3196 2489 3984 2697 4979 2937 972 3698 1610 1738 3050 2641 3670 3091 4961 2960 5088 2735 3129 2846 3979 -1 2983 3957 2039 2722 3858 2101 2602 2725 3386 2846 2267 806 3451 1313 4282 3065 1780 1975 2553 2182 4385 4059 2947 4691 3760 648 -1 1818 2285 -1
2716 2312 3891 2047 1720 1847 2563 1519 5132 4096 3965 3285 4137 2765 3042 -1 1891 3621 2910 1954 199 3506 4868 3108 3798 3911 -1 -1 1841 2870 2143 3105 1255 3711 4149 3493 841 1328 2397 2420 -1 3412 4323 2949 3948 2554 3336 2852 2687 3095 2714 3350 4817 3281 1724 3687 3317 3565 3537 3330 2969 3742 4452 3142 5636 3100 306 2333 4414 -1 3209 3612 2221 3008 4241 3025 3034 3160 2891 3018 2291 4171 3660 3152 4100 1946 1618 2899 2193 1999 4790 3897 2446 4801 2741 2487 -1 2672 1776 -1
2105 2561 2006 2601 2375 2000 1008 1252 3322 2649 2196 1838 2760 1792 2289 -1 1890 1827 2387 1772 1275 2444 3338 2299 2898 2534 -1 -1 2995 972 2142 2347 2155 2538 3678 2224 1496 2243 2086 2109 -1 4550 2828 2163 3618 665 3069 1475 2650 2337 3538 2244 4164 2040 1973 3245 1940 841 2597 1536 2446 1045 3048 2109 4141 1800 3298 3248 3234 -1 2391 3134 1188 2104 3667 1648 2207 96 1952 1120 2024 1807 3876 1290 2787 1019 1307 1522 2029 2296 2683 3244 2557 3246 2740 2855 -1 2671 1929 -1
2331 2444 2959 2667 1974 915 1398 1773 2921 3942 3253 3131 4053 2581 3296 -1 2145 1876 1986 2208 1909 2552 3944 2120 2643 2224 -1 -1 4288 1362 1910 1017 2965 2779 3712 1823 1095 1842 1685 1708 -1 4673 3462 2017 3295 1958 3590 2768 1755 1007 3359 2065 2874 2845 1856 3066 3233 2134 2418 2829 2045 2338 3520 3345 3953 1399 1968 2847 3482 -1 1990 2484 2481 2575 3521 1469 496 1389 1551 1510 2545 3100 3657 2583 3650 1653 906 1343 1006 1211 3802 3082 2777 3636 2995 2741 -1 2439 844 -1
3723 4932 4351 2562 3129 2307 3078 2928 3171 4611 4980 3800 3063 3280 4287 -1 3300 4641 4374 3295 3301 4021 5122 3015 4051 3250 -1 -1 5808 3851 3163 2603 4357 2845 4607 3953 2250 3543 2938 3829 -1 3927 4838 3409 4687 3544 4321 2191 3147 2593 3229 2960 4460 3796 4344 3961 2656 3052 3313 4350 4433 1352 3355 1967 5654 3100 3554 4548 4874 -1 4098 4711 2736 3967 4913 2364 2082 2975 4300 3331 3700 4685 3124 4169 4545 3045 3027 2238 2592 2514 4697 3551 4514 5316 4150 3822 -1 3221 2236 -1
1109 2392 4203 4103 2668 2846 2622 971 5212 3093 3417 2282 3608 1378 2494 -1 3769 3216 2533 2488 279 3761 4938 2565 3868 3382 -1 -1 5130 2586 1738 3245 1335 3602 4739 3150 2719 1408 1849 1872 -1 4751 4057 2082 2622 2862 2788 2323 3052 3235 3674 2143 4269 3095 1804 3144 2788 2758 3445 2925 2592 3242 4313 4071 5370 3690 3812 2413 3547 -1 3295 3692 3150 3927 3586 2496 3348 2293 2862 2734 1743 3623 3795 2733 4095 23 1070 2370 2273 3142 4247 3349 2526 4353 2336 3954 -1 2267 2775 -1
2717 4408 3345 1501 4009 1301 2017 2987 4956 3550 3974 2739 4727 2219 3226 -1 4126 4183 3414 3950 2295 2960 4946 3328 4302 4216 -1 -1 5035 2959 3276 3009 3351 3165 3603 2947 3130 3424 3051 3888 -1 2866 3777 2403 3681 3183 4804 3831 2141 2999 2168 3273 4866 2735 3820 4091 3907 3019 3626 3892 3473 3223 3906 2596 5090 3434 3500 4429 3868 -1 3092 3650 1675 2961 3907 2677 2488 2614 3359 2482 3759 4078 4043 3792 4858 2039 3086 2551 2516 1453 5010 4102 3943 4255 3942 3804 -1 3805 1230 -1
3813 5297 5179 4573 3711 3172 2836 3510 4658 5509 3484 4698 4218 4275 4374 -1 3882 3908 1653 3945 3658 3184 3716 3757 4380 3992 -1 -1 5023 2800 4018 3274 4240 4240 4759 4561 2832 3579 3793 4411 -1 5942 3666 3991 4617 4215 2381 2933 2406 3264 4127 3702 3669 3477 4709 3533 3398 3794 4055 4358 1712 4595 4171 4555 4979 3136 3765 4584 5456 -1 4728 3874 3634 4811 3747 3106 2753 3646 3288 2948 4282 5154 4386 2844 5287 3456 3609 2980 3263 3412 4711 2749 4167 5074 4684 3693 -1 3724 3101 -1
3687 1996 5228 4936 3537 2813 3667 3513 5190 5671 5522 4860 5726 3956 5036 -1 4414 4145 4061 3448 2857 3383 6124 4389 4912 4493 -1 -1 6071 3631 3762 2769 3913 3761 5780 4092 3364 2277 3954 3977 -1 6826 5033 4286 4277 4048 3748 4901 3653 3276 5628 4334 3786 4055 1408 5325 4906 4403 4486 4929 4120 4607 5418 3052 6222 3668 3720 3282 5751 -1 4259 4550 4327 4033 5790 3738 2765 3658 3820 3779 2703 4583 4639 4388 3543 2601 3175 3612 3275 2336 5328 5157 3395 5673 4914 5010 -1 4291 3113 -1
3011 3713 4377 3433 2737 2370 2034 2130 3856 4500 2682 3689 3416 3155 3572 -1 2908 1651 851 2971 2856 2382 2914 2939 3578 3190 -1 -1 4221 1998 1213 2472 3438 3077 3839 3759 1858 2777 2991 3031 -1 5104 2864 3189 3779 3413 1579 2131 1604 2462 3325 2688 2867 2675 3125 2731 2596 2992 3253 2400 910 3300 2280 3546 4177 2334 2963 3782 4654 -1 2963 3072 2625 4009 2945 2304 1951 2844 2486 2146 2902 2959 3584 2042 4469 2654 2229 2178 2461 2610 3909 1947 3365 4272 1811 2891 -1 1742 2299 -1
4155 4418 4428 2095 2948 4117 3850 2747 5301 5275 4144 4464 4673 3555 3207 -1 3119 3433 3644 3182 3430 3526 5561 3858 4532 4447 -1 -1 6089 3814 3371 4538 3683 3439 5621 4203 2069 2816 3625 3648 -1 6023 4486 3972 4698 3291 4564 3388 4629 4528 5354 4060 4349 3819 4152 4437 3853 3523 4413 4558 2778 3641 3233 4256 4927 2373 4959 3821 5437 -1 4370 4216 3814 3635 5469 3464 4147 3573 3705 3962 3519 4489 1562 3381 5388 3174 2846 3338 4263 4413 5540 3429 3934 2596 3969 2716 -1 3900 4046 -1
5018 5362 6359 5228 2305 4392 3491 4497 7502 7002 6943 6191 6237 5116 4439 -1 3468 3612 5500 4418 5156 6053 7563 4900 5714 5701 -1 -1 7175 3455 3801 4494 4305 5665 5800 6020 3819 5643 5375 5398 -1 6315 5909 4646 5740 5018 6228 4952 5232 4484 6188 4894 6351 6345 4774 5479 5417 5322 5247 4988 5559 5806 5916 6134 7222 5633 5445 6648 6111 -1 5673 6743 5213 5872 6150 4298 3973 4857 4747 3603 5269 4920 4245 5851 6430 4924 4596 4172 4483 4688 3023 6112 5637 5729 5418 5465 -1 4330 4321 -1
-1 -1 -1 -1 -1 -1 -1 -1 -1 -1 -1 -1 -1 -1 -1 -1 -1 -1 -1 -1 -1 -1 -1 -1 -1 -1 -1 -1 -1 -1 -1 -1 -1 -1 -1 -1 -1 -1 -1 -1 -1 -1 -1 -1 -1 -1 -1 -1 -1 -1 -1 -1 -1 -1 -1 -1 -1 -1 -1 -1 -1 -1 -1 -1 -1 -1 -1 -1 -1 -1 -1 -1 -1 -1 -1 -1 -1 -1 -1 -1 -1 -1 -1 -1 -1 -1 -1 -1 -1 -1 -1 -1 -1 -1 -1 -1 -1 -1 -1 -1
5448 6220 6988 6011 4919 4457 5523 4216 6811 7472 6477 6820 6098 5733 5739 -1 5090 4229 5791 5153 5401 5588 4663 4484 6331 5587 -1 -1 3091 5487 5134 4747 5819 6339 6417 5392 4040 5390 4909 4932 -1 7037 6154 4867 6357 5647 6033 5831 5297 5361 6291 4429 5680 5112 5632 5320 6296 5543 5350 6321 5850 4992 4564 5607 7467 4970 5698 6395 6332 -1 5559 6278 5798 4258 6371 3833 4850 5078 5364 5635 4988 5537 5858 6272 5350 5145 4130 4275 5360 5565 5032 4760 5521 7596 5940 5686 -1 5511 5198 -1
-1 -1 -1 -1 -1 -1 -1 -1 -1 -1 -1 -1 -1 -1 -1 -1 -1 -1 -1 -1 -1 -1 -1 -1 -1 -1 -1 -1 -1 -1 -1 -1 -1 -1 -1 -1 -1 -1 -1 -1 -1 -1 -1 -1 -1 -1 -1 -1 -1 -1 -1 -1 -1 -1 -1 -1 -1 -1 -1 -1 -1 -1 -1 -1 -1 -1 -1 -1 -1 -1 -1 -1 -1 -1 -1 -1 -1 -1 -1 -1 -1 -1 -1 -1 -1 -1 -1 -1 -1 -1 -1 -1 -1 -1 -1 -1 -1 -1 -1 -1
2501 2678 3398 2823 3301 2396 2658 674 5096 4485 3120 3674 3981 2525 2197 -1 3472 3076 3115 2168 1671 3464 4988 3419 3657 3755 -1 -1 5307 2622 1777 3760 2727 2934 5112 2853 2422 2800 1552 1575 -1 4946 3224 2197 3797 2768 2491 2696 3214 3750 3377 3364 3972 2436 2090 4198 3161 1237 3818 2964 3174 1441 2993 4016 4537 3875 4097 3805 3662 -1 2998 5049 3189 3630 3701 2768 3239 1746 2565 2770 1446 3326 1322 3602 4890 1415 773 2743 3665 2692 4995 3052 3387 4896 3728 3251 -1 2306 2325 -1
2594 3871 3222 2981 3028 1178 2564 2562 3975 3661 3752 2850 1501 3207 2948 -1 3038 2718 2955 2889 2172 2144 4242 1040 2076 1275 -1 -1 3833 2528 2601 1280 2814 1523 2632 2824 2149 2896 2753 3447 -1 3593 3318 2280 3525 2221 3441 216 2018 1270 2279 985 3137 2276 3283 1986 681 1077 1338 3092 3014 2162 3783 2707 4631 2453 2231 3901 3439 -1 2969 2834 1786 2838 3784 389 759 1652 2605 2593 3334 3265 2873 2512 2570 1916 2645 263 1269 1474 2722 3979 2682 4152 3351 1847 -1 1659 1107 -1
2859 4068 3487 2628 2265 1443 3137 2064 2307 4677 4116 3866 2612 3154 3587 -1 2436 3777 3510 2431 2437 3255 4258 2151 3187 2386 -1 -1 4944 3101 2299 2391 3493 1981 3743 3089 1386 2679 2074 2965 -1 3993 3990 2545 3823 3031 3457 1327 2283 2381 3295 2096 3607 3387 3480 3097 1792 2188 2449 3486 3569 488 2491 3723 4790 2236 3342 3684 4010 -1 3234 3945 2802 3103 4049 1500 1870 2756 3436 3249 2836 3821 3984 3623 3681 2181 2163 1374 2380 1739 3833 2687 3650 5219 3286 2958 -1 2770 1372 -1
2205 3074 3777 2794 2098 2559 3284 1897 4783 4395 4343 3584 3944 2516 3231 -1 2269 1012 2548 2332 2580 1576 4506 2300 3114 2370 -1 -1 2127 3248 2410 2980 3097 3122 3200 3420 1219 2196 2185 2798 -1 4465 2911 3178 3140 2932 3628 3442 3399 2970 4498 2542 4331 1869 2486 2879 3124 3520 4405 3122 2607 3902 3848 3441 4224 1753 3931 3201 4332 -1 3587 2266 2520 3203 4619 3335 3083 2953 2147 3327 2669 2320 4038 3251 3830 2324 1996 3489 3361 2855 1815 3644 2559 4952 3076 2865 -1 2939 2488 -1
-1 -1 -1 -1 -1 -1 -1 -1 -1 -1 -1 -1 -1 -1 -1 -1 -1 -1 -1 -1 -1 -1 -1 -1 -1 -1 -1 -1 -1 -1 -1 -1 -1 -1 -1 -1 -1 -1 -1 -1 -1 -1 -1 -1 -1 -1 -1 -1 -1 -1 -1 -1 -1 -1 -1 -1 -1 -1 -1 -1 -1 -1 -1 -1 -1 -1 -1 -1 -1 -1 -1 -1 -1 -1 -1 -1 -1 -1 -1 -1 -1 -1 -1 -1 -1 -1 -1 -1 -1 -1 -1 -1 -1 -1 -1 -1 -1 -1 -1 -1
2649 2782 3817 3421 2728 2979 3086 778 3675 4034 3224 4068 3812 2736 2301 -1 2899 2630 2588 2295 3210 3306 4546 3092 3397 3586 -1 -1 5736 3050 1881 3081 3645 3745 4818 2577 1849 2534 1656 1679 -1 5278 2951 3066 3901 2895 2595 2527 3003 3071 3481 3296 4076 1909 2194 3671 2992 3388 3649 3068 2647 2718 4456 3333 4264 2153 4016 3539 4531 -1 2744 3996 3293 3734 3604 2700 2560 3277 2305 3198 1550 3430 4003 3643 4622 2954 877 2574 3070 3275 4774 3156 2083 4864 2540 2978 -1 2410 2908 -1
2033 3548 2661 2806 2904 617 1911 1821 4004 841 2559 30 2969 2710 3276 -1 2477 2729 728 2759 1611 2580 2686 1232 1616 2370 -1 -1 3982 1875 1251 539 2667 2481 3496 2263 2025 2740 2699 2722 -1 3418 3164 872 2997 1652 3366 2462 1457 529 3143 1849 2744 2747 2960 1811 2927 1548 2202 2438 787 2032 3222 3096 4477 2787 1490 3347 2337 -1 2408 3270 2175 2277 2376 1253 642 1083 2675 2023 2593 2794 2585 2277 2762 1355 1920 1127 1152 913 2914 1824 3460 2101 3668 3191 -1 1780 546 -1
3808 3439 3653 2084 4273 3587 2871 2130 4481 4296 4282 3485 3694 3495 3474 -1 3593 4065 4091 3475 2978 4337 5961 3233 4269 3468 -1 -1 5697 2835 2587 3689 4034 3716 4825 3931 3394 3454 3008 3031 -1 5237 3507 4026 5253 2312 3947 2409 3901 3679 4472 3178 3370 3743 3546 3491 2874 2544 3531 3774 4150 2662 2254 3277 4820 4410 4162 4459 5491 -1 4098 4941 2835 3624 4524 2582 3168 3233 4021 2983 2902 3510 583 4199 4434 2722 2229 2456 3284 3757 4915 2450 3003 5109 3185 3534 -1 3116 3516 -1
2651 4135 4017 3411 2549 2010 1674 2348 3496 4347 2322 3536 3056 3113 3212 -1 2720 2746 491 2783 2496 2022 2554 2595 3218 2830 -1 -1 3861 1638 2856 2112 3078 3078 3597 3399 1670 2417 2631 3249 -1 4780 2504 2829 3455 3053 1219 1771 1244 2102 2965 2540 2507 2315 3547 2371 2236 2632 2893 3196 550 3433 3009 3393 3817 1974 2603 3422 4294 -1 3566 2712 2472 3649 2585 1944 1591 2484 2126 1786 3120 3992 3224 1682 4125 2294 2447 1818 2101 2250 3549 1587 3005 3912 3522 2531 -1 2562 1939 -1
3406 4444 4677 3525 3468 2668 1788 2895 5248 4191 4867 3380 2774 3738 1791 -1 3076 2382 4078 3702 3117 3417 5483 2313 3349 2548 -1 -1 4759 1752 904 3086 4087 2768 3905 4314 2589 4169 3773 3796 -1 4866 3572 2556 4429 3336 4682 1489 2218 3076 3552 2258 4595 3448 3856 3259 1954 2350 2611 2091 4137 2991 3479 3237 4885 3726 2978 5174 4021 -1 2654 3258 2316 4328 4060 1662 2565 2767 3436 1900 3667 3690 3493 3785 3843 2965 2994 1536 3075 2837 3995 3675 3551 3957 1502 3120 -1 1433 2597 -1
2154 2287 3587 3486 2910 3104 2591 283 4216 4384 2729 3573 3503 2241 1806 -1 3081 2685 2795 1800 3392 3073 4753 3017 3266 4295 -1 -1 5241 2555 1386 3462 3150 3250 4873 2462 2031 1975 1161 1184 -1 4972 3385 2571 3406 2400 2100 3236 2609 3452 2986 2973 3581 2407 1699 2725 3701 3247 4184 2573 2854 2397 3961 3012 4698 1532 3706 2980 4036 -1 2607 4671 2798 1663 4075 2377 2941 2732 2174 2703 1055 2935 3263 3517 4522 3136 382 3283 3451 3400 4699 2661 2926 4680 1893 3412 -1 1915 3205 -1
1398 1633 3277 2156 1460 1233 2646 1259 3781 2183 2934 1372 1307 1075 2754 -1 1631 374 2070 1694 226 1950 4028 846 1882 1081 -1 -1 3639 2610 1883 1865 1282 1329 2438 2391 581 1355 2137 2160 -1 3399 2482 2214 2502 2294 2990 22 2073 1855 2085 791 3693 1440 1045 1792 487 883 1144 83 2129 1968 3210 1229 3795 2259 2816 2360 1781 -1 2558 2640 308 2893 3718 195 1344 2237 1509 1115 2031 879 2679 2318 2376 1686 1358 69 1149 1370 2528 3166 2473 3443 2481 1653 -1 1465 1162 -1
3084 2598 2812 3031 3598 2776 3304 3397 3640 3455 3441 2644 3532 3749 4060 -1 3769 3906 3250 3644 3571 4490 5120 3484 4230 3719 -1 -1 5291 3268 3612 3072 4451 3314 4484 4077 2719 2613 3407 4298 -1 4396 5124 3486 5156 1471 3978 2660 3616 3062 3698 3429 4929 4265 4269 4425 3125 3137 3782 3832 3309 1821 3824 2436 6123 3569 4023 3618 4951 -1 4244 5180 1994 4400 3683 2833 2551 2392 4248 2801 4169 4103 3593 3586 3593 3315 3496 2707 2835 2983 4979 4020 2162 4715 4210 3928 -1 3690 2705 -1
2074 2207 3661 4167 2830 2202 2511 203 5177 4304 2649 3493 4479 2161 1726 -1 3001 2605 2715 1720 3196 2993 4673 2948 3186 4468 -1 -1 5161 2475 1306 3261 3070 3170 4793 2382 1951 2488 1081 1104 -1 5213 3305 2491 3326 2320 2020 3972 2393 3251 2906 2893 3501 2327 1619 3798 3659 3167 4452 2493 2774 3393 3881 3639 4618 3571 3626 3493 3956 -1 2527 4591 2718 3159 2925 2297 2740 2702 2094 2623 975 2855 3428 3437 4442 2940 302 3377 3250 2498 4630 2581 2939 4600 3851 3332 -1 1835 3088 -1
3247 4065 3510 3065 3879 3504 2512 2454 4826 4153 3700 3342 4264 3296 624 -1 3394 3331 3590 3276 2779 3948 4842 3803 4402 4038 -1 -1 4499 2476 3452 3851 3618 4042 5182 3728 3000 3747 3227 3355 -1 6054 3659 1389 2224 2169 4271 2979 4154 3841 5042 3609 5113 2911 3477 4197 3444 2065 4101 3040 3649 2549 3997 3613 4584 3304 4351 4752 2854 -1 3895 4638 2692 2057 2893 3152 3711 1600 3456 2624 3226 3311 2326 2335 4291 2523 2553 3026 3533 3800 4187 4193 4061 3566 4118 3686 -1 3981 3433 -1
3802 4278 5275 1633 4425 4627 3440 3664 6319 4933 5013 5107 4942 4071 2745 -1 4728 4512 3182 3334 2972 4757 5099 3653 4070 5312 -1 -1 5627 3404 4171 4105 3221 2977 5245 4786 4037 3966 3946 3969 -1 5872 5069 3510 4345 3934 5481 4440 4744 4095 4892 3598 5198 4027 3690 4265 4122 4186 3951 4931 2316 4440 5670 5320 6382 4341 4498 4971 4975 -1 4589 5447 4399 3173 5014 3002 4208 3491 4949 3552 4436 5202 3999 2919 5183 2716 3167 2876 3947 4177 5315 4278 4553 2134 5029 2254 -1 4456 4556 -1
1227 2510 4321 3574 2786 2964 2740 1089 3822 3211 3535 2400 3667 1496 2612 -1 3347 3078 2651 2606 397 3754 4822 2459 3778 3500 -1 -1 5248 2704 1856 3139 1453 2982 4857 2961 2297 1526 1967 1990 -1 4645 1950 2200 2740 2980 2906 2441 3170 3129 3792 2261 4387 3213 1922 3038 2906 2876 3563 3043 2710 3360 4431 4189 3263 2601 3930 2531 3665 -1 3128 3810 3268 4045 3704 2614 3008 2411 2753 2852 1861 2180 3427 2642 3989 141 1188 2488 2391 3260 4141 3467 2644 4471 2454 1977 -1 2385 2893 -1
2048 3571 2676 2128 1801 632 2018 1600 4332 3659 3206 2848 3770 2725 3123 -1 1972 2818 3397 2035 1626 2595 4277 2843 2010 1209 -1 -1 4005 1982 2224 734 2682 2496 4230 2278 922 2127 2478 2501 -1 3493 3179 1734 3012 1675 3417 2485 1472 724 2795 2671 2591 2888 2983 3422 2950 1851 3607 2546 3456 2055 3237 98 4492 2810 387 2840 3199 -1 2423 3285 2198 2292 3238 2193 213 1106 2690 2130 2372 2817 3374 2300 3797 1370 1699 2532 723 928 3693 3433 2953 4256 2822 2568 -1 2753 561 -1
2765 4407 3456 2973 3970 1412 3106 2814 4171 3896 4085 3085 3647 3505 4130 -1 3222 2914 3108 4109 2406 1077 5057 1032 3996 3286 -1 -1 5146 3070 1777 2079 3462 3276 3626 466 3121 2710 2745 3999 -1 3585 3471 2514 3792 3020 3985 2362 2252 2069 3640 977 4560 2429 3819 1978 2827 3190 3484 2623 3167 3400 4017 2942 4784 3992 3030 3715 3431 -1 633 2826 2021 2704 4018 381 2182 2338 3470 2828 3586 4162 4154 3645 2562 2150 3197 2409 2692 1708 2714 4204 2674 4144 2375 3498 -1 2169 1341 -1
3668 5127 5495 3519 3324 3451 4162 3123 5859 4453 5456 3642 5741 4369 4646 -1 3495 3381 3625 3558 3806 3696 5688 4231 5205 4968 -1 -1 6995 4126 3747 3761 4862 5315 5569 4661 2445 3650 3954 4024 -1 5016 4680 4484 5509 4158 4353 4456 4291 3751 3071 4176 4759 3638 4539 5177 4921 3925 4529 3090 3684 4129 5054 3499 5993 4337 1910 4363 5949 -1 4813 2190 2578 5059 5719 3580 3240 4133 4489 3385 3895 4689 5264 4756 5761 3550 3222 3454 3419 2356 5913 3839 2483 5713 4345 4091 -1 4276 3380 -1
3777 2728 2190 2760 2781 2388 2125 2520 2549 3333 2819 2522 4375 3478 1805 -1 2952 3284 2690 1784 3263 3399 3549 1186 2505 3073 -1 -1 4477 3114 2840 1866 1671 3291 4109 4034 1902 3009 2615 2638 -1 3372 677 2570 3405 2224 3772 3090 3111 1856 3427 3805 4184 2011 2140 1765 3555 2983 4212 3151 2749 3187 3068 3181 1990 2791 1367 3820 3218 -1 3002 4089 2747 3238 3914 3263 1969 2238 3952 3262 3292 3947 1397 1369 2716 3007 1836 3137 2479 2684 2868 3264 3003 4298 3802 704 -1 1956 2317 -1
-1 -1 -1 -1 -1 -1 -1 -1 -1 -1 -1 -1 -1 -1 -1 -1 -1 -1 -1 -1 -1 -1 -1 -1 -1 -1 -1 -1 -1 -1 -1 -1 -1 -1 -1 -1 -1 -1 -1 -1 -1 -1 -1 -1 -1 -1 -1 -1 -1 -1 -1 -1 -1 -1 -1 -1 -1 -1 -1 -1 -1 -1 -1 -1 -1 -1 -1 -1 -1 -1 -1 -1 -1 -1 -1 -1 -1 -1 -1 -1 -1 -1 -1 -1 -1 -1 -1 -1 -1 -1 -1 -1 -1 -1 -1 -1 -1 -1 -1 -1
3591 4506 4219 4000 4182 2175 2263 3559 5405 5202 4749 4391 5009 4268 4842 -1 3551 4076 4638 4325 2661 4138 5820 2780 3719 3484 -1 -1 4303 2227 3573 2277 3449 4039 5092 3821 3303 3790 4437 4460 -1 4945 3770 3277 3620 3218 2485 3724 1409 2267 5021 3022 4134 4431 3918 3359 4189 3394 4846 3785 4683 3598 3174 4409 5083 3883 2768 4795 4742 -1 3966 4828 3741 3835 1941 3736 1756 2649 2627 2375 4331 4360 2953 3731 4310 2913 3658 3771 2266 2471 4462 3370 4908 4501 4190 3797 -1 3550 2104 -1
2800 3396 3073 3625 1593 2762 2779 1392 2540 4411 3702 3600 4070 2200 2915 -1 1764 3318 3143 1827 2075 2171 5101 2503 2262 4329 -1 -1 5117 2743 2016 3183 3131 3880 4964 2443 714 1461 2270 2293 -1 4668 3506 3512 3343 2427 3209 3270 3330 3173 4095 2745 4534 2464 2808 3082 3735 2963 3670 3203 2502 3167 4591 2964 3572 1018 3604 2466 4535 -1 2610 2861 2950 3798 4114 2358 3079 2218 1170 2891 2164 3216 3533 3025 4033 1819 1491 3317 2131 3058 4121 3770 2579 5017 2614 2360 -1 2545 2691 -1
3608 5033 4299 3816 4813 2255 3742 3029 5014 4739 4928 3928 4490 4348 4552 -1 4065 3757 3951 4346 3249 1920 5650 1875 4839 4129 -1 -1 5989 3706 2620 2922 4305 4119 4469 1309 3964 3553 3588 3930 -1 4428 4314 3357 4635 3863 4828 3205 3095 2912 4483 1820 5403 3272 4445 2821 3670 3415 4327 3466 4010 3619 4860 3785 5627 4835 3873 4558 4274 -1 1454 3669 2864 3547 4861 1224 3025 3159 4313 2414 3801 4381 3677 4488 3405 2993 3128 3252 3535 2551 3557 5047 3517 4987 3218 4341 -1 3012 2184 -1
1571 2854 2468 2651 3130 1466 3084 1433 4166 3555 3097 2744 3969 1595 2956 -1 3691 3422 2185 1238 741 3429 4143 2689 3073 3844 -1 -1 5200 3048 2200 3174 1797 2004 4753 3112 2641 1870 2311 2334 -1 4016 2294 2544 3084 1838 3250 2785 2306 3164 3318 2605 3630 1506 2266 3268 3149 307 3907 3387 2244 511 2514 3282 3607 2945 3525 2875 4009 -1 2493 4119 2361 3126 3978 2958 2653 2755 3097 3168 2205 2524 3771 2986 3960 485 1532 2832 2735 1762 4371 2710 2457 4815 2798 2321 -1 2729 1395 -1
1576 3267 2204 3435 3354 160 1854 1846 4579 3968 2833 3157 3356 2253 3369 -1 3142 2964 3000 3149 1154 2123 2975 2371 3310 3075 -1 -1 3894 1818 1486 1868 2210 2024 3723 1806 2475 2283 2724 2747 -1 2986 2707 1262 2540 2042 2174 2071 1000 1858 4134 2199 3725 2416 2679 2950 2536 1938 3193 2673 3059 2422 2765 3340 4020 3177 2359 3288 2727 -1 1951 2813 2565 1820 2766 1721 1347 1473 2218 1966 2618 2937 2902 2651 3901 898 1945 2118 1857 456 4022 2961 3106 3936 2084 2734 -1 2015 89 -1
1335 3801 3213 3839 2579 1700 3086 2378 3526 2120 3815 1309 3686 2701 3461 -1 2750 2753 1984 2813 2605 1530 3942 1898 2872 3009 -1 -1 5073 3050 1846 1802 3327 3206 3490 2328 1700 2447 1621 3177 -1 4451 2347 2151 4080 2743 4195 2401 2540 1792 738 1843 3659 1305 3213 2844 2866 2827 2196 2462 2043 3123 4305 1166 3660 2004 2242 3452 3616 -1 2495 2220 245 3157 3655 1247 1281 2174 2156 1052 3150 3258 3731 3039 3428 2438 2375 1121 1086 23 3580 3080 2513 3380 2512 2374 -1 2375 1629 -1
3947 4060 4575 4283 3590 2531 3014 3389 4479 5558 4869 4747 4784 4197 4912 -1 3761 3492 3602 3824 3525 4168 5560 3736 4259 3840 -1 -1 5904 2978 3526 2633 4581 4153 5328 3439 2711 3458 3301 3324 -1 6165 5078 3633 4911 3574 5206 3499 3371 2623 4975 3681 4490 4461 3472 4682 3964 3750 4034 4445 3661 2660 4663 4961 5569 3015 3584 4463 5098 -1 3606 4100 4097 4191 5137 3085 2112 3005 3167 3126 4161 4716 4459 4199 5266 3269 2522 2959 2622 1602 5418 4698 4393 5252 4611 4357 -1 4055 2460 -1
2029 2801 3601 2783 2091 2528 2880 797 3392 4053 3243 3710 2679 2755 2320 -1 2918 2649 2372 2314 3147 3325 4330 2637 3260 3471 -1 -1 4867 2844 1900 2824 2400 3066 4828 1973 1868 1971 1675 1698 -1 4148 2735 1757 3920 2537 2614 2412 3022 2814 3450 2215 4095 1693 2213 1901 2877 2433 3534 3087 2431 1573 3576 2188 4048 2172 3775 2976 3222 -1 2140 4015 2957 839 3261 2585 2303 1968 2324 2992 1569 2916 2439 3162 4167 2891 896 2459 2813 2735 4319 3175 2102 4883 2559 2762 -1 2092 2457 -1
2833 2096 3106 2319 1626 1877 2380 1425 2573 4352 2905 3541 4103 2233 2948 -1 1797 1528 1638 1860 2108 2204 3596 2142 2295 3186 -1 -1 4795 2344 1562 1979 3164 3426 3716 1475 747 1494 1337 1360 -1 4328 3539 2979 3376 2460 3242 3303 1901 1969 3162 2778 3654 2497 1508 2721 3640 2996 3703 2749 1697 3200 3666 2997 3605 1051 2930 2499 4174 -1 1642 2894 2477 3049 3732 2391 1458 2251 1203 2492 2197 2836 3566 3058 3643 1852 558 3350 1968 2173 3824 2734 2612 3762 2647 2393 -1 2091 1806 -1
2972 3871 3316 1928 3399 1556 2318 2316 3126 3959 3506 3148 4070 2646 3452 -1 3200 2625 2212 3082 2550 3387 4275 354 3042 2241 -1 -1 4305 2282 3419 1034 3318 2459 3277 3202 2520 3553 3194 3217 -1 2540 4103 2658 3936 1975 2940 2785 2396 1024 2595 3554 3515 3162 3283 933 3250 2151 3907 2846 2271 2355 4161 3023 5416 3110 1985 4438 2386 -1 2170 4077 2102 3216 4162 2958 1137 1406 3262 2430 3088 3117 4298 2600 1884 2294 2415 2832 1647 1852 2036 3308 3867 3466 4050 3586 -1 1124 1485 -1
1664 2320 3054 2040 1344 1805 2530 1143 4318 4162 3589 3351 3190 1762 2477 -1 1515 258 2146 1578 1826 2152 4209 1546 2360 1616 -1 -1 5098 2494 1767 2226 2343 2368 2446 2666 465 1442 2021 2044 -1 3711 3487 2637 2386 2178 2874 2688 2645 2216 3787 1788 3577 2445 1732 2125 2370 2766 3651 2954 2205 3148 3094 3187 3553 999 3177 2447 3578 -1 2833 2842 2701 3465 3865 2581 2329 2199 1393 2642 1915 1566 3284 2497 3076 1570 1242 2735 2839 2101 1061 3242 2560 4198 2365 2111 -1 2296 1734 -1
3864 3367 3149 3267 1300 2544 2486 2696 3844 4847 2348 4036 4111 2276 4219 -1 2463 2799 2909 3131 3030 3386 4867 2579 3518 3853 -1 -1 5193 2450 2833 2022 4086 4133 3543 2746 2018 40 2608 2631 -1 4744 4287 3641 3419 2863 3580 2826 3172 2012 4368 2821 4503 3245 2779 3158 3291 2600 2249 2887 2578 2804 4802 3124 4876 1094 2973 1045 4585 -1 2913 4076 3112 2675 5003 2999 2125 2294 2426 1477 3468 3683 3240 3488 4109 2778 1829 2873 2635 2840 4261 4005 1158 4724 3918 3664 -1 3349 2473 -1
2395 3294 2739 2976 2822 979 1741 1739 4055 3382 2929 2571 3493 2525 3022 -1 2623 2541 3120 2505 1973 2942 4071 3032 2465 1664 -1 -1 3728 1705 2842 457 2888 2843 4411 2625 1943 2976 2617 2640 -1 4514 3526 2081 3359 1398 3556 2208 1819 447 3816 2977 2938 2773 2706 3769 2673 1574 3330 2269 3179 1778 3584 2842 4839 2533 1408 3861 3546 -1 2770 3632 1921 2639 3585 2381 560 829 2685 1853 2511 2540 3721 2023 3520 1717 1838 2255 1070 1275 3416 3780 3290 3979 3473 3553 -1 3371 908 -1
3295 3951 4685 3671 2975 3436 4161 2774 5283 5793 4137 4982 4821 3393 4108 -1 3146 1889 3777 3209 3237 3248 2323 2144 3991 3247 -1 -1 6462 4125 2794 3191 3974 3999 4077 4297 2096 3073 2569 2592 -1 4697 4583 4268 4017 3809 4505 4319 4231 3181 4394 2089 4989 3541 3363 3090 4001 4308 5282 3981 3836 4512 4725 4818 5184 2630 3399 4078 4543 -1 4327 3938 4192 4875 5307 1493 3294 3563 3024 4273 3546 3197 4915 4128 3674 2981 1790 4366 3804 3732 2692 4069 3786 5256 3996 3742 -1 3281 3365 -1
1600 3291 2228 3459 3378 184 1878 1870 4603 3992 2857 3181 4013 2277 3393 -1 2044 3228 3024 3173 1178 2147 3829 2395 3334 3099 -1 -1 3918 1842 2637 1892 2234 2048 4707 1830 2499 2307 2748 2771 -1 4560 2731 1286 2564 2066 3687 2876 1024 1882 4331 2223 3749 2440 2703 2974 3193 1962 3998 2937 3083 2446 2789 3364 4044 3201 2383 3312 2751 -1 1975 2837 2589 1844 2790 1745 1371 1497 2242 1990 2642 2961 2926 2675 3925 922 1969 2923 1881 480 4046 2985 3130 3960 3235 2758 -1 3165 113 -1
0 3049 3094 2994 3401 3088 2096 2038 4348 3737 3255 2926 3848 2880 2126 -1 2978 2906 1424 2105 2363 3470 4426 3387 3986 3622 -1 -1 4021 2060 3141 2876 1992 3626 4530 3250 2522 3269 2916 2939 -1 5214 3890 973 3726 1753 3828 2563 2986 2866 3898 3332 3440 2848 2461 4333 3028 1649 3685 2624 1483 2133 4136 3197 5203 2826 3827 4274 2438 -1 3360 4160 2276 3130 2477 2736 2979 1184 2978 2208 2810 2895 2686 2378 3875 2107 2137 2610 2930 3183 3709 2520 3324 4334 3828 3917 -1 3670 3017 -1
3925 0 4269 3508 1541 2509 2727 2937 4085 4912 4417 4101 5023 3745 4460 -1 2704 3040 3150 3372 3275 3716 5108 3654 3807 3194 -1 -1 5258 2691 3074 1987 4331 4373 3784 2987 2259 281 2849 2872 -1 5551 4528 3611 4888 2928 3821 3738 3349 1977 4674 3421 4468 3486 3020 4233 4203 2841 2490 3799 3209 3045 5043 3365 5117 2563 2938 1286 5076 -1 3154 4406 3451 4169 5115 3534 2090 2359 2715 2839 3709 4014 3481 3553 5050 3019 2070 3408 2600 2805 3332 4246 1399 4965 4159 3905 -1 3603 2438 -1
2500 3140 0 2876 2180 1670 2387 1979 4480 3661 629 2850 4026 2598 2217 -1 2351 1094 1204 2196 2662 2566 2308 780 2092 2247 -1 -1 3322 2351 2603 1772 2083 3204 3282 3316 1301 2503 2857 2880 -1 3894 3901 2772 3222 1677 3710 3523 2510 1762 3678 2624 3220 2859 2552 2287 3206 2889 4645 3584 1263 3093 3930 1136 4614 2060 1425 3508 3740 -1 3451 3256 2043 3330 3298 3231 1251 2144 2229 2499 2751 2402 3919 1781 2310 2406 2078 3570 1761 736 2462 2300 3415 3892 3201 1116 -1 2478 1599 -1
2730 4158 4302 0 2792 4307 3613 2576 4686 5254 4801 4443 4458 3790 1725 -1 3910 4413 3073 3761 3880 4110 5031 3577 3961 5139 -1 -1 5600 3577 2935 4257 3101 4623 6175 3752 2860 2672 2710 3477 -1 5763 3436 2490 3325 3270 4393 4080 4317 4247 5229 3994 5089 2394 3570 3680 4545 3166 4881 4122 3132 3352 5098 3917 4749 3164 5077 3677 3955 -1 3919 5007 3793 1540 3994 4253 4032 2701 3316 3725 3348 3821 3427 3436 5107 3624 2675 4127 4039 4514 5259 4169 3790 4667 3601 3463 -1 3464 4236 -1
4023 4258 4462 2923 0 3858 1186 3406 5476 4808 4652 3997 3932 3700 4035 -1 1163 2999 4472 4228 2851 3748 5794 2644 4507 3706 -1 -1 5451 1150 2496 3691 3907 3873 4015 4680 3206 3980 4284 4307 -1 4010 3604 2341 5127 3121 4397 2647 3829 3681 3883 2589 4727 4041 3670 3590 3112 3017 2942 2708 3606 3501 3611 3854 4917 4256 4294 4985 3806 -1 4265 4438 2933 3814 3845 1993 3794 2552 4134 1298 4178 3504 1940 3746 4174 3475 3505 1867 3774 3168 4326 3807 4286 3424 3113 3544 -1 3025 3787 -1
1824 3107 3650 3431 3194 0 1694 1686 4419 3808 4132 2997 4264 2093 3209 -1 2982 3211 3193 3203 994 2257 3645 2211 3150 2915 -1 -1 3734 1658 2453 1708 2050 2545 4523 1646 2315 2123 2564 2587 -1 4376 2547 2708 3051 2649 3503 3038 840 1698 4389 2039 3565 2514 2519 2790 3503 2825 4160 3216 3252 3029 2605 3840 3860 3198 2199 3128 4173 -1 1791 4006 3172 1660 4212 1561 1187 2080 2058 1806 2458 2777 3343 3162 3741 738 1785 3085 1697 1902 3893 2801 3241 3932 3051 2574 -1 2981 1535 -1
3375 3831 3276 1737 3645 3093 0 2220 4592 3919 3466 3108 3199 3062 2849 -1 3160 2788 3286 3042 2545 3714 4608 2738 3774 2973 -1 -1 4265 2242 1310 3511 3325 3081 4330 3494 2766 3513 3098 3121 -1 5291 3978 1155 4449 1935 4037 1914 2643 3501 3977 2683 5001 3030 3243 3684 2379 1831 3036 2497 2420 2315 3885 3379 5291 3070 3403 4518 2620 -1 3079 3683 2458 3277 2659 2087 2990 1366 3222 2390 2992 3077 2868 2560 4057 2289 2319 1961 3299 3262 3953 4081 3827 2238 1927 2358 -1 1839 3022 -1
1871 2004 3458 4045 3545 2821 2308 0 4974 4101 4087 3290 4276 2848 3997 -1 3596 3309 2803 1517 3283 2790 4761 2745 2983 4386 -1 -1 5686 2272 1831 3179 3863 3454 5130 2179 3457 2285 4331 2923 -1 5298 3102 2844 5437 2117 1817 3769 3268 3169 4725 2690 4819 2124 1416 3691 3456 3520 4494 3018 2862 3918 4406 3561 4415 3761 3792 3290 4309 -1 2324 4539 2640 4041 4257 2094 2658 3055 1891 2420 772 2652 3822 3794 4239 3559 3552 3816 3168 3117 4427 3899 2736 4487 4088 3129 -1 2360 3006 -1
2337 2618 2065 2660 3054 1248 2386 2008 0 2708 2694 1897 3768 3341 3531 -1 3108 2003 1203 124 2242 2734 3266 1678 3358 2557 -1 -1 4573 2350 1565 726 3298 3112 3737 2894 2210 1794 2886 2909 -1 3864 3216 2350 3628 724 1931 2483 1956 716 3677 1256 3207 3027 2030 2257 2948 2467 3605 2752 1262 2671 2632 2168 4529 2686 1677 2799 3710 -1 1379 3424 1247 2908 2864 2656 829 1722 2838 2054 2780 3311 3876 2394 2846 1986 2107 2530 1339 1544 3360 2299 1343 3968 2163 3181 -1 2094 1177 -1
2251 2707 2152 2747 2521 2146 1154 1096 3468 0 2342 1984 2906 1938 2435 -1 2036 1888 2533 1918 1421 2590 3484 2445 3044 2680 -1 -1 3141 1118 410 2493 2301 2274 3824 2370 1642 2389 1974 1997 -1 4696 2948 31 3764 811 2913 1621 1847 2483 3684 2390 4101 1906 2119 3391 2086 707 2743 1597 2039 1191 2985 2255 4261 1946 2730 3394 1496 -1 2537 3214 1334 2250 1535 1794 2194 242 2098 1266 1868 1953 1744 1436 2933 1165 1195 1668 2175 2442 2829 3181 2703 1260 2886 2975 -1 939 2075 -1
3940 4073 5108 4712 4019 4270 4377 2069 4966 5325 0 5359 5103 4027 3592 -1 4190 3921 3879 3586 4501 4597 5837 4383 4688 4877 -1 -1 7001 4341 3172 4372 4936 5036 6109 3868 3140 3825 2947 2970 -1 6569 4242 4357 5192 4186 3886 3818 4107 4362 4772 4587 5367 3200 3485 4962 4283 4679 4940 4359 3938 4009 5747 4624 5555 3444 5307 4830 5822 -1 4035 5287 4584 5025 4895 3991 3851 4568 3596 3576 2841 4721 5294 4934 5913 4245 2168 3865 4361 4566 6065 4447 3374 6155 3391 4269 -1 3701 4199 -1
3062 3518 2963 2776 3201 2404 1881 1907 3974 811 2529 0 3717 2749 3246 -1 2847 2699 698 2729 2232 3401 2656 1202 1586 3089 -1 -1 3952 1845 1221 1882 3112 3085 3804 3181 2322 3200 2785 2808 -1 3388 3759 842 4462 1622 3336 2432 2260 1872 3172 3201 2714 2717 2930 1781 2897 1518 3554 2408 757 2002 3796 3066 5072 2757 1787 3317 2307 -1 3018 4025 2145 3061 2346 2605 1985 1053 2909 1993 2679 2764 2555 2247 2732 1976 2006 2479 2495 2457 2884 1794 3430 2071 3697 3786 -1 1750 2333 -1
2236 2934 3808 2919 3210 3384 3762 1620 4517 4426 4066 3615 0 3296 3143 -1 3741 2703 2579 3137 821 1607 4537 3083 3467 4015 -1 -1 3818 3726 2441 3763 1877 1493 4891 3419 2691 1950 2216 2521 -1 5269 2942 3209 2024 3737 3437 2956 3744 3753 3768 3725 4595 1900 2346 3662 2638 3034 4078 3153 2638 3560 4057 3472 4255 2995 3014 2955 4674 -1 3586 2297 2551 2367 4446 3129 3347 3420 3147 3358 2392 4011 2386 2135 4613 2797 1719 3003 2815 3053 3506 3675 2590 3420 3107 2969 -1 158 3313 -1
3850 4477 4478 4771 3592 2434 3131 4091 5765 5451 4602 4640 2508 0 4738 -1 4419 4508 3962 3896 3329 3934 5249 2830 3866 3065 -1 -1 5171 3095 3259 3145 4385 3313 4422 4080 3904 4458 3034 3057 -1 5260 4325 3536 4488 4086 4448 2006 2277 3135 4069 2775 5002 3283 4438 3776 1688 2084 3128 4446 4021 3169 4042 4497 5638 4243 3636 3337 5001 -1 4225 4624 3576 4094 4915 2179 2624 3517 3495 3243 4863 4272 4663 4302 4360 3143 2255 2053 3134 2730 4512 4238 3450 5369 4358 3637 -1 2666 2363 -1
2985 3441 2886 3481 3255 2880 1888 1830 4202 3529 3076 2718 3640 2672 0 -1 2770 2707 3267 2652 2155 3324 4218 3179 3778 3414 -1 -1 3875 1852 2933 3227 3035 3418 4558 3104 2376 3123 2708 2731 -1 5430 3682 765 4498 1545 3647 2355 3530 3217 4418 2985 4489 2640 2853 3986 2820 1441 3477 2416 3326 1925 3373 2989 4995 2680 4178 4128 2230 -1 3271 4014 2068 2984 2269 2528 3087 976 2832 2000 2602 2687 1702 2170 3667 1899 1929 2402 2909 3176 3563 3569 3437 4126 3620 3709 -1 3462 2809 -1
-1 -1 -1 -1 -1 -1 -1 -1 -1 -1 -1 -1 -1 -1 -1 -1 -1 -1 -1 -1 -1 -1 -1 -1 -1 -1 -1 -1 -1 -1 -1 -1 -1 -1 -1 -1 -1 -1 -1 -1 -1 -1 -1 -1 -1 -1 -1 -1 -1 -1 -1 -1 -1 -1 -1 -1 -1 -1 -1 -1 -1 -1 -1 -1 -1 -1 -1 -1 -1 -1 -1 -1 -1 -1 -1 -1 -1 -1 -1 -1 -1 -1 -1 -1 -1 -1 -1 -1 -1 -1 -1 -1 -1 -1 -1 -1 -1 -1 -1 -1
4005 5288 6195 5502 4154 4769 5013 3867 6698 4043 5661 3232 5092 4274 5390 -1 0 3720 3830 5040 3175 5735 5788 4334 4718 4866 -1 -1 7184 4977 4453 4871 4231 5114 5908 5600 3927 2894 4745 4768 -1 6520 6909 4074 5518 4854 5684 3807 5392 4861 5870 4061 5846 5867 4700 4913 4272 4668 4929 5640 3889 5234 6556 5590 7240 4686 5019 3899 5539 -1 5767 6425 4669 6293 5578 3980 4350 4285 4855 5125 4639 5028 5787 5479 5864 2919 3966 3854 4860 5065 6016 4926 4012 5303 5232 5438 -1 4982 4698 -1
1406 2062 3261 1782 1086 1547 2272 885 4060 3904 3331 3093 2932 1504 2408 -1 1257 0 1888 1320 1568 3019 3951 1288 2102 3175 -1 -1 5239 2236 1509 1968 2624 2110 2188 2408 207 2343 1763 1786 -1 3453 3563 2379 2128 1920 2616 2430 2387 1958 3529 1530 3319 3009 1474 1867 2112 2508 3552 2696 1947 3289 2836 2929 4876 3371 2919 3348 3320 -1 2575 3863 2443 3207 3607 2323 2071 2340 1135 2384 1657 1308 3026 2239 2818 1312 984 2477 2581 1843 2970 2984 2539 3940 2107 1853 -1 2038 1476 -1
2889 4172 4249 2920 3341 2328 1183 2751 5262 3856 1831 3045 3929 2622 4032 -1 2471 2255 0 3575 2059 2819 5581 2933 3872 3613 -1 -1 3370 1147 2493 2430 3115 3951 3106 3974 2462 3188 3357 3652 -1 5098 3923 2338 3773 2908 2638 2644 1562 2420 2474 3175 2016 3041 3584 3512 3109 3014 3766 2705 59 3288 3327 2902 5236 2996 2921 4193 3803 -1 4119 3509 1981 3811 2094 2817 1909 2339 2780 1295 3523 3501 3106 3533 4463 1803 2850 2691 2419 1759 3058 1096 3802 3421 3110 3541 -1 3022 2257 -1
2213 2494 1941 2536 2930 2360 3562 2687 5384 2584 2570 1773 4564 3949 4158 -1 4093 3035 2379 0 3095 2682 4249 2721 3359 3887 -1 -1 5263 3526 2741 2282 4024 4084 3613 3206 3242 1670 3565 3588 -1 5161 4392 2615 4740 600 3107 3279 2733 2272 4853 3592 4284 3818 1906 3554 3744 2661 3879 3340 2438 2865 3808 2044 5705 3862 3233 2675 4080 -1 1255 4600 1123 3732 2740 2996 2159 2826 3951 1930 3201 4136 3752 3570 2722 2839 2786 2870 1964 2656 4403 3475 1219 3844 3339 3057 -1 3270 2289 -1
3611 2113 4985 4356 2389 2930 3575 3473 4933 5595 5265 4784 4473 3880 4996 -1 3552 3888 3998 3565 0 3500 5756 4012 4655 4247 -1 -1 5290 3539 2603 3111 1056 4114 4632 3835 3107 1129 3697 3720 -1 5767 5150 4043 5124 4165 3865 3188 3770 3101 5251 3957 5592 4172 1525 4958 3653 3689 3338 3790 4057 3893 5178 4213 5965 3411 4062 2134 5508 -1 4002 3413 4015 4150 5547 3361 3214 4107 3563 3687 2820 4700 4329 5235 5542 2525 2918 3235 1994 3226 5445 5094 2247 5813 3201 4753 -1 3132 2870 -1
2034 3899 4389 3619 2923 2399 2991 2663 5258 2819 4397 2008 4385 3341 4160 -1 3094 1837 2706 3157 3304 0 4664 3125 3594 3708 -1 -1 5031 2955 3022 2501 3188 3905 4025 3027 2044 3837 2797 3564 -1 5290 3523 2850 3965 3442 4453 3100 2137 2491 5163 3367 4358 2481 3311 3704 3565 3526 4222 1546 2765 3439 3902 1865 4836 4038 3452 4842 4315 -1 3194 5052 944 1627 4354 3273 1980 2873 2972 1751 3435 3145 4305 4067 4655 3137 2762 3147 1785 2695 4807 3802 3968 4079 3688 3485 -1 3264 2328 -1
1744 3027 4174 4123 3303 2808 3176 1606 5321 3728 4052 2917 4243 2013 3129 -1 4058 3851 3168 3123 914 4280 0 2549 3488 4017 -1 -1 5163 3140 2373 3229 1970 4237 5374 3669 3354 2043 2484 2507 -1 4714 4692 2717 3257 2833 3423 2958 3648 3219 4309 2778 3779 3730 2439 3128 3423 3009 4080 3560 2548 3213 4948 4190 6005 3968 4180 3048 4182 -1 3836 4327 3356 4272 4221 3131 3332 2264 2396 3006 2378 3975 4430 3368 4079 658 1705 3005 2908 3104 4231 3984 3161 4988 2971 4589 -1 2902 2737 -1
3677 4021 5018 2611 3357 2996 4330 3156 6161 5661 5518 4850 4873 3775 3098 -1 3528 2271 4159 3077 3839 3808 5811 0 4373 4613 -1 -1 5834 4294 3780 3848 2964 2908 4459 4642 2478 4302 4034 4057 -1 5724 5543 3863 4399 3677 4887 4371 3772 3838 5800 3801 5590 5005 3433 3312 4053 4163 4929 4858 3294 4367 5107 5121 6550 3996 4429 5307 5328 -1 4332 5649 4200 4151 5207 3980 3951 3418 3406 4160 3928 3579 4800 3897 1530 3583 3255 3854 3902 3292 1682 5255 4296 3112 4378 3232 -1 3503 2925 -1
3027 2791 3371 3785 3089 2386 2373 2315 4687 2932 2916 2121 4125 2428 3654 -1 3255 2003 2819 3137 2640 3120 4703 3291 0 3899 -1 -1 4360 2337 525 2830 3337 2389 4191 3589 2210 3072 1348 1371 -1 5456 3193 1250 2876 2030 4132 2840 1962 2820 3173 3533 3676 3069 3338 3870 3305 1926 3962 1712 2878 2410 3100 2858 4506 3165 2845 4077 2715 -1 3756 3810 1937 3469 2754 3013 2309 1461 3138 2485 3087 3172 2963 2655 4152 2384 569 2887 2778 2682 4048 2848 3821 4192 4105 3220 -1 1054 2315 -1
1980 3346 2608 3586 3758 564 1849 2250 4983 3733 3237 2922 3760 2657 2423 -1 1787 2804 3404 2402 1558 2527 3379 2775 801 0 -1 -1 4298 1813 1326 1448 2289 2428 4127 2210 2879 2687 2149 2172 -1 3390 3111 1666 2944 2389 2578 2475 1404 1438 3974 2603 3305 2820 2758 3354 2940 2342 3597 2513 2948 2769 3169 2424 4424 3524 2399 3692 3131 -1 2355 2772 2738 2224 3170 2125 927 1820 2622 1961 3022 3341 3306 3014 4305 1302 1370 2522 1437 860 4407 3365 3065 4087 2488 3138 -1 1855 493 -1
-1 -1 -1 -1 -1 -1 -1 -1 -1 -1 -1 -1 -1 -1 -1 -1 -1 -1 -1 -1 -1 -1 -1 -1 -1 -1 -1 -1 -1 -1 -1 -1 -1 -1 -1 -1 -1 -1 -1 -1 -1 -1 -1 -1 -1 -1 -1 -1 -1 -1 -1 -1 -1 -1 -1 -1 -1 -1 -1 -1 -1 -1 -1 -1 -1 -1 -1 -1 -1 -1 -1 -1 -1 -1 -1 -1 -1 -1 -1 -1 -1 -1 -1 -1 -1 -1 -1 -1 -1 -1 -1 -1 -1 -1 -1 -1 -1 -1 -1 -1
-1 -1 -1 -1 -1 -1 -1 -1 -1 -1 -1 -1 -1 -1 -1 -1 -1 -1 -1 -1 -1 -1 -1 -1 -1 -1 -1 -1 -1 -1 -1 -1 -1 -1 -1 -1 -1 -1 -1 -1 -1 -1 -1 -1 -1 -1 -1 -1 -1 -1 -1 -1 -1 -1 -1 -1 -1 -1 -1 -1 -1 -1 -1 -1 -1 -1 -1 -1 -1 -1 -1 -1 -1 -1 -1 -1 -1 -1 -1 -1 -1 -1 -1 -1 -1 -1 -1 -1 -1 -1 -1 -1 -1 -1 -1 -1 -1 -1 -1 -1
2357 3129 3929 3111 1828 2856 2432 1125 3720 4381 3571 3835 3007 3083 2648 -1 1999 2977 2700 2062 2310 3653 4658 2965 3588 3799 -1 -1 0 2396 2228 3152 2728 3394 5156 2301 949 2299 2003 2026 -1 4476 3063 2085 4248 2662 2942 2740 3350 3142 3778 2543 4423 2021 2541 2229 3205 2761 3862 3415 2759 1901 3904 2516 4376 2500 4103 3304 3550 -1 2468 4343 3185 1167 3589 2913 2631 2296 2652 2544 1897 3244 2767 3260 2259 2054 1224 2787 3141 3063 4647 3503 2430 4670 2849 2595 -1 2420 2785 -1
2873 3108 3312 1773 2935 2708 36 2256 4628 3658 3502 2847 2782 2550 2885 -1 1324 1849 3322 3078 1701 3425 4644 2321 3357 2556 -1 -1 4301 0 1346 3340 2757 2804 2865 3530 2056 2830 3134 3157 -1 4874 3957 1191 3977 1971 4073 1497 2679 3330 3560 2266 5037 2915 2520 3267 1962 1867 2619 1558 2456 2351 3921 2704 5270 3106 3439 3835 2656 -1 3115 3719 1783 2664 2695 1670 2819 1402 2984 148 3028 2354 2904 2596 3851 2325 2355 1544 2624 2845 3989 4117 3863 2274 1963 2394 -1 1875 2637 -1
2502 3540 4044 3260 2564 2203 2210 1991 4540 3287 4038 2476 3829 2834 3514 -1 2735 1478 3174 2798 2213 2595 5132 2766 3580 3512 -1 -1 3855 2174 0 2305 3269 1864 3666 3495 1685 3342 2869 2892 -1 4931 2668 3305 3606 3246 3808 3327 1437 2295 4694 3008 3691 2544 2952 3345 3009 1883 4449 1187 3233 2087 2575 2333 3981 3331 2320 4347 4770 -1 3662 3285 1412 3635 4809 3500 1784 2677 2613 2219 2763 2786 3388 3360 4296 2061 2090 3374 2253 2499 4214 2771 3296 4448 3585 2695 -1 529 2132 -1
1938 3461 2566 2692 2365 522 1908 1906 4222 3549 3096 2738 3660 2615 3189 -1 2382 2708 3287 2599 1516 2485 4167 2733 2632 1831 -1 -1 3895 1872 2788 0 2572 2386 4578 2168 1486 2645 2784 2807 -1 4057 3069 1624 2902 1565 3723 2375 1362 614 3359 2561 2481 2778 2873 3312 2840 1741 3497 2436 3346 1945 3127 3009 4382 2700 951 3404 3089 -1 2313 3175 2088 2182 3128 2083 103 996 2580 2020 2678 2707 3264 2190 3687 1260 2005 2422 613 818 3583 3323 3457 4146 3386 3096 -1 3317 451 -1
2555 1057 4450 4565 2598 1874 2993 2417 5076 4539 4863 3728 3417 2824 3940 -1 3761 3025 3795 2509 1725 2444 5519 2956 3975 3191 -1 -1 4234 3264 1547 3044 0 3058 4548 3520 3232 1338 3295 3318 -1 5509 4094 3528 4068 3109 2809 2132 2714 3034 4195 2901 5087 3116 469 3902 2597 2993 3254 2734 3854 3257 4122 3880 5407 3612 3621 2343 4993 -1 3297 3901 2959 3094 5032 2305 2709 3416 2883 3412 1764 3644 4538 4179 4486 1469 2516 2179 938 2170 4389 4318 2456 5231 2145 3763 -1 2076 3057 -1
3307 4470 3935 3262 2667 1891 3585 2466 5222 3438 4564 2627 1965 3671 3989 -1 2838 3137 3325 2901 2786 3391 3571 2287 3323 2522 -1 -1 5080 3549 3090 3136 3842 0 3879 3537 1788 3261 3344 3367 -1 4627 3782 2993 3989 3501 3905 1463 2731 3126 3526 2232 5341 2740 3882 3233 1145 1541 2585 4277 3384 2262 4265 3954 5095 3700 1521 3974 4458 -1 3682 4081 3033 3551 4497 1636 3078 3204 3838 3697 3238 3729 4120 3759 3817 2600 2565 1510 3588 2187 3940 4421 3929 4698 3688 3094 -1 2123 1820 -1
3236 4274 4317 3994 3298 2273 2361 2725 5274 4021 4772 3210 4065 3568 4248 -1 3469 2212 3908 3532 2759 3329 5866 2878 3817 3582 -1 -1 4401 2325 734 2375 3815 2598 0 3919 2419 3888 3603 3626 -1 5043 3402 3375 3718 3316 4542 2780 1507 2365 3969 3120 4232 3278 3686 3457 3245 2617 3902 1921 3967 2821 3272 3067 4715 3981 2808 4893 4840 -1 2484 3088 2146 3933 4879 2953 1854 2747 2725 2473 3497 3520 4010 3829 4408 2795 2824 2827 2364 2569 3831 3468 3381 4599 791 3429 -1 1263 2202 -1
2362 4053 2990 3440 3504 946 2640 2632 4990 4413 3619 3602 4536 3039 4065 -1 3928 3431 3786 3935 1940 1594 4591 3157 4096 3693 -1 -1 4680 2604 3399 1862 2996 2810 5469 0 3222 2244 3510 3533 -1 4805 3493 2048 3326 2828 4449 3251 1786 2476 4107 2985 4343 3202 3465 3736 3716 2724 4373 3140 3845 3171 3551 3459 4806 3526 2813 3249 3513 -1 167 3599 2538 2606 3552 2507 1965 1872 3004 2752 3404 3723 3688 3437 4687 1684 2731 3298 2475 1242 4808 3747 3362 4722 3997 3520 -1 3927 875 -1
2191 2682 3054 3649 879 2677 2065 678 5469 3697 3124 2886 3841 2460 2201 -1 1050 2780 3190 1113 1361 3468 4491 3380 3142 3615 -1 -1 5157 2029 1302 3395 2417 3166 4726 2857 0 2490 1556 1579 -1 4889 3780 2966 3704 1713 2495 2556 2616 3385 3381 3225 3976 2802 2094 4226 3021 3185 3678 2489 3249 3389 3877 3157 5093 3733 3376 3495 4431 -1 2368 3656 2236 3634 3400 2729 2963 3177 2050 2177 1450 3330 2819 2311 3835 1105 777 2603 3077 2973 4940 3056 2332 4303 1900 1646 -1 1831 3311 -1
3824 3327 4337 3227 1260 2504 2446 2656 3804 5243 4136 4432 5192 3464 4179 -1 2423 2759 2869 3091 2994 3435 4827 3373 3526 3813 -1 -1 5877 2410 2793 1982 4050 4257 3503 2706 1978 0 2568 2591 -1 5270 4247 3601 4607 3383 3540 3907 3132 1972 4393 3849 4463 3205 2739 3952 4372 2560 2209 3968 2928 2764 4762 3084 4836 2282 2933 1005 5066 -1 2873 4125 3708 4164 4963 3253 2085 2978 2434 2558 3428 3733 3200 4172 4874 2738 1789 3127 2595 2800 5055 3965 1118 4684 3878 3624 -1 3322 2433 -1
2727 3765 3755 3485 2789 2428 2435 2216 4765 3512 4263 2701 3588 1080 3739 -1 2960 1703 2734 3023 2438 2820 4692 2991 3622 3737 -1 -1 4080 2399 225 2530 3494 2089 3891 3720 1910 3480 0 3117 -1 5156 2893 3530 3831 3471 4033 3086 1662 2520 4919 3233 2420 2769 3177 3570 2768 2108 4208 1412 2793 2312 2800 2558 4206 3556 2545 4417 4995 -1 3887 3510 1637 2348 3813 3259 2009 2902 2838 2444 2988 3011 3613 3585 4521 2286 2315 3133 2478 2724 4439 1500 3521 4673 3810 2920 -1 754 2357 -1
2705 3529 3901 4496 1726 2759 2912 1525 4590 4544 1545 3733 4688 3307 3048 -1 1897 3627 3048 1960 2208 4221 4798 3552 3936 4462 -1 -1 5226 2876 2149 4232 3264 4013 4846 3704 847 3337 2403 0 -1 4109 3411 3678 4551 2560 3342 3403 3463 4222 1802 4072 4823 2369 2941 4131 3868 4032 4525 3336 3107 4236 4724 4004 4724 3068 3306 4342 5143 -1 3215 4503 3083 4419 4247 3576 3810 3889 2897 3024 2297 4177 3448 3158 4682 1952 1624 3450 3924 3055 4914 3903 3179 4828 2747 2493 -1 2678 2688 -1
-1 -1 -1 -1 -1 -1 -1 -1 -1 -1 -1 -1 -1 -1 -1 -1 -1 -1 -1 -1 -1 -1 -1 -1 -1 -1 -1 -1 -1 -1 -1 -1 -1 -1 -1 -1 -1 -1 -1 -1 -1 -1 -1 -1 -1 -1 -1 -1 -1 -1 -1 -1 -1 -1 -1 -1 -1 -1 -1 -1 -1 -1 -1 -1 -1 -1 -1 -1 -1 -1 -1 -1 -1 -1 -1 -1 -1 -1 -1 -1 -1 -1 -1 -1 -1 -1 -1 -1 -1 -1 -1 -1 -1 -1 -1 -1 -1 -1 -1 -1
3973 5011 5054 4432 4035 3010 3098 3462 6011 4758 5509 3947 4802 4305 4985 -1 1260 2949 4456 4269 3496 4066 6414 3615 4554 4319 -1 -1 5138 3062 1471 3112 4552 3335 737 4656 3156 4154 4093 4363 -1 0 4139 4112 4455 4053 5266 3517 2244 3102 4706 3857 4969 3777 4423 4194 3982 3354 4639 2658 4515 3558 4009 3804 5452 4718 3545 5159 5577 -1 3221 3825 2883 4670 5616 3690 2591 3484 3462 3210 4234 4257 4747 4566 5145 3532 3561 3564 3101 1519 4568 4205 4118 5336 1528 4166 -1 2000 2939 -1
3127 2051 3048 2083 2689 1711 1448 2471 1872 2656 3506 1845 3698 2801 1128 -1 2860 2685 2013 1107 2617 2722 2872 509 1828 2396 -1 -1 3800 2437 2163 1189 994 2614 3432 3357 1810 2332 1938 1961 -1 2695 0 1893 2728 1707 3095 2413 2551 1179 2750 3128 3670 1334 1463 1088 2878 2306 3535 2474 2072 2510 4316 2504 1313 2114 2140 3337 2541 -1 2325 3412 2230 2561 3237 2586 1292 1561 3417 2585 2758 3270 2829 692 2039 2449 1159 2460 1802 2007 2191 3109 2326 3621 3139 27 -1 1279 1640 -1
2220 2676 2121 2716 2490 2115 1123 1065 3437 2764 2311 1953 2875 1907 2404 -1 2005 1942 2502 1887 1390 2559 3453 2414 3013 2649 -1 -1 3110 1087 2168 2462 2270 2653 3793 2339 1611 2358 1943 1966 -1 4665 2917 0 3733 780 2882 1590 2765 2452 3653 2359 4279 1875 2088 3360 2055 676 2712 1651 2561 1160 3163 2224 4230 1915 3413 3363 1465 -1 2506 3249 1303 2219 1504 1763 2322 211 2067 1235 1837 1922 1713 1405 2902 1134 1164 1637 2144 2411 2798 3359 2672 3361 2855 2944 -1 2697 2044 -1
2770 2564 1788 3518 2108 2913 2592 1907 3307 4091 2417 3280 4585 2715 1641 -1 2279 2882 2992 1620 2590 2141 4096 1944 3263 3598 -1 -1 4982 2556 2531 2391 1507 4049 4867 3225 1229 1976 2750 2808 -1 4130 1435 2406 0 2220 3724 3639 3753 2381 4185 3260 4872 2434 1976 2523 4104 3082 4185 3687 3017 3511 5014 2924 2748 1533 3213 2981 3871 -1 2875 2831 2743 3074 3750 3812 2494 2562 2865 2704 2679 3731 3343 111 3474 2334 2006 3686 2238 2524 3183 4088 2839 4583 3129 1462 -1 2714 2842 -1
1613 4290 1341 1936 3521 1760 2962 2964 4784 1984 1970 1173 3964 3732 3558 -1 3620 2435 1779 3537 2754 3310 3649 2121 2759 3287 -1 -1 4663 2926 2141 1682 3424 3484 3013 2606 2642 3705 3842 3865 -1 4561 3792 2015 4140 0 2507 2679 2532 1672 4253 2992 3795 3603 3702 2954 3144 2691 3345 2740 1838 3175 3208 1444 5105 3262 2633 4490 3480 -1 2773 4000 523 3420 3519 2396 1559 2226 3414 1330 3736 3536 3728 2970 2122 2498 3063 2270 1364 2056 3803 2875 4155 3244 2739 2457 -1 2670 1689 -1
3192 3336 2798 2228 2519 2996 491 2318 3157 3941 3427 3130 3237 3005 2413 -1 1779 2304 3298 2392 2156 3097 4157 1794 3113 3011 -1 -1 4756 455 1801 2474 2279 3178 3320 3369 1640 2387 3196 3219 -1 3980 1285 1646 4013 2426 0 1952 3134 2464 4015 2721 4792 2619 2748 2373 2417 2322 3074 2013 2911 2806 3676 3159 2598 1944 1975 3392 3111 -1 3536 3787 2238 3119 3150 2125 2577 1857 2096 603 3090 2809 2005 1977 3324 2106 2417 1999 3057 3292 3476 3872 3505 2729 2418 1312 -1 2330 2925 -1
2557 3655 3255 2765 2812 1211 2905 2606 3759 3445 3884 2634 1285 2991 2732 -1 2846 2502 2739 2673 2106 1928 4026 824 1860 1059 -1 -1 3617 2869 2385 1871 2598 1307 2416 2857 1933 2680 2537 3231 -1 3377 3102 2313 3309 2812 3225 0 2051 1861 2063 769 4352 2060 3067 1770 465 861 1122 3474 2798 1946 3816 2491 4415 2237 2822 3685 3223 -1 3002 2618 1570 2871 3817 173 1974 2243 2389 2377 3378 3049 2657 2296 2354 1920 2429 47 2411 1348 2506 3835 2466 3936 3135 1631 -1 1443 1140 -1
2182 3365 2810 2591 2773 766 854 2150 3996 3793 3340 2982 3600 2859 3433 -1 2142 2667 3229 2916 1252 2729 4411 1371 2310 2075 -1 -1 2894 818 2164 868 2308 2630 3683 2412 1894 2381 3028 3051 -1 3536 3313 1868 2211 1809 3644 2315 0 858 3612 1613 2725 3022 2777 1950 2780 1985 3437 2376 3274 2189 1765 3000 4626 2474 1359 3386 3333 -1 2557 3419 2332 2426 3372 2327 347 1240 1218 966 2922 2951 2503 2322 2901 1504 2249 2362 857 1062 3053 1961 3499 3092 2781 3212 -1 2141 695 -1
1948 3296 2576 2529 2375 532 1918 1292 4232 3559 3106 2748 3670 2625 2815 -1 2392 2718 3297 2609 1526 2495 4177 2743 2642 1841 -1 -1 3905 1882 2395 10 2582 2396 4588 2178 1496 2655 2170 2193 -1 4067 3079 1634 2912 1575 3109 2385 1372 0 3369 2571 2491 2788 2708 3322 2850 1751 3507 2446 3356 1955 3137 3019 4392 2710 961 3414 3099 -1 2323 3185 2098 2192 3138 2093 113 1006 2590 2030 2064 2717 3274 2200 3697 1270 1391 2432 623 828 3593 3333 3467 3972 3316 3106 -1 2924 461 -1
903 3644 2475 3245 1841 2952 2429 1640 2788 4265 3077 3454 4312 1963 2737 -1 2012 2586 1246 2075 2323 2419 3204 1750 2134 3637 -1 -1 4616 2393 1108 2430 2603 2972 4352 2691 962 1709 883 2541 -1 3936 1609 1876 3591 2656 3457 3027 2490 2420 0 2993 3262 567 3056 2329 3492 2552 3918 2295 1305 3036 3683 3212 2922 1266 1504 2714 3341 -1 2858 3109 2520 3231 3340 2606 2533 2087 1418 2541 2412 3464 3589 2301 3280 2067 1739 3074 2379 3005 3432 2342 2827 4667 1774 1636 -1 1637 2881 -1
3040 3939 3384 1996 3467 1624 2386 2384 3194 4027 3574 3216 4138 2714 3520 -1 3268 2693 2280 3150 2618 3455 4343 422 3110 2309 -1 -1 4373 2350 3487 1102 3386 2527 3345 3270 2588 3621 3262 3285 -1 2608 4171 2726 4004 2043 3008 2853 2464 1092 2663 0 3583 3230 3351 1001 3318 2219 3975 2914 2339 2423 4229 3091 5484 3178 2053 4506 2454 -1 2238 4145 2170 3284 4230 3026 1205 1474 3330 2498 3156 3185 4366 2668 1952 2362 2483 2900 1715 1920 2104 3376 3935 3534 4118 3654 -1 1192 1553 -1
6358 6471 6986 6694 6001 4942 5425 5800 6890 7601 7280 6790 4920 6608 6889 -1 6172 5903 6013 6235 5741 6527 7971 6147 4669 6251 -1 -1 8315 5389 5194 5044 6755 6413 7739 5850 5122 5360 5712 5735 -1 8576 7489 5919 6944 5985 7617 5910 5782 5034 7386 6092 0 6820 5883 7093 6375 6161 6445 6381 6072 5071 7074 7372 7980 5426 5995 6365 7384 -1 6017 6511 6508 6602 6430 5496 4523 5416 5578 5537 6572 7127 6870 6610 7677 5680 4933 5370 5033 4013 7829 7109 4909 7663 6649 6768 -1 5078 4871 -1
3568 3093 1908 2757 3352 2385 1862 3145 2914 3698 2510 2887 4608 3301 2170 -1 3150 2934 679 2149 2738 3498 2637 1183 1567 3070 -1 -1 4049 1826 2092 1863 2036 3288 3785 4031 2473 3220 2915 2938 -1 3369 1042 2817 3770 2749 3317 3323 2241 1853 3153 2693 2695 0 2505 1762 3788 2980 4445 3279 738 3184 4006 3044 2355 2777 2814 4225 3215 -1 2999 4188 2660 3603 2773 2097 1966 2235 3459 1974 3800 3946 3785 1734 2713 2482 2136 3370 2476 2438 2865 1775 3368 4100 3789 1069 -1 1953 2314 -1
2394 588 3981 4096 2129 1405 2831 2105 4673 4624 4551 3813 4799 3371 3628 -1 3292 3628 3326 2040 2399 1975 5050 3616 3506 3782 -1 -1 5139 2795 2354 2575 3455 3950 4372 3051 2847 869 2983 3006 -1 5781 3625 3367 4456 2640 2340 4292 2245 2565 4808 3444 4970 2647 0 4195 3979 3429 3078 3521 3385 3633 4010 3840 4938 3151 3526 1874 4661 -1 3196 4994 2919 2625 4780 2966 2592 2947 2414 2943 1295 3175 4069 4141 4762 2143 2204 3996 3102 1701 3920 4206 1987 5069 4456 3652 -1 2883 2940 -1
3439 3657 4692 4199 3337 2798 2462 1653 4284 4909 3110 4153 3491 3611 3176 -1 3508 3505 1279 3170 3284 2810 3342 3383 4006 3618 -1 -1 4649 2426 2756 2900 3866 1526 4385 3452 2458 3205 2531 2554 -1 5568 3292 3617 4243 3770 2007 2559 2032 2890 3753 3328 3295 2784 3069 0 2671 3067 3681 3943 1338 3593 3797 4181 4605 2762 3047 4210 5082 -1 3619 3500 3260 4437 3373 2732 2379 3272 2914 2574 2425 4305 4012 2470 4913 3082 1752 2606 2889 3038 4337 2375 2958 4700 3415 3319 -1 191 2727 -1
2162 3338 2790 3083 3130 746 2440 2403 4077 3763 3419 2952 820 2526 3050 -1 3164 2820 2274 2208 1641 2246 3561 1142 2178 1377 -1 -1 3935 2404 2072 2189 2697 1625 2734 2392 2251 2770 2855 3037 -1 3572 2637 1848 2844 2628 2760 318 1586 2179 2381 1087 4290 1595 2750 2088 0 396 1440 3259 2333 1481 3351 2809 3950 2555 2945 3775 3313 -1 2537 2936 1888 2406 3352 491 1933 2059 2707 2552 3175 2584 2975 2614 2672 1455 2502 365 2443 1042 2824 3370 2784 4240 2670 1949 -1 978 675 -1
4327 4292 3107 3956 3970 2911 3061 3108 4113 4897 3709 4086 3987 2130 3369 -1 4141 3595 1878 3348 3905 4548 3836 2382 2766 3761 -1 -1 5248 3025 2117 3013 3235 3981 4984 3819 3091 3838 3681 3704 -1 4568 2241 4013 4969 3948 4516 2702 3431 3003 4352 3471 3894 1199 3704 2961 3167 0 3824 3304 1937 4204 4692 4243 3554 3395 3964 4843 4414 -1 3867 4471 3529 4488 3972 2875 2492 3385 3547 3173 3880 4903 4984 2933 3912 3649 2902 2749 3002 3207 4064 2974 4567 5299 2715 2268 -1 2646 2840 -1
4530 4391 4605 4824 4385 3567 3655 3082 5433 5248 5234 4437 4646 4803 4605 -1 4556 3299 5043 4599 4053 4623 6913 4172 5111 4420 -1 -1 5695 3619 2028 3669 5109 3892 1294 4883 3506 3438 3960 3983 -1 6189 4696 4669 5012 3264 4899 3361 2801 3659 5263 4130 4322 4572 4498 4443 3826 3911 0 3215 5102 3614 3206 4229 6009 4040 4102 4443 6134 -1 3778 4382 3440 5227 4567 3534 3148 4041 4019 3767 3854 4607 1535 5123 5386 4089 3181 3408 3658 3863 4102 3402 3955 3401 2085 4723 -1 2557 3496 -1
1315 2353 3265 2073 1377 1680 2563 1176 4271 2100 2851 1289 3223 1795 2699 -1 1548 291 1987 1611 1859 3310 3945 1579 2393 2989 -1 -1 5053 2527 1800 1782 2915 2401 2479 2308 498 2634 2054 2077 -1 3744 2399 2131 2419 2211 2907 2381 2520 1772 3820 1821 3610 1357 1765 2158 2403 2799 3503 0 2046 3103 3127 1146 3712 3662 2733 3639 3596 -1 2475 4154 225 3340 3635 2554 1261 2154 1426 1032 1948 1599 3317 2530 3109 1603 1275 2428 1066 1976 3261 3083 2830 3360 2398 2144 -1 1718 1609 -1
3389 4196 4190 2861 3282 3668 1124 3081 5506 4746 4380 3935 3870 3638 3973 -1 2412 2196 3732 3516 2789 2760 5522 3409 4298 3554 -1 -1 3311 1088 2434 3146 3845 3892 3047 4408 2403 3380 3369 3982 -1 5375 4095 2279 4324 2849 4812 2585 3767 3760 4648 3354 5515 3053 3608 4063 3050 2955 3707 2646 0 3229 5009 3792 5408 2937 4097 4385 3744 -1 4203 3450 2871 3752 3783 2758 3249 2280 3331 1236 3853 3442 3992 3474 4939 3203 3180 2632 3712 3933 2999 4828 3743 3362 3051 3482 -1 2963 3597 -1
2371 4062 2999 2140 4149 955 2649 2641 5374 4189 3628 3378 3458 2858 3865 -1 3416 3759 3795 3298 1949 2918 3770 3166 4105 3870 -1 -1 4689 2613 2281 2663 3005 1493 4242 2601 3270 3078 3519 3542 -1 3505 3502 2057 3335 2837 2969 2866 1795 2653 2807 2994 3119 3211 3474 3240 2638 2367 3988 3468 3854 0 2003 3235 4815 3972 3014 4083 3522 -1 2746 3608 2314 2615 3561 2516 2142 2268 3013 2761 3413 3333 3697 3446 4696 1693 2740 2913 2652 1251 4817 2199 3901 4731 2879 3529 -1 2810 884 -1
2749 3100 3377 2830 3683 1333 2719 2717 5033 4360 3426 3549 2383 3426 3942 -1 3193 3519 2516 3483 2327 3271 4579 3544 3443 2642 -1 -1 4706 2683 3786 1435 3383 2763 5389 1677 2804 3381 3595 3618 -1 4738 3880 2435 3713 2376 3244 3186 2173 1425 4794 3372 1116 3589 2512 1237 3651 2552 4308 3247 2575 2756 0 3820 5193 3108 2386 4386 3900 -1 1844 3986 2899 2896 3939 2894 914 1807 3391 2831 3489 3518 2143 3001 4498 2071 2816 3233 1424 1629 4394 196 4159 3331 4384 3451 -1 1428 1262 -1
1950 3473 2578 3155 3001 534 1920 1918 4234 3561 3108 2750 3672 2627 3201 -1 2394 2720 3299 2684 1528 2497 4179 2745 2644 1843 -1 -1 3907 1884 2814 636 2584 2398 4590 2180 2122 2657 2589 2612 -1 4693 3081 1636 2914 1577 3735 2387 1374 626 3995 2573 2493 2790 2885 3324 2852 1753 3509 2448 3358 1957 3139 0 4394 2712 1587 3662 3101 -1 2325 3187 2100 2194 3140 2095 115 1008 2592 2032 2690 2719 3276 2202 3699 1272 1810 2434 625 830 3595 3335 3469 4158 3585 3108 -1 3343 463 -1
3141 3114 1929 2778 3373 1725 1883 2285 2935 1343 2531 532 4167 2943 2191 -1 3171 2518 700 2170 2719 3519 2658 1204 515 3034 -1 -1 4070 1847 1040 1827 2057 2904 3806 3371 2494 3241 1863 1886 -1 3390 1063 1374 3391 2154 3338 2964 2262 1817 3174 2714 2716 21 2526 1783 3429 2050 4086 2227 759 2534 3615 1191 0 2798 2319 3849 2839 -1 3020 4209 2452 2327 2794 2118 1306 1585 3441 1995 3057 3296 3087 1755 2734 2463 1084 3011 1816 2021 2886 1796 3389 2603 3810 1090 -1 1569 1654 -1
3160 3665 2055 2607 1703 1744 2112 2356 4247 3753 2684 2942 3690 1182 3393 -1 2866 2931 3259 2876 2379 3216 4363 1485 2424 3372 -1 -1 4099 2076 2949 2165 3259 3590 3946 2605 2421 443 3011 2761 -1 3650 3760 2846 2325 1769 3439 2579 2584 2155 3274 1727 3516 3144 3077 2064 2870 1945 2652 2640 1484 2149 3769 3126 5073 0 3116 1448 3517 -1 2772 4238 2292 3208 4350 2520 2268 1200 1332 1942 2394 2911 3643 2394 3015 2123 2232 2626 2778 2040 3167 3965 1561 4137 3668 3171 -1 2255 1673 -1
2410 3217 3585 1741 1414 1541 2257 1213 5196 3790 3659 2979 3831 2459 2736 -1 1585 3315 3654 1648 1896 3200 5026 2802 3677 3605 -1 -1 5275 2564 1837 2799 2952 3405 3843 3187 535 1740 2091 2114 -1 3106 4017 2643 3642 2248 3030 2546 2381 2789 2408 3044 4511 2975 2629 3381 3011 3259 3668 3024 3713 3463 4146 2836 5330 2794 0 2453 4108 -1 2903 3890 1915 3201 3935 2719 2728 2854 2585 2712 1985 3865 3354 2846 4332 1640 1312 2593 2756 1693 4484 3591 2566 4495 2435 2181 -1 2366 1470 -1
2819 2322 3332 2545 255 2103 1441 1651 2799 4578 3131 3767 4187 2459 3174 -1 1418 1754 1864 2086 1989 2430 3822 2368 2521 3412 -1 -1 5021 1405 1788 2205 3045 3252 3942 1701 973 1720 1563 1586 -1 4265 3242 2596 3602 2686 2535 2902 2127 2195 3388 2844 3880 2200 1734 2947 3367 1555 3197 2963 1923 1759 3762 3223 3831 1277 3156 0 4061 -1 1868 3120 2703 3275 3958 2248 1684 2477 1429 1553 2423 2728 2195 3284 3869 1733 784 2122 2194 2399 4050 2960 113 3679 2873 2619 -1 2317 2032 -1
2165 2775 3879 2541 1845 2306 3031 771 3670 4331 3217 3852 2957 2263 2294 -1 2016 759 2647 2079 2327 3561 4608 2047 2861 3749 -1 -1 5145 2995 1874 2727 2678 2869 2947 2251 966 2249 1649 1672 -1 4212 3013 2035 2887 2679 2588 2690 2961 2717 3474 2289 4069 1971 2187 2179 2871 2711 3812 3061 2706 1851 3595 2466 4326 2450 3678 3254 0 -1 2418 4293 3202 1117 3493 2863 2581 2246 1894 3143 1543 2067 2717 2998 3577 2071 870 2737 3091 2602 3729 3149 2380 4699 2837 2612 -1 2370 2235 -1
-1 -1 -1 -1 -1 -1 -1 -1 -1 -1 -1 -1 -1 -1 -1 -1 -1 -1 -1 -1 -1 -1 -1 -1 -1 -1 -1 -1 -1 -1 -1 -1 -1 -1 -1 -1 -1 -1 -1 -1 -1 -1 -1 -1 -1 -1 -1 -1 -1 -1 -1 -1 -1 -1 -1 -1 -1 -1 -1 -1 -1 -1 -1 -1 -1 -1 -1 -1 -1 -1 -1 -1 -1 -1 -1 -1 -1 -1 -1 -1 -1 -1 -1 -1 -1 -1 -1 -1 -1 -1 -1 -1 -1 -1 -1 -1 -1 -1 -1 -1
3461 4695 4261 3273 4060 2217 2617 3601 5917 4246 3805 3435 4369 3991 3898 -1 3905 3264 4133 3877 3211 1427 4947 3908 4327 3526 -1 -1 5590 2581 3927 1695 3764 4081 5375 3863 3181 4340 4224 4415 -1 4638 4764 3319 4597 3260 5418 3084 3057 2309 3940 3853 4176 3908 4107 4854 3549 3367 4206 2973 4192 3571 4822 3292 6077 3901 2646 5099 4784 -1 0 4870 2371 3054 4823 3257 1798 1705 4275 2729 4373 3941 4959 3885 5382 2955 3613 3131 2308 2513 5278 5018 5096 4855 4544 4715 -1 4456 2146 -1
2135 3253 3513 2973 2277 1469 1972 2076 4713 3000 3751 2189 4123 2695 3599 -1 1910 1191 2478 2511 2169 1506 4436 2479 3293 2778 -1 -1 4842 1936 2340 1571 3225 3301 3379 3115 1398 3298 2115 2917 -1 4644 2841 2571 3319 2512 3807 3281 2309 1561 4337 2721 3428 1799 2665 3058 3303 1735 4403 900 2537 1939 3942 2046 4154 3647 2522 4303 4036 -1 3260 0 1125 3129 4075 3030 1050 1943 2326 1932 2848 2499 4211 3137 4009 1913 2115 3328 1560 1765 4161 3574 293 4210 3006 2868 -1 2618 1398 -1
1090 3767 3499 3840 3594 1455 2841 2839 5038 1875 3593 1064 3441 3209 3216 -1 3315 2508 1762 3195 2360 3418 3720 2266 2650 2764 -1 -1 4828 2805 2285 1557 3082 2961 4572 2083 2715 3489 3510 3533 -1 4452 4002 1906 3835 2498 4400 2156 2295 1547 4219 2925 3414 3574 3179 2845 2621 2582 3278 2217 1821 2878 4060 921 5315 3633 2508 4381 3371 -1 2250 4108 0 3115 3410 2329 1036 1929 3513 807 3611 3013 3619 3123 3796 2193 2731 2203 841 1751 3948 2858 3632 3135 4506 2541 -1 2814 1384 -1
1190 2618 2762 3022 2330 2767 2716 1036 3631 4292 3364 3741 2918 2250 2559 -1 3157 2873 1533 2221 2618 3564 3491 2037 2421 3710 -1 -1 4903 2680 1395 2717 1561 3259 4639 2212 2107 2210 1170 1937 -1 4223 1896 1996 3279 2776 2853 2651 2777 2707 3689 2454 3549 854 2030 2140 3116 2672 3773 2582 1592 1812 3815 2427 3209 2411 3537 3215 3461 -1 2379 3817 2807 0 3500 2824 2542 2207 2563 2828 1808 3155 2678 2588 3567 2362 1135 2698 2499 2974 3719 2629 2341 4954 2061 1923 -1 1924 2696 -1
4354 3868 4082 3628 3222 4015 1891 2559 4910 4725 4711 3914 4089 4405 4082 -1 3179 3319 4520 3456 3556 3883 5695 3662 4698 3897 -1 -1 4434 1855 3201 4118 4612 2124 4720 4360 2343 3883 3437 3460 -1 5666 5218 3046 5447 2741 4376 2838 4534 4108 4901 3607 3799 4176 3975 3920 3269 3665 3960 3413 4311 3091 2683 3706 6531 4060 3645 4888 4511 -1 4527 4573 3264 4519 0 3011 3597 3257 4393 2003 3331 4209 1012 4451 4863 3448 2658 2885 4105 4186 4122 2879 3432 4129 3818 3989 -1 3730 3944 -1
2384 4026 3956 2592 4004 2220 2982 2433 3790 4574 4170 3763 4734 3310 3749 -1 3864 2922 2727 3728 3214 1755 4685 651 3615 2905 -1 -1 4969 2946 2589 1698 3615 3123 3245 3866 3129 2744 2364 3881 -1 3204 3090 3322 4600 2639 3604 3449 3060 1688 3259 596 4179 2048 3438 1597 3914 2815 4571 3301 2786 3019 4825 3620 4403 3774 2649 3749 3050 -1 2834 2445 2699 3382 3814 0 1801 2070 3926 3094 3205 3781 4826 3264 2181 2958 3079 3496 2311 2516 2333 3823 2293 3763 3255 3117 -1 1788 2149 -1
1835 3358 2463 3040 2886 419 1805 1803 4119 3446 2993 2635 3557 2512 3086 -1 2279 2605 3184 2569 1413 2382 4064 2630 2529 1728 -1 -1 3792 1769 2872 521 2469 2283 4475 2065 2007 2542 2681 2704 -1 4578 2966 1521 2799 1462 3620 2272 1259 511 3880 2458 2378 2675 2770 3209 2737 1638 3394 2333 3243 1842 3024 2906 4279 2597 1472 3547 2986 -1 2210 3072 1985 2079 3025 1980 0 893 2477 1917 2575 2604 3161 2087 3584 1157 1902 2319 510 715 3480 3220 3354 4043 3470 2993 -1 3400 348 -1
2716 2990 3823 2649 2771 2590 912 2570 5138 3501 2100 2690 2664 2432 2193 -1 2200 1731 3388 2172 1583 3307 3242 2203 3239 2438 -1 -1 4996 876 2222 2943 2059 2686 3741 3709 1892 2639 2687 2710 -1 4756 3649 2067 3793 2772 4347 1379 3430 2933 3442 2148 4259 2797 2402 3149 1844 1662 2501 1440 3332 1866 3143 2547 4750 2196 3894 3644 3138 -1 3427 3997 1626 3540 3571 1552 2662 0 2866 1024 3342 2236 3780 3442 3733 1840 1908 1426 2467 2727 3611 3339 3391 3150 2839 3010 -1 2751 2519 -1
3572 3883 4263 3780 3446 2219 3465 3245 4393 4024 4008 3213 4454 2028 4746 -1 3617 3095 3458 3680 3213 1884 5416 1839 1092 3637 -1 -1 5452 3429 1617 2430 4269 3481 4433 1273 2567 3314 2440 2463 -1 4392 4278 2342 3968 3122 4792 3169 3054 2420 4265 1784 4287 3236 3328 2785 3634 3018 4291 2804 3517 3502 4192 1794 5425 2871 3381 4319 3807 -1 1440 3633 2828 3511 3846 1188 1909 2553 0 3577 4017 4264 4055 3747 3369 2957 1661 3216 2419 2515 3521 3940 3481 4951 3182 4213 -1 2146 2148 -1
2725 2960 4604 3483 2787 2560 2415 2586 4738 3510 3603 2699 2634 2402 3696 -1 2958 1701 3397 3021 1553 3277 4745 2173 3209 2408 -1 -1 4966 2379 3210 3192 2609 2656 3765 3640 1908 2682 3464 3487 -1 4726 3809 3541 3829 3621 4317 1349 3400 3182 3412 2118 5020 2767 2372 3119 1814 2210 2471 1410 3456 3295 4537 2556 5122 3216 4143 3687 3108 -1 3807 3967 1635 2516 5045 1522 2671 1503 2836 0 3358 2206 4006 3645 3703 3013 2685 1396 2476 2697 3855 4493 3800 4653 3808 2980 -1 2792 2489 -1
1099 2634 2686 3273 3564 2136 1536 2826 4202 3329 3315 2518 3504 2076 3225 -1 2824 2537 2031 745 2511 3003 3989 2535 2211 3614 -1 -1 4914 1500 1059 2407 3091 2682 4358 2392 2685 2415 3559 2151 -1 4721 2330 2072 4665 1345 1045 2997 2496 2397 3953 2903 4047 1352 2046 3114 2684 2748 4119 2246 2090 3146 3634 2789 3643 2989 3020 3420 3537 -1 2000 4344 1868 3796 3485 2307 1886 2283 1119 1648 0 1880 3050 3022 3467 2874 2780 3044 2396 2601 4217 3127 1964 3774 3463 2357 -1 1588 2234 -1
2560 754 3594 3887 2295 1550 2997 2271 4839 4240 4223 3429 1624 196 3794 -1 3458 3624 2805 2206 631 2141 4365 1946 2982 2181 -1 -1 4739 2961 2520 2741 1687 802 3538 3196 2590 1035 3149 3172 -1 4376 3441 2652 3648 2716 2506 1122 2390 2731 3178 1891 4821 2399 166 2892 804 1200 2244 3587 2864 2285 4155 3606 4282 3317 2323 2040 4117 -1 3341 3740 2685 2791 4156 1295 2737 2147 2580 3109 1461 0 3779 3341 3476 2259 2370 1169 2625 1846 3628 3901 2153 5044 3474 2753 -1 1782 1479 -1
3342 2856 3070 3289 3856 3004 3562 1547 3898 3713 3699 2902 3111 3505 3070 -1 4027 3949 3508 3064 3472 3754 5378 2650 3686 2885 -1 -1 5114 3526 2650 3106 4414 3133 4242 3348 2977 2871 2425 2448 -1 4654 4649 3744 4670 1729 3364 1826 3737 3096 3889 2595 2787 3671 2963 2908 2291 2687 2948 3837 3567 2079 1671 2694 5962 3827 3579 3876 5049 -1 3515 4444 2252 4503 3941 1999 2585 2650 3438 3059 2319 4199 0 3844 3851 3573 1646 1873 3093 3174 4332 1867 2420 4973 4468 3457 -1 3099 2933 -1
2659 2453 3450 3971 1997 2802 3183 1796 5237 4093 4079 3282 4474 2604 1530 -1 2168 3028 3002 1509 2479 2030 4960 2907 3846 3487 -1 -1 5405 3147 2420 2280 1396 4284 5122 3975 1118 1865 2639 2697 -1 5072 3365 2295 3130 2109 3613 3528 3642 2270 4499 3149 4761 2323 1865 3486 3993 2971 4074 3576 2906 3455 4903 3553 3976 1422 3231 2870 3760 -1 2764 2720 2632 2963 3639 3701 2383 2506 2754 3295 2568 3620 3232 0 4231 2223 1895 3575 2334 3098 3072 4098 2728 4472 3018 2764 -1 2949 2731 -1
3848 4353 3798 3747 4045 2432 2800 3044 4945 4441 3988 3630 3343 3584 4081 -1 3682 3619 3061 3564 3067 3904 4949 2173 3112 3900 -1 -1 4787 2764 3637 2853 3947 1378 5075 3293 3166 4035 3878 3449 -1 4338 4448 3534 3013 2457 3789 2841 3272 2843 4414 2415 4204 3832 3765 1782 2523 2633 3963 3328 2172 2837 4840 3814 5761 3592 2899 5040 4205 -1 3460 4926 2980 3896 5038 3014 2956 1888 2020 2630 3816 3599 5174 3082 0 2811 3099 2888 3466 2728 3855 4157 4349 4825 4356 4472 -1 1973 2361 -1
1086 2369 4180 4080 2645 2823 2599 948 5189 4823 3394 4012 3585 1355 2471 -1 3746 3193 2510 2465 256 3738 5418 2542 3931 3359 -1 -1 5107 2563 1715 3222 1312 3579 4716 3127 2696 1385 1826 1849 -1 4728 4034 2059 2599 2839 2765 2300 3029 3212 3651 2120 4246 3072 1781 3121 2765 2735 3422 2902 2569 3219 4290 4048 5347 3667 3789 2390 3524 -1 3272 3669 3127 3904 3563 2473 3325 2270 2839 2711 1720 3600 3772 2710 4072 0 1047 2347 2250 3119 4224 3326 2503 4768 2313 3931 -1 2244 2752 -1
3506 2222 4534 4264 2528 3207 3214 2327 5392 4291 2347 3480 4367 1859 3850 -1 2699 2482 3513 2762 3010 3599 5471 3770 4401 4516 -1 -1 4859 3178 1004 3309 2768 2868 4670 4499 1649 2503 779 802 -1 4911 3672 4309 4610 3362 4144 3865 2441 3299 2604 3797 3199 3171 3237 4349 3547 2887 4150 2191 3572 3091 3579 3337 4985 3870 3324 3508 5774 -1 4017 4289 2416 3127 4592 3201 2788 3681 3617 3223 3099 3790 4250 3960 5300 2754 0 3075 3257 3503 5218 2279 3621 4298 3549 3295 -1 1533 3136 -1
2510 4152 4082 2718 3857 2346 3108 2559 3916 3398 4296 2587 3231 3436 3875 -1 3990 3048 2853 3854 3340 1881 4811 777 3741 3031 -1 -1 5095 3072 2715 1824 3741 3249 2369 3503 2978 2870 2490 4007 -1 3330 3216 3429 4726 2765 3730 3361 3186 1814 2016 722 4305 2174 3564 1723 3826 2941 1075 3427 2912 3145 4281 2444 4529 3282 2775 3875 3176 -1 2960 2571 1523 3508 3940 126 1927 2196 3434 2330 3331 3907 2610 3390 2307 3084 3205 0 2364 1301 2459 3949 2419 3889 3160 3243 -1 1914 2275 -1
4388 3902 4116 4335 4370 4011 4577 4169 4944 4759 4745 3948 4085 4307 5364 -1 4541 3284 3394 4604 4852 3879 5352 3898 4282 4642 -1 -1 4430 4541 4098 4376 5400 2120 5472 5381 3491 3568 3873 5070 -1 5700 5214 4790 5412 2775 5282 3583 4851 4366 5002 4352 5410 4172 4758 4477 3265 3661 4705 5136 3453 3125 5128 3740 6527 3125 3641 4573 5930 -1 5548 4569 3298 5506 4987 3756 3855 3696 4240 4105 4941 4592 4897 4890 4897 4596 4268 3630 0 4287 4118 4490 3466 6019 5379 5137 -1 4243 3940 -1
4044 5253 5616 5670 5051 4054 3933 4478 6622 5774 5896 4963 4357 4695 5804 -1 5222 3965 4387 5285 3846 3415 6345 3896 4932 4131 -1 -1 6342 4619 2487 3532 4902 4351 5488 5700 4172 4975 4024 5379 -1 6449 4750 5017 6012 5097 6265 3072 3801 4146 5135 3841 5876 3708 4665 4842 3537 3933 4194 3674 4446 4574 4760 4820 6063 5309 4483 5980 5401 -1 4237 4105 3899 4809 6481 3245 3635 3796 5019 2293 5250 4499 5729 5368 5426 4548 4577 3119 4145 0 5578 4956 4398 6171 3085 4703 -1 3016 3983 -1
1995 2339 3336 2371 1675 2136 2861 1474 4479 3979 3920 3168 3521 2093 1416 -1 1846 589 2477 1395 2157 3601 4540 1877 2691 3373 -1 -1 4152 2825 2098 2166 1282 2699 2777 2997 796 2620 2352 2375 -1 4042 4152 2181 2717 1995 3205 3019 2976 2156 4118 2119 3908 3540 1751 2456 2701 2857 4141 3285 2536 3341 3425 3439 5267 2957 3117 3625 3646 -1 2650 4291 2518 2849 3525 2912 2269 2392 1724 2973 2246 1897 3118 2828 3407 1901 1573 3066 2220 2432 0 3573 2614 4358 2696 2442 -1 2627 2065 -1
3963 5391 5535 5795 5103 5328 5489 3809 6404 6456 3230 5645 5691 4741 5332 -1 5930 5646 4306 4994 3642 4717 6264 4810 5194 6483 -1 -1 7676 5453 4168 5490 4334 6032 7412 4985 4880 4771 3943 4710 -1 6996 4669 4769 5909 5353 5626 5424 5550 5480 6462 5227 920 3627 4803 4913 5889 5445 6546 5355 4365 4585 6588 5200 5982 5184 6310 5776 6234 -1 5152 5407 5580 2773 6273 5597 5315 4784 4916 5526 4581 5928 5451 5361 6340 3386 3908 5471 5272 4933 6492 0 5114 7716 4834 4696 -1 4697 5257 -1
2706 3989 3603 3377 4265 2601 3893 2568 5301 4690 4169 3879 5104 2730 4091 -1 4521 4304 3320 2373 1876 4564 5278 3824 4208 4979 -1 -1 6335 4031 2826 4309 2932 3139 5479 4247 3471 3005 2601 2624 -1 4742 3429 3679 4219 2973 4385 3920 3441 4299 4044 3740 4765 2641 3401 4403 4284 1442 5042 4013 3379 1646 3649 4051 4742 4080 4340 4010 5144 -1 3628 5254 3496 4261 5113 4093 3788 3890 4232 4179 3340 3659 4906 4121 5095 1620 1822 3967 3870 2897 5506 3845 0 5950 3933 3456 -1 3355 2530 -1
3629 3255 3530 4125 3092 3524 2532 2776 4846 3670 3380 3362 4284 2892 3813 -1 3414 3351 3911 3296 2799 3968 4862 3823 4422 4058 -1 -1 4519 2496 2037 3814 3679 3901 5202 3748 2682 1832 1812 1835 -1 5727 4352 3687 5142 2189 4593 2999 3474 3804 3637 3768 4232 3564 3497 4769 3464 2365 4041 3060 3970 2569 4572 3633 5665 3324 4357 2837 4758 -1 3915 4636 2712 3628 5191 3172 3731 1620 3476 2644 3548 3331 4687 2814 4311 2543 1033 3046 3553 3820 4207 3312 2950 0 4264 4328 -1 2566 3453 -1
2898 4081 3526 3307 3489 1482 1570 2866 4712 4509 4056 3698 4132 3575 4149 -1 2858 3383 3816 3632 1968 3445 5127 2087 3026 2791 -1 -1 3610 1534 2880 1584 3024 3346 4399 3128 2610 3097 3744 3767 -1 4252 4029 2584 2927 2525 4360 2847 716 1574 4328 2329 3441 3738 3493 2666 3312 2701 3969 3092 3875 2905 2481 3275 5342 3190 2075 4102 4049 -1 3273 4135 3048 3142 4088 3020 1063 1956 1934 1682 3638 3667 3219 3038 3617 2220 2965 2894 1573 1778 3040 2677 4215 3808 0 3928 -1 2857 1411 -1
3293 2024 3021 3542 2662 2373 2989 2461 5303 3664 3479 2853 4384 2991 1101 -1 2833 3614 3459 1080 2692 2695 2845 3572 3859 3058 -1 -1 4976 2953 2136 1851 967 4000 4693 4019 1783 2305 1911 1934 -1 5737 4030 1866 2701 1680 3776 3099 3213 1841 3736 3814 4331 2988 1436 4151 3564 2542 4221 3323 3518 3026 4474 3124 4641 2087 2802 3310 3331 -1 2335 3385 2203 2534 3210 3272 1954 2077 3419 3010 2731 3788 2803 665 3802 2436 1132 3146 1905 2669 3737 3411 2299 4043 3112 0 -1 2665 2302 -1
-1 -1 -1 -1 -1 -1 -1 -1 -1 -1 -1 -1 -1 -1 -1 -1 -1 -1 -1 -1 -1 -1 -1 -1 -1 -1 -1 -1 -1 -1 -1 -1 -1 -1 -1 -1 -1 -1 -1 -1 -1 -1 -1 -1 -1 -1 -1 -1 -1 -1 -1 -1 -1 -1 -1 -1 -1 -1 -1 -1 -1 -1 -1 -1 -1 -1 -1 -1 -1 -1 -1 -1 -1 -1 -1 -1 -1 -1 -1 -1 -1 -1 -1 -1 -1 -1 -1 -1 -1 -1 -1 -1 -1 -1 -1 -1 -1 -1 -1 -1
3333 3466 4501 4105 3412 3226 3770 1462 4359 4718 3908 3962 3300 3420 2985 -1 3583 3314 3272 2979 3828 3990 4906 3622 4081 3857 -1 -1 6303 3734 2565 3765 4329 1335 5214 3261 2533 3218 2340 2363 -1 5962 3635 3750 4585 3579 3279 2798 3687 3755 4165 3567 4760 2593 2878 4355 2480 2876 3920 3752 3331 3402 5140 4017 4948 2837 2856 4223 5215 -1 3428 4680 3977 4418 4288 2971 3244 3404 2989 3882 2234 4114 4687 4327 5152 3572 1561 2845 3754 3522 5275 3840 2767 5548 3224 3662 -1 0 3155 -1
1487 3178 2115 3346 3265 71 1765 1757 4490 3879 2744 3068 3900 2164 3280 -1 3053 3115 2911 3060 1065 2034 3716 2282 3221 2986 -1 -1 3805 1729 2524 1779 2121 1935 4594 1717 2386 2194 2635 2658 -1 4447 2618 1173 2451 1953 3574 2763 911 1769 4218 2110 3636 2327 2590 2861 3080 1849 3885 2824 2970 2333 2676 3251 3931 3088 2270 3199 2638 -1 1862 2724 2476 1731 2677 1632 1258 1384 2129 1877 2529 2848 2813 2562 3812 809 1856 2810 1768 367 3933 2872 3017 3847 3122 2645 -1 3052 0 -1
-1 -1 -1 -1 -1 -1 -1 -1 -1 -1 -1 -1 -1 -1 -1 -1 -1 -1 -1 -1 -1 -1 -1 -1 -1 -1 -1 -1 -1 -1 -1 -1 -1 -1 -1 -1 -1 -1 -1 -1 -1 -1 -1 -1 -1 -1 -1 -1 -1 -1 -1 -1 -1 -1 -1 -1 -1 -1 -1 -1 -1 -1 -1 -1 -1 -1 -1 -1 -1 -1 -1 -1 -1 -1 -1 -1 -1 -1 -1 -1 -1 -1 -1 -1 -1 -1 -1 -1 -1 -1 -1 -1 -1 -1 -1 -1 -1 -1 -1 -1
-1 3677 4037 -1 3217 2977 3027 -1 3466 1148 2943 2064 -1 3815 4027 3180 3681 5605 3764 3011 2787 4840 2234 3067 4388 3383 3567 3010 3307 2938 3258 2341 3629 1389 2705 3105 3138 2681 3694 1894 3355 1566 1260 2710 1847 1663 2434 2842 4218 4039 1088 3645 2866 2084 2772 5706 1875 2249 2472 1916 -1 3135 -1 1364 3842 3730 1894 -1 1500 2896 2103 2609 2918 4474 2541 2944 2403 1502 2200 1966 4132 3751 2903 4436 -1 1577 1808 2908 1622 2928 3160 2589 2716 1775 3400 2648 4474 2419 2103 3214
-1 4827 3458 -1 2954 4214 2764 -1 3712 2385 2680 3239 -1 3320 1714 2432 3535 3998 2651 3145 3315 4756 1971 2488 5563 3847 3304 3925 3044 4205 2995 2672 3275 3815 3336 3351 2875 3012 4197 2793 3677 2080 2435 3885 3022 2838 4588 3473 3955 4402 2263 3881 4103 2996 3178 5443 1612 2763 2794 309 -1 2966 -1 4002 5391 4967 3131 -1 2737 4071 3773 3123 3830 5606 3716 3739 2734 3836 2831 2878 5307 3522 3725 3852 -1 3303 1545 2846 2534 3598 4608 3498 4408 1512 3300 3885 4211 1530 3278 2325
-1 4071 2619 -1 1996 3318 2968 -1 2562 2170 2884 3024 -1 3937 3936 4202 1869 5519 3288 1199 2799 3243 1468 1649 5348 2054 2346 3014 1098 3029 1049 1714 3826 1480 2503 2201 2372 2054 3358 1835 3446 1448 2220 3670 2315 2623 2883 2400 3452 3563 2048 4296 3286 2385 1665 4614 2694 2131 2563 1830 -1 231 -1 3163 4433 4150 2447 -1 1920 2820 3542 2491 3217 3430 3501 3065 1776 1593 1758 2267 1038 2850 2767 4318 -1 1357 2830 2007 2582 2481 2940 2680 3569 2797 1354 3201 3125 1315 2571 1486
-1 2740 5051 -1 3555 4556 4152 -1 2097 2727 4068 3581 -1 4534 4105 4305 4136 5635 3902 4222 3916 4373 2572 4286 5905 4448 3905 995 2967 3495 4383 3273 4754 3827 3020 3952 3476 2454 5211 2432 2954 3778 2777 4227 3364 3180 2391 3175 3015 4949 2605 5049 2000 3601 3061 5582 3000 4198 2071 3433 -1 4244 -1 2881 3975 2864 3473 -1 1798 4413 3050 4468 4435 4523 4058 3685 2759 1101 2533 3483 5340 4123 3167 4926 -1 3226 2146 3446 3139 4147 4491 3433 1779 2900 3223 4227 5599 3800 3620 4267
-1 4276 4525 -1 3901 3255 4427 -1 3744 2578 4343 3432 -1 3899 4404 4610 3774 4893 1110 3104 4155 6112 3664 3837 5756 3879 4251 3918 4366 3900 4688 3619 5059 3908 1795 3383 4568 1966 3778 3262 4610 3353 2628 4078 3215 3031 3047 1932 5105 4510 2456 5013 2667 3452 3084 6062 3305 4036 4346 3284 -1 4222 -1 2732 4345 3531 3324 -1 2930 4264 3471 4378 4286 5842 2625 2198 3284 3411 1290 3334 5500 4941 2679 2927 -1 4268 3238 4152 2990 3698 3145 4349 4053 3205 2657 4078 5904 3234 3471 4029
-1 2546 2555 -1 3010 2823 2209 -1 2217 2106 2768 2960 -1 3644 3556 3552 1698 4549 1618 3316 3683 4017 2606 1585 5284 2233 3360 2193 3087 3468 3630 2728 3762 2938 1733 2951 3510 1904 2369 1542 2664 2743 2156 3606 2743 2559 3555 2440 4213 1893 1984 3773 1873 715 2284 6078 2247 3426 2786 3211 -1 2687 -1 2692 3815 2737 2728 -1 1918 3792 2760 3578 1549 4888 3133 3001 1483 2585 1798 597 4688 1180 2617 4111 -1 2467 2180 337 2518 2310 3714 2157 1899 2147 1857 2953 3899 1251 1322 1422
-1 3859 3792 -1 3461 3221 3271 -1 3710 1392 3187 2246 -1 3688 3218 3424 3501 5787 3421 2893 2969 5221 2478 3072 4570 3845 3811 2732 3180 3441 3502 2523 3873 2722 609 3349 3382 780 3045 2076 3424 2443 1442 2892 2029 1845 2616 746 4462 3324 1270 3827 3110 2266 2954 4876 2119 2863 3195 2098 -1 3507 -1 1546 3159 3974 2138 -1 1744 3078 2285 3223 3100 4656 2723 3126 2585 2225 104 2148 4314 3933 1493 3301 -1 3439 2052 3090 1804 2933 3239 3922 2898 2019 2751 2892 4718 3054 2285 3225
-1 4511 4026 -1 4152 3356 3869 -1 3845 3019 3785 3849 -1 1958 3718 3428 4084 6002 2232 3414 4513 5373 3169 2800 6173 2485 4502 3496 2697 2350 4507 3870 5233 3260 2770 3484 4073 2941 4765 3377 5092 2625 3045 4581 3718 3534 4169 3054 3164 3845 2959 4284 4301 3536 3185 6641 2015 2471 4257 2313 -1 3689 -1 3225 4348 4862 3765 -1 3044 3260 3964 2831 4370 5314 3747 4080 3318 3373 2412 3418 4496 1713 3654 2425 -1 2956 2743 870 3407 3698 4539 2690 4280 3516 2758 4519 5492 2722 3974 2893
-1 3118 2197 -1 2905 3529 3278 -1 2730 1748 3194 2602 -1 3943 3227 3730 2778 5338 2346 2108 3325 3495 2094 1227 4926 2862 3255 3311 2489 957 3114 2623 2780 3178 2714 2369 2998 1016 2936 1864 3311 1232 1798 3248 2385 2201 3803 2314 3964 3009 1626 2891 2989 1963 1751 5566 622 352 2428 2443 -1 1705 -1 2741 3395 3853 2446 -1 2033 1867 3407 712 2797 3195 3079 2643 2279 2907 2490 1845 3103 2428 1729 2539 -1 1356 1668 1585 2160 2961 2939 3016 3147 2375 1324 3200 3377 893 2570 1064
-1 2735 3095 -1 2337 2097 2147 -1 2586 268 2063 1122 -1 2788 3147 2300 2663 4663 2625 1993 1845 4548 1354 2125 3446 2721 2687 2068 2427 2317 2378 1399 2749 1698 1763 2225 2258 1739 2752 952 3664 1319 318 1768 905 721 1492 1900 3338 2424 146 2703 1986 1142 1830 4826 995 1739 2781 974 -1 2383 -1 422 2900 2850 1014 -1 620 1954 1161 2099 1976 3532 1599 2002 1461 1811 1258 1024 3190 2809 1961 2401 -1 2445 928 1966 680 1986 2946 2881 1774 895 2458 1768 3594 2258 1161 2387
-1 6225 5219 -1 3835 5253 3645 -1 4593 4594 3561 5190 -1 4027 5122 3798 4416 6791 4301 3715 4196 7125 2852 4249 7514 4554 4185 4750 3773 2988 3876 3553 4247 4633 2513 4232 3756 2684 4949 1925 4821 4275 4386 6094 5231 5047 4258 5042 4836 5160 4472 4762 2657 4971 3718 6324 2493 4540 3938 3102 -1 4381 -1 4748 4632 3521 5122 -1 1291 5329 4917 4900 4596 6583 4903 5552 2252 2968 4400 4853 6146 3782 3397 4494 -1 3236 2426 2939 4509 4804 5143 4379 5264 2393 4029 5486 5092 3915 5445 4086
-1 3546 3353 -1 3017 2908 2958 -1 3397 1079 2874 1933 -1 3599 3958 3111 3118 5474 3038 2804 2656 3605 2165 2383 4257 3532 3367 2879 592 3128 3189 2210 3560 2509 2490 3036 3069 2550 3563 1763 4084 2130 1129 2579 1716 1532 2303 2627 4149 3235 957 3514 2797 1953 1275 5637 1806 2550 3584 1785 -1 2861 -1 1233 3711 3661 1825 -1 1431 2765 1972 2569 2787 4343 2410 2813 2272 2622 1985 1835 4001 3584 2772 3212 -1 851 1739 2741 1491 2797 2434 2540 2585 1706 848 2579 3487 1425 1972 2220
-1 3567 593 -1 3386 2774 3141 -1 1603 3384 3057 4300 -1 3578 3383 3349 3478 5339 3852 2808 3747 4832 2403 3363 5558 1738 3736 1822 2473 2539 3427 3104 3798 2928 2064 1242 3307 1960 1332 1476 1707 3057 3496 4660 4083 3899 3809 1928 3842 4455 3324 4090 2208 2774 3156 5875 1882 3740 824 2184 -1 3020 -1 3600 4183 3072 1691 -1 842 4090 1803 4100 2963 5283 4685 2644 1803 2519 1286 2656 4846 3333 2424 4045 -1 2732 1977 2490 3245 3224 3030 2474 2606 1944 2729 2445 4643 3306 2741 3582
-1 4544 3101 -1 4599 3441 3786 -1 3930 3543 3702 4397 -1 3578 5629 4968 3135 6954 3055 3802 3823 5454 3651 2413 6721 4048 4949 4330 3856 4086 5046 4317 5199 4001 3040 3569 4555 3211 3137 3947 4101 4594 3593 5043 4180 3996 4992 3877 4784 3330 3421 4080 3310 3120 3270 7123 3663 5014 3332 4351 -1 4124 -1 3927 5285 4174 3496 -1 3350 5229 4197 4564 3954 4909 4570 4438 3888 4114 3235 3002 5391 3614 3924 5056 -1 2974 3225 2771 2658 2274 3331 4535 4333 3563 2843 4250 5336 2688 3756 2859
-1 3469 3829 -1 3071 2831 2881 -1 3320 1002 2797 1856 -1 3607 3881 3034 3482 4655 3691 2812 2579 5883 2088 2859 4180 3455 3421 2802 3161 3051 3112 2133 3483 2432 2497 2959 2992 2473 3486 1686 4398 2053 1052 2502 1639 1455 2226 2634 4072 4583 880 3324 2429 1876 2564 3857 1729 2473 3515 1708 -1 3117 -1 1156 3634 3293 1748 -1 1354 2688 1895 2833 2710 4266 2333 1960 2195 2545 1992 1758 3924 3543 2695 4255 -1 2915 1662 2700 1414 2720 3680 1708 2508 1629 3053 2502 4328 3151 1895 3121
-1 -1 -1 -1 -1 -1 -1 -1 -1 -1 -1 -1 -1 -1 -1 -1 -1 -1 -1 -1 -1 -1 -1 -1 -1 -1 -1 -1 -1 -1 -1 -1 -1 -1 -1 -1 -1 -1 -1 -1 -1 -1 -1 -1 -1 -1 -1 -1 -1 -1 -1 -1 -1 -1 -1 -1 -1 -1 -1 -1 -1 -1 -1 -1 -1 -1 -1 -1 -1 -1 -1 -1 -1 -1 -1 -1 -1 -1 -1 -1 -1 -1 -1 -1 -1 -1 -1 -1 -1 -1 -1 -1 -1 -1 -1 -1 -1 -1 -1 -1
-1 6345 5685 -1 4622 5242 4390 -1 5731 4311 5293 5165 -1 5825 4327 5045 4495 8706 5264 3825 5438 6837 4094 4748 7489 5622 4972 6111 3724 5873 3675 4340 5888 5394 3914 5370 4998 4085 4938 3723 6619 4074 4361 5811 4948 4764 5535 5759 6078 6445 4189 6444 6029 2896 4407 7566 4225 4757 5736 5017 -1 5374 -1 4465 3591 4854 5057 -1 4663 5997 5204 5117 3730 7493 5642 6045 3664 4766 5117 5067 7192 5580 4798 6292 -1 3983 4158 4737 4723 4858 5132 4828 5817 4125 3980 5811 6719 4414 5204 4585
-1 3501 2496 -1 902 3585 2783 -1 3415 2366 3812 3220 -1 2843 3398 4313 775 5977 2196 105 3943 4737 2779 1526 5544 2543 1252 2777 3291 2153 3242 620 4022 2217 2153 3054 3683 960 3235 741 3610 354 2416 3866 3003 2819 3074 2908 4049 3440 2244 4087 3420 2262 1361 6251 1818 1037 2727 2288 -1 2947 -1 2770 3339 4284 3112 -1 2718 3063 3509 1397 2123 3880 3697 3284 682 1784 2266 2144 4299 1942 1673 3224 -1 1666 2353 1755 2778 1387 2791 2626 3446 2955 934 3466 4619 1511 1835 2306
-1 3992 3277 -1 3157 2326 2857 -1 2744 2365 3490 3219 -1 3896 3376 3102 2420 6059 2340 2360 3748 4739 2404 2307 5543 2950 3507 3915 3614 4408 4475 2875 4484 3737 1792 2454 3308 1963 3775 2607 3386 2609 2415 3865 3002 2818 3044 1929 4388 2615 2243 5010 2595 3043 2568 5876 3092 3292 3508 3281 -1 3409 -1 2729 4342 3459 1243 -1 2717 4051 3468 3652 2614 5839 2622 3364 2548 3408 1287 2925 5287 3508 2676 3246 -1 153 2722 2665 2777 3032 1736 3712 3698 2992 2579 1997 4621 1973 3258 2144
-1 2994 3309 -1 3937 4258 3415 -1 3906 2852 3331 3706 -1 4387 3103 3606 3591 5288 3511 3140 3519 5051 3270 2339 5798 3974 4287 3187 2365 833 2990 3655 4336 3421 3131 3545 3722 2192 3908 2543 4423 1108 2902 4126 3489 3305 3679 2190 5140 3786 2730 2767 3062 2816 3027 6267 498 1528 3540 2803 -1 2172 -1 3006 4571 3926 3598 -1 1909 1743 3745 1888 3650 4371 3257 2593 2870 3534 3666 2698 2979 3540 2905 3715 -1 2532 2844 2697 2354 3660 4115 3717 3971 2901 2621 4352 4933 2223 3682 2176
-1 5350 3890 -1 3802 4426 3612 -1 4540 4133 3528 4049 -1 4006 2562 3280 4383 5993 3499 3993 4163 5880 2819 2909 6373 2447 4152 3605 3892 4398 3843 3520 4123 5000 1883 4179 3723 2054 3938 3329 5004 2928 3817 4628 3492 4586 5436 4321 4803 4617 4011 3269 3767 2502 4123 6291 2460 3611 4121 2422 -1 2199 -1 4434 4433 3825 4297 -1 3816 5308 5100 3971 3336 6454 5014 3298 3270 4372 3679 3527 6023 4110 2767 4473 -1 4151 2393 3267 3382 2781 4513 1653 4389 2360 4025 5051 5059 3278 3748 3449
-1 2827 3348 -1 2739 4535 3977 -1 2184 2899 4065 3753 -1 2737 4979 3427 2612 5109 2915 1942 4476 5270 3446 2378 6077 4013 3089 2160 2600 3582 4470 2457 4555 3423 3107 3997 4350 2541 3729 2519 3961 2191 2949 4399 3536 3352 3500 3737 3943 3190 2777 5154 2087 3114 3148 6918 2921 2874 3579 3582 -1 3480 -1 3241 4062 2951 3645 -1 1885 4585 3980 3234 3948 5688 3078 2414 2519 3536 3095 2996 5427 3453 3254 5013 -1 2859 3020 2610 3311 3224 4425 3538 1866 2987 2771 4399 5152 2044 3672 2215
-1 4995 3757 -1 3879 4119 2129 -1 4579 2290 4085 3144 -1 3564 3122 4194 2036 6907 3181 3252 3867 5998 3376 2787 5468 3361 4229 4287 3509 3956 3963 3421 4771 3133 1653 4247 1376 1824 4089 1462 4358 3310 2340 3790 2927 2743 3795 3922 4770 4387 2168 4183 4008 635 2622 6848 3017 3761 3475 3336 -1 3113 -1 3108 4203 4739 3036 -1 2642 3976 3847 3916 1469 5834 3621 4212 1403 2505 3280 3046 5212 3203 2537 4031 -1 2387 2950 2476 2702 2648 4052 2567 4460 2917 2195 3790 5616 2772 3183 3567
-1 5351 3945 -1 3173 4790 4840 -1 4708 2961 4756 4298 -1 5114 4276 4102 3046 7545 4467 2376 4748 5812 3404 2975 6363 4355 3523 3606 4054 3910 5071 2891 5442 2361 3602 4594 2530 3231 4558 3012 4298 2625 3494 4944 4081 3897 3764 1620 5388 4825 3322 5177 4611 3711 3632 5750 3575 3308 3444 3946 -1 4107 -1 4254 5610 5475 3707 -1 3313 4820 4394 3668 4394 5546 4775 5058 2953 2474 978 3593 6056 4176 3944 5495 -1 3937 3621 3333 3856 2836 5062 3561 4390 3588 3205 2997 6129 3391 4106 4186
-1 3765 3335 -1 2905 3316 3366 -1 3116 1487 3282 2341 -1 2903 4366 3519 2778 5882 2740 2108 3064 4663 2573 2365 4665 3251 3255 3151 2713 3435 3597 2618 3968 2917 2960 2755 2656 2958 3971 2171 3786 2357 1537 2987 2124 1940 2711 3119 4109 2539 1365 3437 2995 2361 3049 6045 2214 2958 3566 2193 -1 3602 -1 1641 4119 3859 2233 -1 1738 3173 2380 3318 3195 4751 2818 3221 2680 3030 2477 2243 4409 3566 3180 2516 -1 2972 2147 2723 1899 3205 4165 3934 2993 2114 2937 2987 4545 2373 2380 2544
-1 3110 1513 -1 3574 3226 721 -1 2523 1846 637 2700 -1 3704 3522 3878 2262 5113 1773 2909 3423 4217 2932 543 5024 2178 3924 2757 3393 3235 3657 2977 3502 1686 1170 2162 1776 1341 2252 2106 2627 2897 1896 3346 2321 2299 3089 2595 4777 2457 1724 4238 2437 1279 2639 5274 2573 3317 1744 2609 -1 2427 -1 2057 3720 3301 2592 -1 2198 3532 2723 3677 2113 5167 3177 2741 2047 1799 1953 1161 2326 1744 2054 3186 -1 2186 2506 901 2258 404 3800 2721 2463 2473 2421 3346 4099 991 1886 1162
-1 -1 -1 -1 -1 -1 -1 -1 -1 -1 -1 -1 -1 -1 -1 -1 -1 -1 -1 -1 -1 -1 -1 -1 -1 -1 -1 -1 -1 -1 -1 -1 -1 -1 -1 -1 -1 -1 -1 -1 -1 -1 -1 -1 -1 -1 -1 -1 -1 -1 -1 -1 -1 -1 -1 -1 -1 -1 -1 -1 -1 -1 -1 -1 -1 -1 -1 -1 -1 -1 -1 -1 -1 -1 -1 -1 -1 -1 -1 -1 -1 -1 -1 -1 -1 -1 -1 -1 -1 -1 -1 -1 -1 -1 -1 -1 -1 -1 -1 -1
-1 -1 -1 -1 -1 -1 -1 -1 -1 -1 -1 -1 -1 -1 -1 -1 -1 -1 -1 -1 -1 -1 -1 -1 -1 -1 -1 -1 -1 -1 -1 -1 -1 -1 -1 -1 -1 -1 -1 -1 -1 -1 -1 -1 -1 -1 -1 -1 -1 -1 -1 -1 -1 -1 -1 -1 -1 -1 -1 -1 -1 -1 -1 -1 -1 -1 -1 -1 -1 -1 -1 -1 -1 -1 -1 -1 -1 -1 -1 -1 -1 -1 -1 -1 -1 -1 -1 -1 -1 -1 -1 -1 -1 -1 -1 -1 -1 -1 -1 -1
-1 1289 3600 -1 1644 4077 1304 -1 1724 2322 2617 2413 -1 3083 3732 2854 3472 5262 2356 2771 3252 4000 1908 2835 4737 3610 1994 622 2594 2044 2932 1362 3303 2959 1569 3288 2812 1702 3871 981 3877 3170 2372 3822 2959 2775 3314 3178 2642 4242 2200 3818 549 3196 1610 5380 1549 3590 2994 3017 -1 3437 -1 2476 2524 1413 3068 -1 347 3805 3215 3017 2865 4150 3653 3025 1308 2024 2536 3078 4967 2838 2415 3550 -1 2292 1482 1995 2734 2696 3040 2812 328 1449 2611 3822 4148 2695 3215 2866
-1 3864 3375 -1 2751 2932 3277 -1 3221 1428 3193 2282 -1 2749 3254 3460 2624 5823 1839 1954 3005 5257 2514 2687 4606 3556 3101 2768 3216 3477 3538 2469 3909 2758 645 3060 3418 816 2628 2112 3460 2203 1478 2928 2065 1881 1897 782 3955 3360 1306 3863 3124 2302 2761 4912 2155 2886 3231 2134 -1 3072 -1 1582 3195 3988 2174 -1 1780 3114 2321 3246 3136 4692 1475 3162 2531 2261 140 2184 4350 3791 1529 3337 -1 3475 2088 3002 1840 2548 2822 3354 2903 2055 2334 2928 4754 2883 2321 3054
-1 3240 3152 -1 2380 3482 3449 -1 2591 1653 3365 2018 -1 2378 4532 3685 2253 5577 2215 1583 2741 4138 2739 2182 4342 2726 2730 4168 3068 2910 3763 2098 4134 3059 2435 2230 3643 2438 3891 1847 3261 1832 1214 4203 3340 3156 3968 2956 3584 2014 2581 3879 2470 2038 2560 6211 2380 2515 3310 3409 -1 3284 -1 3696 4445 3334 2399 -1 1213 4389 3357 2875 2872 4708 3546 2882 2160 2890 2314 1920 5082 3383 3151 1991 -1 3144 2313 2540 1576 2865 3990 3825 3874 2280 2412 3153 4020 1848 3112 2019
-1 3068 1471 -1 2181 2851 2552 -1 2481 1022 2468 1876 -1 3627 3901 3054 2220 4612 2140 2813 2599 2769 2108 501 4200 2136 2531 2715 3181 3071 3132 1899 2678 2452 2255 2120 3012 2239 2210 1762 2585 2073 1072 2522 1659 1475 3085 2654 4092 2415 900 3737 2386 1237 1191 4847 1749 2493 1702 2143 -1 979 -1 2015 4337 3250 1768 -1 1374 2708 2681 2853 2071 4566 2353 1917 1961 2565 2012 1119 3604 1702 2952 4331 -1 2945 1682 859 1434 2235 2621 2456 2421 1649 2379 2522 2651 167 1844 338
-1 4294 4010 -1 3927 3567 2940 -1 3484 3200 3729 2993 -1 2950 2771 3489 3572 4937 3224 3130 4288 5439 3020 1853 5317 1391 4277 2549 3689 3342 4044 3270 4332 3944 827 3123 3924 998 2882 2273 4377 3137 2761 3572 3227 3895 4606 3739 4156 3561 3320 2213 2711 1446 3396 6492 2661 3820 3851 1366 -1 1143 -1 3919 3377 2769 3241 -1 2760 4252 4473 4180 2280 5818 4739 2242 2214 3316 3097 2471 5488 3054 1711 3417 -1 3198 2594 2211 3123 3151 3457 597 3333 2561 2969 3995 5260 2587 3196 2944
-1 3848 2558 -1 2483 2898 3243 -1 3387 3230 3159 4084 -1 3035 4694 3984 3589 6411 3509 3242 3280 3339 3108 1870 6408 3505 2833 3787 3219 3543 4823 2201 5190 3458 2497 3026 4012 2541 2594 2322 3672 3491 3280 4730 3648 3683 4454 3893 4241 3784 3108 3537 3764 2577 1761 5417 3399 4174 2789 3808 -1 4115 -1 3384 4920 4628 2953 -1 2807 2597 3768 4021 3411 4366 4561 4378 2263 3365 3251 2459 4848 3071 3254 4513 -1 3247 2682 2228 2115 1731 2788 3026 3790 3857 2300 2879 3221 2877 1248 3030
-1 3937 3222 -1 3114 4101 3519 -1 3325 2387 3435 2752 -1 3112 2623 4419 2365 6311 2285 2317 3475 4626 3389 2252 5076 3460 3464 3580 3802 3644 4497 2832 4429 3793 2970 2964 4293 185 3911 2581 3331 2566 1948 4273 3410 3226 4222 3107 4318 2560 2651 4613 2540 2772 2951 6704 3114 3249 3453 3878 -1 3354 -1 3766 2564 3404 3133 -1 1947 4459 3427 3609 3606 5442 3800 3616 2894 3624 2465 2654 5355 3453 898 2725 -1 3878 2963 2610 2310 2977 3231 4216 3286 3014 2524 3887 4508 1918 3595 2089
-1 3492 1895 -1 3917 3608 3155 -1 2905 2285 3643 3139 -1 4331 2260 3880 2644 5495 2564 3536 3862 4631 2934 925 5463 2560 4267 3139 3775 4334 3958 3416 4329 3328 2679 2544 3838 2850 2634 2488 3009 2626 2335 3398 2535 2351 3509 3230 4918 2839 2163 2127 2819 1661 1939 6406 2575 3309 2126 2991 -1 2841 -1 2439 3794 2683 2993 -1 2637 3971 3105 3669 2495 5549 3229 3779 2429 3441 2588 1543 4028 2126 2421 5057 -1 3413 2508 1283 2697 3256 3369 511 2845 2475 2803 3747 4513 2029 2268 2200
-1 4107 3968 -1 695 3848 2576 -1 3651 2955 4064 3320 -1 2636 3191 4106 3474 5772 1989 2324 4043 5194 3141 2656 5644 3163 1045 3359 3084 1946 3035 413 4750 2010 2100 3532 4045 753 3687 534 3430 2221 2516 4703 3840 3656 2867 2811 3842 3316 3081 3880 3546 3340 3616 6058 1611 2641 2547 2360 -1 3285 -1 2720 3132 4410 3701 -1 2515 2856 3459 3001 1916 3960 3504 3077 475 1577 2169 3222 4092 2391 1466 3103 -1 1459 2929 1548 2878 3607 3799 3014 3873 2896 3293 4211 5076 3027 3999 3198
-1 4546 3453 -1 2673 4515 2483 -1 3431 3004 2399 3858 -1 3039 1433 2151 3254 6153 2370 2864 3034 4751 1690 2483 6182 3566 3023 3644 2763 3924 2714 2391 2994 3988 3055 3070 2594 2731 4192 2512 4567 1799 3054 4504 3641 3457 4307 3192 3674 4185 2882 3600 3927 2715 2994 5162 1331 2482 3684 2834 -1 2961 -1 3992 5110 4791 3750 -1 3356 4402 4663 2842 3549 5325 3885 3458 2453 3555 2550 2597 5071 3241 3444 3571 -1 3022 1264 2841 2253 3559 4405 3217 4403 1231 3019 4324 3930 2149 3826 2320
-1 3465 3377 -1 2605 3707 3674 -1 2816 1878 3590 2243 -1 2603 4757 3910 2478 5802 2440 1808 2966 4363 2964 2407 4567 2951 2955 1803 2628 3135 3988 2323 4359 3284 2660 2455 3868 2663 4116 2072 3486 2057 1439 4428 3565 3381 2618 3181 3809 2239 2806 4104 2695 2263 2785 6436 2605 2740 3535 3634 -1 3509 -1 3921 4670 3559 2624 -1 1438 4614 3582 3100 3097 4933 3771 3107 2385 3115 2539 2145 4793 3608 3376 2216 -1 1872 2538 2765 1801 3090 4215 4050 2587 2505 2637 3378 4245 2073 3337 2244
-1 4954 3708 -1 1542 4182 3423 -1 2072 3802 4911 4167 -1 3483 4038 4953 4040 6401 2836 745 3820 5124 2476 2738 6491 3183 1892 4206 2942 2793 3882 1260 5597 2857 2947 3856 3380 1600 4447 1381 2769 3068 3363 5415 4552 4368 3714 3658 4460 4163 3793 4727 4175 3474 3546 5948 2458 3488 3394 3207 -1 4132 -1 3567 3979 5039 3099 -1 2836 3703 2865 3848 2763 4807 4351 3706 1322 2424 3016 3356 4939 3238 2313 3950 -1 2306 2050 2395 3725 4454 4646 3861 4658 3743 3198 3853 5006 3775 2475 4045
-1 -1 -1 -1 -1 -1 -1 -1 -1 -1 -1 -1 -1 -1 -1 -1 -1 -1 -1 -1 -1 -1 -1 -1 -1 -1 -1 -1 -1 -1 -1 -1 -1 -1 -1 -1 -1 -1 -1 -1 -1 -1 -1 -1 -1 -1 -1 -1 -1 -1 -1 -1 -1 -1 -1 -1 -1 -1 -1 -1 -1 -1 -1 -1 -1 -1 -1 -1 -1 -1 -1 -1 -1 -1 -1 -1 -1 -1 -1 -1 -1 -1 -1 -1 -1 -1 -1 -1 -1 -1 -1 -1 -1 -1 -1 -1 -1 -1 -1 -1
-1 4674 3959 -1 3851 4838 4256 -1 3480 3124 4172 3489 -1 3849 2638 5156 3102 7048 3022 3054 4212 5363 4126 2989 5813 2837 4201 4317 4350 4381 4935 3569 5166 4530 3286 3701 5030 922 4648 3318 4068 3004 2685 5010 4147 3963 4959 3844 5055 3297 3388 5350 3277 3509 3688 7441 3851 3687 4190 4615 -1 4091 -1 4503 3301 4141 3870 -1 2684 5196 4164 4047 4343 6179 4537 4353 3631 4361 3202 3391 6092 4190 1635 3462 -1 4609 3700 3347 3047 3714 3968 4953 4023 3751 3261 4624 5245 2655 4332 2826
-1 3761 2660 -1 2505 2229 3117 -1 2718 1587 3033 2441 -1 3665 3765 3532 3086 4430 3329 2706 2866 3842 1522 1690 4765 1699 2855 3078 1907 1940 3697 2223 3243 391 1821 2357 2426 1992 3399 2327 2150 2215 1637 3087 2224 2040 1794 2129 3506 3604 1465 3207 3021 2426 582 4985 1605 2224 1474 741 -1 2137 -1 2284 3547 2436 1673 -1 1939 2850 2246 1876 3260 2341 2391 3087 2285 504 1487 2308 4086 2891 2705 3703 -1 2166 2247 2048 1999 2800 2012 1591 2800 2214 155 2427 3840 732 2480 1527
-1 2704 3064 -1 2306 2066 2116 -1 2555 237 2032 1091 -1 2842 3116 2269 2717 4632 2926 2047 1814 5118 1323 2094 3415 2690 2656 2037 2396 2286 2347 1368 2718 1667 1732 2194 2227 1708 2721 921 3633 1288 287 1737 874 690 1461 1869 3307 3818 115 2672 1955 1111 1799 4795 964 1708 2750 943 -1 2352 -1 391 2869 2819 983 -1 589 1923 1130 2068 1945 3501 1568 1971 1430 1780 1227 993 3159 2778 1930 3490 -1 2414 897 1935 649 1955 2915 2850 1743 864 2427 1737 3563 2386 1130 2356
-1 4274 3862 -1 1924 1648 3675 -1 2137 2588 3591 3442 -1 3635 3409 4127 2505 3849 3218 2987 2285 4355 941 2892 5766 2272 2274 3607 2886 2453 2837 1642 4445 904 2334 1776 1845 1982 4182 1763 2870 2728 2638 4088 3035 3041 2307 3091 2925 4545 2466 3720 3534 2953 2017 4413 2118 3148 1987 160 -1 2019 -1 2797 4361 3871 3108 -1 2940 3363 2966 3311 3145 3776 3826 3542 1704 1017 2449 3344 2826 3620 2695 4332 -1 2688 3240 2777 3000 3117 3447 2104 3313 3207 1590 3862 3046 1934 3291 2729
-1 2394 2709 -1 3337 3658 2815 -1 3306 2252 2731 3106 -1 3931 4030 3006 3210 4688 2922 2540 3829 4451 2670 1739 5430 3374 3687 2931 1765 3769 2390 3055 3736 2821 3493 2945 3122 1592 3308 2820 3823 508 2302 3752 2889 2705 3079 1590 4540 3585 2130 4687 2462 2475 2448 5955 2500 928 2940 2958 -1 1572 -1 2406 3971 3326 2998 -1 2604 1143 3145 1288 3309 3771 2657 1993 2855 2934 3066 2357 2379 2940 2305 3115 -1 1932 2244 2097 2664 3691 3515 3117 3659 2879 2021 3752 4333 1623 3082 1576
-1 4319 3830 -1 2335 3387 3577 -1 3093 1883 3648 2737 -1 3204 3709 3878 2916 4958 415 2409 2696 3793 1352 2975 5061 2984 2685 3223 3192 3225 3847 2053 4364 1676 1100 2732 2256 1271 3083 2174 3435 2658 1933 3383 2520 2336 2352 1237 3336 3815 1761 4318 2732 2083 1867 4824 2610 3341 2759 2026 -1 3029 -1 2037 3650 3596 2629 -1 2235 3569 2776 3161 2917 3626 1930 2263 2115 1789 595 2639 3836 2903 1984 608 -1 3099 926 3188 2295 3003 3277 2876 3358 2510 1440 3383 3675 2017 2776 2812
-1 2538 1878 -1 2628 1435 1780 -1 1924 2269 1696 3123 -1 2355 3623 3349 2909 5610 2829 1891 2600 4640 1645 1190 5447 2059 2978 3107 2633 2080 4304 2346 3925 1995 1817 1563 2549 1988 1131 2467 2992 2856 2319 3769 2822 2722 3398 2444 3561 3104 2147 2857 3084 1897 1264 5117 2203 3539 2109 2345 -1 2850 -1 2704 4367 3948 1490 -1 2127 3904 3088 2558 2630 3686 3600 2915 2408 2108 1802 1779 3385 2391 2701 3833 -1 2892 1219 1548 1435 1051 1325 2529 3110 2896 837 2244 4520 1414 2533 2209
-1 2430 1715 -1 2589 3095 2012 -1 2725 1266 1928 2120 -1 3567 3814 3298 858 4856 778 2772 2843 3177 1882 745 4444 2380 2939 2959 3425 3315 3376 2307 2922 2696 1463 2364 2786 1634 2454 2006 1824 2317 1316 2766 1903 1719 2715 1600 3866 1053 1144 3981 1033 1481 1444 5255 1993 2737 1946 2371 -1 1847 -1 2259 3008 1897 2012 -1 1618 2952 1920 2738 2315 4810 2293 2161 2249 2809 958 1363 3848 1946 2347 4155 -1 3233 1456 1103 1678 1470 2874 2709 2665 1893 1017 2766 3059 411 2088 582
-1 3078 1481 -1 2191 2861 2562 -1 2491 1032 2478 1886 -1 3250 3911 3064 2230 4622 2150 2823 2609 2779 2118 511 4210 2146 2541 2714 3191 3081 3142 1909 2064 2462 1998 2130 3022 2169 2220 1148 2595 2083 1082 2532 1669 1485 3095 2664 4102 2425 910 3747 2396 1247 1201 4857 1759 2503 1712 2153 -1 989 -1 2025 4347 3260 1778 -1 1384 2718 2691 2863 2081 4576 2363 1927 1971 2191 2022 1129 3614 1712 2882 3717 -1 2955 1692 869 1444 2245 2631 2466 2431 1659 2389 2532 2661 177 1854 348
-1 4348 3901 -1 1166 3572 3538 -1 270 2051 3846 2967 -1 3486 3065 3860 2238 5357 2951 2691 2018 3322 674 2931 5291 2550 1516 2686 1140 2908 3524 1375 4484 2000 2093 2054 1578 627 4158 1496 3759 2469 2163 3613 2750 2566 3337 3175 2658 3122 1991 4548 3523 2987 1744 4146 2573 3140 3083 1668 -1 2706 -1 2267 3006 4045 2489 -1 2321 3799 3006 3117 2878 3950 3444 3683 1437 2113 2533 2869 3513 2225 1340 3099 -1 1399 248 2510 2525 2850 2982 3009 3470 2678 1396 3243 3204 1973 3006 2768
-1 3693 2573 -1 3283 2962 3030 -1 2933 1500 2946 2354 -1 4105 4379 3532 3322 5714 3242 2798 3077 3871 2586 1603 4678 3238 3633 2991 3659 3549 3610 2631 3156 2783 2995 3090 2952 2971 3312 2240 3687 2551 1550 3000 2137 1953 4186 2042 4570 3517 1378 3376 2953 2339 495 5949 2227 2971 2804 2621 -1 2081 -1 3117 4928 3817 2246 -1 1852 3186 3783 1789 3173 5044 2831 3019 2693 2896 1400 2221 4422 2804 3670 3616 -1 2433 2160 1961 1912 2713 1925 1760 2732 2127 68 3000 3753 645 2393 1440
-1 7488 5513 -1 5817 6758 5627 -1 6523 5442 5543 6296 -1 7572 6046 5780 6398 9032 6560 6008 6178 7813 4834 4921 8620 5331 6167 6742 5907 4523 5858 5535 6229 6152 5331 6162 5738 5502 6252 5656 6191 6257 5492 5386 5980 5895 7286 6171 6818 6835 5320 4027 6806 5657 5710 8306 4475 6913 5744 6484 -1 6023 -1 6310 5694 4583 6188 -1 5599 7128 6287 7273 5147 8839 6773 6337 5597 6265 5529 5539 8024 6122 4321 7185 -1 6166 4408 5279 5854 5866 6648 2411 6841 4375 6160 6942 7074 4587 6236 4758
-1 4454 3334 -1 3168 3005 3536 -1 3423 2261 3707 3115 -1 4470 4055 3781 3099 5472 3019 3039 3529 4632 2185 2364 5439 2741 3518 3752 573 2982 2957 2886 3917 1433 2471 3133 3089 2642 4073 3001 3192 3257 2311 3761 2898 2714 2836 2608 4169 3294 2139 4137 3274 3100 1256 5657 2647 3266 2516 1783 -1 2139 -1 3208 4589 3478 1922 -1 2613 3892 3288 2550 3293 3383 3301 3780 2948 1546 1966 2982 2946 3565 3355 3925 -1 832 2921 2722 2673 3474 2415 2521 3493 2888 829 2676 3833 1406 3154 2201
-1 3825 3960 -1 3542 4067 3352 -1 3182 2973 3268 3827 -1 2481 2302 3020 3103 4586 2755 3733 3903 5344 2559 1384 6151 3008 3892 2080 3220 2873 3583 3260 3863 3783 3138 3939 3463 3309 3774 1961 4069 2668 3023 4473 3610 3426 4294 3577 3687 3298 2851 4469 3085 2120 3689 6031 2200 3351 3382 897 -1 3554 -1 3758 5060 3949 3719 -1 2883 3783 4165 3711 2954 5608 4270 4327 1902 3004 2935 2002 5019 2585 4022 2948 -1 2861 2133 1742 3122 3715 5062 3562 2864 2100 3262 4358 4799 2118 2727 2827
-1 4462 3747 -1 3153 3605 3229 -1 2806 3298 3145 4152 -1 3611 4638 3382 2890 6208 2422 3299 3514 4865 2170 2777 6476 2941 3503 4334 3357 2572 3460 2871 3831 3263 2097 2445 3074 2268 3690 1509 3856 3859 3348 4798 3935 3751 3842 3208 4040 3085 3176 4346 2241 3513 3287 5642 2077 4124 3522 2519 -1 3879 -1 4008 4216 3105 2522 -1 875 4123 3952 788 3893 5633 3901 4193 1836 2552 2566 3395 5730 3366 2981 2615 -1 1432 1744 2523 3278 3257 3015 3963 4336 1977 3049 3276 4676 2443 2774 2614
-1 2856 1413 -1 2946 1753 2098 -1 2242 2085 2014 2939 -1 1890 3941 3667 2444 5266 2364 2209 2135 4763 1963 725 5263 2360 3296 2642 2168 2398 3839 2664 4243 2313 1352 1881 2867 1523 1449 2259 2527 3136 2135 3585 2503 2538 3309 2748 3096 2639 1963 2392 2619 1432 1582 5435 2521 3556 1644 2663 -1 3021 -1 2239 3902 3483 1808 -1 1662 3771 2623 2876 2266 3221 3416 3233 2200 2426 2106 1314 3703 1926 2236 3368 -1 2427 1537 1083 970 586 1643 2847 2645 2712 1155 2562 4645 1732 2068 2168
-1 4610 3860 -1 3786 4137 3596 -1 4544 3411 3512 4135 -1 4495 4006 3749 4289 6671 4209 3700 4147 5782 2803 2890 6459 3940 4136 3943 1772 4181 3827 3504 4198 2632 1397 4183 3707 1568 3833 2964 4391 3949 3331 3355 2717 3864 4035 3807 4787 4131 3289 1996 3870 3626 2455 6275 2444 4465 3715 2982 -1 3338 -1 4404 3947 4677 3121 -1 3330 5091 4487 3749 4460 2825 4500 4306 3566 2745 3165 3508 4145 4091 2281 4108 -1 2031 2377 3248 3693 3721 3614 3720 3649 2344 2028 3875 5032 2556 2973 2727
-1 3871 4516 -1 4201 4796 4813 -1 4619 3681 4729 4046 -1 4406 3917 4146 3659 4488 3579 3404 4769 5920 3448 3546 6370 4754 4551 4874 5029 3569 5439 3919 5723 4781 4264 4258 4352 1479 4492 2938 4625 3653 3242 5567 4704 4520 5271 4401 5432 3854 3945 5907 2262 4066 3323 5594 4310 4192 3941 4700 -1 4648 -1 5060 3808 3126 4427 -1 3241 4407 4574 4552 4900 6736 5094 1793 2879 3981 3759 3948 5643 4747 2192 4019 -1 3863 4257 3904 3604 4271 4525 4588 4580 4308 3818 3041 3398 3212 4889 3383
-1 3792 2629 -1 1193 3816 2431 -1 3639 2180 3626 3034 -1 1191 3689 2708 1066 4390 2487 396 3757 4551 3070 1659 5358 2834 1543 3068 1881 2444 3533 911 3836 2508 2444 3278 3974 1251 3010 1032 3743 645 2230 3680 2498 2633 2781 3199 2397 3573 2058 4378 2164 2395 1652 6542 2109 1328 2860 2579 -1 2761 -1 2522 3630 3028 2926 -1 2402 3354 3261 1688 2414 4171 2359 1695 973 2075 2557 2277 4303 2233 1964 3515 -1 1957 2644 1444 2592 1678 3082 2819 3579 2807 1225 3680 4433 1325 2126 1496
-1 4600 4463 -1 3098 2267 4185 -1 2756 2306 4101 3160 -1 3837 3317 3043 2971 6911 2927 2301 3689 5915 2345 3647 5484 2891 3448 3856 3626 4349 4416 2816 4787 3678 1733 2395 3249 1904 3716 2937 4548 2550 2356 3806 2943 2759 2985 1870 4329 4448 2184 4951 3860 3180 2509 5817 3033 3233 4319 3222 -1 4125 -1 2670 4283 4724 1184 -1 2658 3992 3409 3593 4014 5780 2563 4250 2878 3349 1228 3062 5228 4138 2617 4425 -1 3862 2966 3951 2718 3583 3910 3774 3639 2933 3130 1938 5632 3313 3199 3484
-1 2668 1904 -1 3965 3106 3164 -1 2914 2294 3723 2502 -1 4528 4170 4326 2653 5504 2573 3864 3225 4832 3380 934 4826 2569 4315 3135 3784 4131 4048 2779 4717 3724 1561 2553 4284 1732 2643 2497 3018 3345 1698 3794 2712 2747 3518 3239 5155 2848 2172 3520 2828 1670 639 5665 3021 3765 2135 3000 -1 3230 -1 2448 4111 3692 3002 -1 2646 3980 3114 4028 2504 5192 3625 3784 2438 3241 2597 1552 4037 2135 2445 3577 -1 3422 2954 1292 2060 795 2069 1904 2854 2921 2812 3756 4714 2206 2277 2377
-1 665 2282 -1 3499 3662 3363 -1 3292 1833 3279 2687 -1 4438 3937 3865 3031 5096 2951 3624 3410 4204 2516 1312 5011 2947 3849 2351 3992 3773 3943 2964 3489 3263 3066 2931 3420 3237 3021 2573 1618 2884 1883 3333 2470 2286 2202 1839 4371 3226 1711 3373 2278 2048 2626 5969 1104 3304 735 2393 -1 2414 -1 2826 4253 3142 2579 -1 2076 3519 1714 2025 2882 5377 3164 2401 2816 3318 1197 1930 4415 2513 3667 3852 -1 2669 2493 1670 2245 3046 4056 2188 2057 2460 3190 3333 4086 978 2655 1149
-1 3080 1483 -1 2817 2863 2564 -1 2493 1034 2480 1888 -1 3639 3913 3066 2232 4624 2152 2825 2611 3405 2120 513 4212 2148 3167 2727 3193 3083 3144 2165 2690 2464 2267 2132 3024 2438 2222 1774 2597 2085 1084 2534 1671 1487 3097 2666 4104 2427 912 3749 2398 1249 1827 5483 1761 2505 1714 2155 -1 1615 -1 2027 4349 3262 1780 -1 1386 2720 2693 2865 2083 4578 2365 1929 2017 2577 2024 1131 3616 1714 3151 4343 -1 3001 1694 871 1446 2247 3257 2691 2433 1661 2391 2534 3287 179 1856 350
-1 2449 2674 -1 3189 3026 3490 -1 2884 1611 3406 2465 -1 3418 4076 3643 3120 5493 3040 2623 3188 4137 2206 1704 4789 2762 3539 1782 594 3003 2978 2742 3881 1454 2492 3154 3110 2663 3413 2141 3213 2662 1661 3111 2248 2064 2835 2629 3802 3054 1489 3952 1709 2440 1277 5678 2338 3082 2537 1804 -1 2160 -1 1765 3684 2573 1943 -1 1507 3297 2504 2571 3274 3404 2942 3120 2468 1567 1987 2322 2967 2905 3304 3031 -1 853 2271 2062 2023 3329 2436 2542 1488 2238 850 2697 3854 1370 2504 1541
-1 3931 2693 -1 3116 3055 2926 -1 3544 1226 2842 2080 -1 3482 1876 2594 972 5934 2813 3036 752 4934 2133 1723 4404 3358 3466 3602 3153 3275 3104 2357 3437 2656 2350 3183 312 2521 3432 2212 3807 2242 1276 2726 1863 1679 3691 2858 4117 3637 1104 3941 2944 2100 1106 5605 1774 2697 2924 2347 -1 2286 -1 3237 4900 3808 1972 -1 1578 2912 3139 2852 2934 4770 2557 3762 2419 2769 2216 1982 3093 2139 3234 4014 -1 3403 1707 2081 1638 1584 2536 2371 3447 1674 1131 2726 4373 1708 2119 2503
-1 4087 2490 -1 1230 2707 3111 -1 2678 2880 3847 3734 -1 3171 3173 3891 2289 6080 2524 2859 3546 1818 3082 1520 6058 3011 1580 2736 3548 2481 3570 948 4533 2545 2635 2835 3106 1288 3229 1069 3604 2756 2930 4380 3517 3333 3402 3003 4377 3434 2758 3121 3414 2256 240 3896 2146 3176 2721 2895 -1 3778 -1 3034 3667 3677 3588 -1 3050 3391 3700 3536 2451 4495 4039 3385 1010 2112 2361 2138 4623 2721 2001 3638 -1 1994 2656 1878 2952 2901 1670 1505 3440 2679 2448 4342 1700 2792 2863 2963
-1 3541 3052 -1 1668 3510 1478 -1 2426 2503 1394 3357 -1 2034 3153 1631 2249 5148 1365 1859 2029 4244 685 2082 5681 2561 2018 2730 1758 2919 1709 1386 2080 2983 2050 2065 1589 1726 3791 1507 3951 2108 2553 3954 3140 2956 3302 2187 2669 3180 2381 2595 2922 1710 1989 4157 326 2791 3283 1829 -1 3184 -1 2987 4105 3786 3107 -1 2855 3829 3726 3151 2544 4380 2880 2453 1448 2550 1545 1592 4066 2236 2439 3143 -1 2017 259 2440 1248 2554 3400 2212 3514 226 2014 3319 2925 1748 3396 1919
-1 1239 3255 -1 1661 4027 2651 -1 1674 2272 2567 2363 -1 2729 3682 2804 1534 5212 2955 864 3202 3950 1858 2285 3310 3256 2011 572 2544 1994 2882 1379 3253 2976 1519 3238 2762 1690 3821 627 3523 1113 2322 3772 2909 2725 2960 3667 2592 3888 2150 3768 499 3021 1560 5330 1499 1796 2640 2967 -1 3387 -1 2426 2474 1363 3018 -1 297 3822 3165 2156 2882 4100 3603 2975 568 1670 3025 2903 4917 2484 2403 3196 -1 1552 1432 1641 2684 2146 2990 2762 278 1399 1693 3772 4098 2270 2594 2816
-1 -1 -1 -1 -1 -1 -1 -1 -1 -1 -1 -1 -1 -1 -1 -1 -1 -1 -1 -1 -1 -1 -1 -1 -1 -1 -1 -1 -1 -1 -1 -1 -1 -1 -1 -1 -1 -1 -1 -1 -1 -1 -1 -1 -1 -1 -1 -1 -1 -1 -1 -1 -1 -1 -1 -1 -1 -1 -1 -1 -1 -1 -1 -1 -1 -1 -1 -1 -1 -1 -1 -1 -1 -1 -1 -1 -1 -1 -1 -1 -1 -1 -1 -1 -1 -1 -1 -1 -1 -1 -1 -1 -1 -1 -1 -1 -1 -1 -1 -1
-1 4254 3166 -1 3876 4239 4247 -1 3611 2717 4163 3571 -1 4164 5596 4749 3915 6307 3835 3369 4225 4464 3309 2196 5895 3831 4226 3587 4027 4710 4827 3594 4373 3161 3226 3815 4213 3397 3905 3457 4280 3618 2767 3231 2368 2184 4478 3363 5293 4110 2595 4653 3514 2932 1772 6542 3444 4188 3397 3838 -1 2674 -1 3710 5489 4378 3463 -1 3069 4403 4376 4548 3766 6192 3062 3612 3656 3274 2721 2814 5299 3397 4110 5918 -1 4286 3377 2554 3060 3930 3202 3037 3293 3344 3921 4217 4346 1862 2624 2033
-1 3721 2418 -1 2093 1013 844 -1 1502 1969 760 2823 -1 2091 3344 3608 1966 5290 1896 1296 2593 4340 3055 1448 5147 1637 2443 3662 2372 3344 4079 1811 3625 3232 2581 1141 3959 1859 3157 1932 3532 1545 2019 3469 2400 2422 3681 2718 3297 3362 1847 3731 3064 1890 2169 6418 1781 2228 2649 2900 -1 2550 -1 2962 4238 3928 2715 -1 2321 3655 3628 2588 2724 4560 3259 2595 1873 2975 2076 1772 4246 2649 1619 4331 -1 2309 2629 1806 1428 2578 3599 3434 3368 2596 2125 3469 4222 1114 2656 1285
-1 4001 2404 -1 3410 3591 3485 -1 3414 1955 3401 2809 -1 3408 4343 2483 3153 4165 3073 2613 3532 4326 3041 1434 5133 3069 3760 3648 1656 3246 4065 3086 3611 2479 3188 3053 3945 3359 2785 2695 3518 2656 2005 3455 2592 2408 2556 3587 4614 3348 1833 4210 1939 2170 2339 6404 1977 3339 2635 2849 -1 2536 -1 2297 3914 2803 2701 -1 2307 3641 3036 3633 3004 4855 2134 1470 2938 2592 2945 2052 4537 2635 3836 4276 -1 1915 2615 1792 2367 3168 3481 2594 3354 2582 1912 3455 4208 1100 2777 1271
-1 1200 3511 -1 2802 3859 2612 -1 557 2233 2528 2324 -1 2994 3352 2765 3383 4095 3268 2682 3163 3911 1819 2746 4648 2952 3152 533 1427 1955 2843 2520 3214 2287 1480 3199 2723 914 3782 892 3788 2756 2283 3733 2870 2686 3225 3462 2553 3409 2111 3729 460 2339 1521 5291 1460 3439 2905 1955 -1 2704 -1 2387 2435 1324 2776 -1 258 3919 3126 2928 3173 4061 3564 2936 1219 1935 2820 2221 3800 2749 1627 3386 -1 1686 1393 1906 2645 2607 2951 2158 239 1360 1683 3530 4059 2260 3126 2777
-1 3348 4682 -1 3038 3390 763 -1 3879 3283 4534 4137 -1 4517 4440 4166 4094 3965 1815 2530 4812 5463 3468 3994 6461 4014 3388 4623 4506 3046 4916 2756 5764 4353 2500 3518 4372 2671 1948 2415 4301 3249 3333 4783 3920 3736 3752 2637 5452 4285 3161 5661 1739 4157 2800 6767 3787 3669 3418 3989 -1 4313 -1 3019 3714 2603 2307 -1 3635 3884 3758 4029 4259 6303 3330 1270 2356 3458 1995 4039 5120 4272 3384 4984 -1 3340 3943 3429 3695 3855 4163 4065 4740 3910 3675 3061 5345 3661 3372 3832
-1 4289 3169 -1 3824 1262 3289 -1 1751 2096 3205 2950 -1 4391 4177 4128 3697 6310 3838 3027 3673 4467 3182 2199 5274 1886 4174 3587 2621 1907 4206 3227 3752 3012 3295 1390 3181 2108 3908 2836 4283 3147 2146 3596 2649 2549 4415 2271 5166 4113 1974 3972 3549 2935 1091 6401 2030 3567 3400 3149 -1 2677 -1 3713 4487 4413 2842 -1 2448 3782 4379 2385 3111 5431 3427 3615 3289 3125 1629 2817 4994 3400 2821 4212 -1 2880 2756 2557 2508 3309 2521 2356 3328 2723 664 3596 4349 1241 2905 2036
-1 2965 1368 -1 2702 2748 2449 -1 2378 919 2365 1773 -1 3524 3798 2951 2117 4509 2037 2710 2496 3290 2005 398 4097 2033 3052 2612 3078 2968 3029 2050 2575 2349 2152 2017 2909 2323 2107 1659 2482 1970 969 2419 1556 1372 2982 2551 3989 2312 797 3634 2283 1134 1712 5368 1646 2390 1599 2040 -1 1500 -1 1912 4234 3147 1665 -1 1271 2605 2578 2750 1968 4463 2250 1814 1902 2462 1909 1016 3501 1599 3036 4228 -1 2886 1579 756 1331 2132 3142 2576 2318 1546 2276 2419 3172 64 1741 235
-1 3648 3257 -1 2587 2814 3159 -1 3303 2304 3075 3158 -1 2631 4072 3655 2506 5651 2715 1836 2520 4907 1604 2569 5482 3438 2937 3644 3282 3005 4414 2305 4785 1456 1521 2942 2508 1692 2510 2426 3422 2085 2354 1526 663 479 2773 1658 3588 4236 2182 3658 3565 1817 2505 5076 2670 2768 2539 3010 -1 2954 -1 2458 4071 4429 2869 -1 2656 3915 3197 3128 2651 4487 1357 3096 2367 1569 1016 1699 4764 3673 2405 4213 -1 3351 2598 2884 1355 2430 2704 2656 3416 2931 2216 2550 5594 2486 919 2897
-1 4711 3168 -1 3262 2450 2963 -1 2939 2579 2879 3433 -1 3995 3533 3225 3843 6418 3832 3200 3623 4467 2279 2198 5757 3074 3612 4044 3352 3095 3303 2980 3674 4009 1864 2578 3183 2035 3907 3101 4282 3449 2629 3969 3216 3032 3803 3459 4263 3631 2457 3400 3971 2934 2279 5751 1920 4050 3399 3285 -1 3409 -1 2733 4414 3956 3325 -1 2830 4265 3472 3573 3768 5586 3910 3723 3042 4122 2817 2816 5301 807 2748 3608 -1 3611 1853 2556 2991 4041 3709 1784 3750 1820 1852 4079 4519 1973 3472 2144
-1 3716 3227 -1 2603 2784 3129 -1 3073 3590 3045 4444 -1 2601 4115 3570 2476 5800 3897 1806 3949 5961 2624 2539 6418 3408 2953 3049 3291 3429 3648 2321 4019 2959 3024 2912 3528 2661 2480 2442 4341 2055 3640 3029 2166 1982 1749 3161 3807 4453 3468 4206 2976 3246 2613 6096 2265 2738 3458 3269 -1 2924 -1 3932 4951 3840 2839 -1 2774 4764 4437 3098 3824 5035 1327 3105 2383 3072 2519 3128 4734 3643 3374 4925 -1 3367 2198 2854 2784 2400 2674 3206 2755 2165 2186 3593 4864 2735 2422 2906
-1 3739 3254 -1 3380 3569 4082 -1 3650 2247 3998 3077 -1 1186 3848 2656 3312 6003 1460 2642 3741 4838 2397 2284 5401 1713 3730 3932 1925 1578 3735 3098 4461 2488 2145 3289 3301 2316 3993 2906 4320 1853 2273 3809 2946 2762 3397 2282 2392 3073 2187 3512 3529 2851 2608 5869 1243 2273 3485 2943 -1 2917 -1 2463 4695 4393 2993 -1 2272 2488 3202 2633 3685 4671 2975 3308 3160 2601 1640 2733 3724 1926 3029 1653 -1 2184 1971 2473 2635 3270 3767 2903 3815 2874 2181 3747 4720 1950 3202 2121
-1 3660 2217 -1 3285 2557 2902 -1 3046 2173 2818 3027 -1 2647 2468 3186 3248 4752 2921 3013 2939 4141 2725 1529 5351 3078 3635 2246 2972 3039 3749 3003 4029 3117 2156 2685 3629 2327 2253 2127 3331 2834 2223 3673 2810 2626 4113 3552 3853 3443 2051 3196 3251 2236 2386 6197 2366 3517 2448 1063 -1 2830 -1 3043 4706 4115 2612 -1 2466 3399 3427 3680 3070 4025 3504 3929 2068 3170 2910 2118 4507 2730 3040 3114 -1 2958 2299 1887 1774 1390 2440 2284 3030 2266 1959 3366 4023 2284 2050 2972
-1 2336 3704 -1 3672 3261 3606 -1 3750 2676 3522 3530 -1 3505 4304 4708 4262 2953 3779 3193 4253 5397 3235 2983 5854 3885 4022 4022 3494 2034 3904 3390 5157 3821 3640 3389 3602 3321 2957 1403 3289 2237 2726 4176 3313 3129 3736 3319 4711 3273 2554 4669 727 3550 1788 6707 2775 2657 2406 3165 -1 3301 -1 4135 2702 1591 3316 -1 3028 2872 3039 3017 4074 5500 4007 258 1344 2446 2868 3432 4108 3260 4034 3972 -1 2328 3045 2417 3088 2874 3151 3053 3728 3303 2663 4070 5279 2649 3569 2820
-1 4163 3751 -1 1813 1537 3564 -1 2026 2532 3480 3386 -1 3524 3298 4016 2394 3738 3107 3133 2174 4244 830 2781 5710 2161 2163 3496 2896 2342 4153 1531 4334 793 2223 1665 1734 1871 4278 1652 2759 2617 2582 4032 2924 2985 2196 2980 2814 4434 2410 3609 3423 2842 2528 4302 2007 3037 1876 49 -1 2539 -1 2686 4250 4165 3278 -1 2884 3252 2855 3397 3034 5078 3863 3490 1593 906 2338 3288 4488 3509 2584 4221 -1 2577 3129 2666 2944 3006 3958 1993 3202 3096 2553 4032 4931 1823 3180 2618
-1 4619 3381 -1 3861 3743 3793 -1 4232 1914 3709 2768 -1 4413 2746 3946 1660 6622 4050 3724 3491 4717 3000 2411 5092 4046 4211 4429 4073 3963 4024 3045 4395 3344 3038 3871 1000 3209 3972 2900 4495 2965 1964 3414 2551 2367 4379 3546 4984 4325 1792 4629 3632 2788 2246 6472 2641 3385 3612 3035 -1 3832 -1 3925 5588 4496 2660 -1 2266 3600 4591 2570 3622 5458 3245 4450 3107 3457 2904 2670 4836 2827 3922 4397 -1 3214 2574 2769 2326 2272 3676 3511 4135 2541 1819 3414 4599 2396 2626 3191
-1 4763 3772 -1 3221 3735 1471 -1 3921 2234 3784 3150 -1 2906 2818 3536 3887 6249 2523 2594 3873 5607 3075 2802 5474 2703 3571 3629 3354 3298 3305 3109 4379 2475 995 3863 3979 1166 3431 804 3700 2652 2346 3796 2933 2749 3137 3345 4112 3729 2174 3525 3952 2758 2615 6328 2716 3335 2817 2678 -1 2455 -1 2450 3545 4081 2980 -1 2586 3982 3189 3695 811 5560 3627 3554 745 1847 2703 3052 5218 2661 1879 3373 -1 1729 2649 1818 2708 3037 3625 1909 3802 2616 2188 3734 5315 2765 3189 3560
-1 4244 4156 -1 2344 4463 4225 -1 2874 2657 4369 3022 -1 3382 3936 4654 3257 6220 3219 1547 3745 5142 3278 3186 5346 3730 2694 2582 3407 3595 4684 2062 5138 3659 3439 3234 4182 2402 4895 2183 3571 2836 2218 5207 4344 4160 3397 3960 4588 3018 3585 4883 3474 3042 3564 6750 3260 3519 4196 2531 -1 3911 -1 4369 4781 4338 3403 -1 2217 4505 3667 3879 3565 5609 4550 3886 2124 3226 3318 2924 5572 4040 3115 2995 -1 2651 2852 3197 2580 3869 4353 3365 3366 3284 3416 4157 5024 2852 3277 3023
-1 2491 3295 -1 3182 1388 3243 -1 1877 2222 3331 3076 -1 4517 4303 4006 3823 5563 3964 3153 3799 4593 2690 2325 5400 2012 3532 3713 2747 2033 4332 3353 3878 3138 2767 1516 3307 2234 4034 2962 4409 3273 2272 3722 2775 2675 4079 2397 4674 4239 2100 4098 3337 3061 1217 6162 2156 3693 3526 3275 -1 2803 -1 3820 4613 4201 2968 -1 2574 3908 4505 2511 2583 5557 3553 2868 3415 3251 1755 2943 5120 3526 2947 4338 -1 3006 2264 2683 2634 3435 1278 2482 3454 2849 790 3722 4473 1367 3031 2162
-1 5169 4678 -1 4186 3386 5363 -1 3875 3722 5279 4576 -1 5155 4436 4162 4059 3999 5252 3389 3877 5459 3464 3990 6900 4010 4536 5052 3288 3080 3239 3904 6203 4797 4617 3514 3437 4232 1944 4025 5792 3283 3772 5222 4359 4175 5854 4365 5448 5904 3600 5657 1773 4596 2834 6936 4154 3703 4909 4211 -1 4347 -1 5181 3748 2637 2303 -1 4074 3918 5888 4063 5235 6486 5053 1304 3966 4910 4681 4478 5154 5047 4945 5890 -1 3547 4382 4348 4134 3851 4264 4099 4758 4349 3544 3057 5341 3919 3368 4090
-1 5425 4950 -1 4867 4507 4852 -1 3411 4140 4768 4505 -1 4865 4376 5863 4659 6421 4579 4070 5228 6301 4717 4033 6829 1318 5217 5342 4281 5152 5941 4585 6210 5067 1767 3050 5621 1938 4203 4334 5625 4319 3701 5322 4459 4275 4042 4679 6071 4501 4432 5929 4195 4525 4336 8189 3690 5002 5181 4809 -1 4511 -1 5408 4317 5059 4562 -1 3700 6240 5721 5362 4771 6758 3620 3726 4647 5180 4037 4407 6457 5234 2651 4478 -1 4540 4291 4391 4063 4091 4397 5499 5048 4458 3909 5316 6183 3699 4715 3870
-1 4049 3085 -1 1491 3108 3158 -1 3406 1279 3074 3272 -1 3432 3987 3311 1364 6071 2785 694 3709 4130 2365 2115 4681 2673 1841 3366 3438 2228 3389 1209 3760 679 2109 3236 3269 1549 2876 1330 2645 943 2468 3918 3055 2871 2082 2866 4349 4029 2296 3495 2997 2728 1950 5273 1893 1626 1762 2648 -1 2425 -1 2572 3928 3861 2025 -1 1631 3138 2741 1986 2712 4469 3749 3376 1271 792 2224 2733 4374 2531 2262 3813 -1 2255 1939 2344 2830 1976 3380 1879 3088 1906 1523 2779 4605 1709 2424 2504
-1 3973 6277 -1 5575 4224 4857 -1 3330 4810 5301 5097 -1 5767 5642 5538 4556 6868 5909 5455 5936 6684 4592 5307 7421 4848 5925 3306 4200 4728 5616 5293 5987 5060 4253 4352 3896 3687 6555 3665 6561 5529 4860 6306 5447 5263 2006 6235 5326 6182 4688 4947 3233 3363 4294 8064 4233 6212 5678 4728 -1 5477 -1 5160 5208 4097 5549 -1 3031 6496 5899 5701 4197 6834 6141 5709 3992 4708 5593 4994 6573 5353 4400 6159 -1 4459 4166 4510 5222 5168 5724 3331 3012 4133 4456 6303 6832 5033 5379 5550
-1 3428 3550 -1 4166 4343 3091 -1 4314 3854 4197 4148 -1 4526 4438 4434 4299 5431 4143 3369 2300 4131 3488 2580 6472 4215 4516 4372 3214 3206 4512 3884 4883 3820 2615 4199 4392 2786 4289 2424 4664 3481 3344 4797 4159 4369 4757 4563 5472 4494 3794 3438 4239 1597 1876 6960 2871 3901 3781 4170 -1 3834 -1 4070 5165 5103 4563 -1 2873 4116 4760 4261 2431 4267 5247 4966 2365 3467 3997 1479 3953 3781 3499 4817 -1 3349 3062 2938 1135 2441 3306 3141 4500 3029 3470 5317 5728 3852 3923 4023
-1 4351 4473 -1 3377 3475 3525 -1 3907 1646 3441 2500 -1 4251 3265 3678 4126 6354 4202 2580 3223 6175 2732 3503 4824 4099 3727 3615 3805 3695 3756 2777 4127 3076 3141 3603 3636 3117 4130 2632 4604 2697 1696 3146 2283 2099 4393 3278 4716 4051 1524 4361 3364 2520 2861 6204 2373 3117 4159 2767 -1 3761 -1 4078 5339 4228 2392 -1 1998 3332 4700 3477 3354 5190 2977 4182 2839 3189 2636 2402 4568 4283 3830 4028 -1 3684 2306 3646 2058 3364 4291 4126 3867 2273 3836 3146 4972 3795 2539 3765
-1 3146 2431 -1 3305 3811 2728 -1 3441 1982 2644 2836 -1 4283 4530 4014 1574 5572 1494 3488 3559 3893 2598 1461 5160 3096 3655 2789 4141 4031 4092 3023 3638 3412 2179 3080 3502 2350 3170 2722 2540 3033 2032 3482 2619 2435 3431 2316 4582 1769 1860 4697 1749 2197 2160 5971 2709 3453 2662 3087 -1 2563 -1 2975 3724 2613 2728 -1 2334 3668 2636 3454 3031 5526 3009 2877 2965 3525 1674 2079 4564 2662 3063 4871 -1 3949 2172 1819 2394 2186 3590 3425 2495 2609 1733 3482 3775 1127 2804 1298
-1 3734 3322 -1 2478 2202 3779 -1 2691 2103 3695 2957 -1 3917 3738 4135 3059 4403 3772 2679 2839 3815 1495 2352 5281 2358 2828 3067 3445 1913 4070 2196 3905 364 1794 2330 2399 1965 3849 2317 2330 2188 2153 3603 2740 2556 1767 2551 3479 4150 1981 3180 2994 2413 3042 4958 1578 2608 1447 714 -1 2110 -1 2257 4344 3736 2849 -1 2455 2823 2426 2968 3247 2314 3434 3061 2258 477 1909 2859 4059 3553 2678 4127 -1 3242 2763 2710 2515 3462 4424 1564 2773 2730 3218 3603 4502 1394 2996 2189
-1 -1 -1 -1 -1 -1 -1 -1 -1 -1 -1 -1 -1 -1 -1 -1 -1 -1 -1 -1 -1 -1 -1 -1 -1 -1 -1 -1 -1 -1 -1 -1 -1 -1 -1 -1 -1 -1 -1 -1 -1 -1 -1 -1 -1 -1 -1 -1 -1 -1 -1 -1 -1 -1 -1 -1 -1 -1 -1 -1 -1 -1 -1 -1 -1 -1 -1 -1 -1 -1 -1 -1 -1 -1 -1 -1 -1 -1 -1 -1 -1 -1 -1 -1 -1 -1 -1 -1 -1 -1 -1 -1 -1 -1 -1 -1 -1 -1 -1 -1
-1 5106 3893 -1 3228 4233 3038 -1 3986 3430 2954 4284 -1 3420 4515 3191 3809 7383 3694 3108 3589 4674 2245 3205 6608 3947 3578 4143 3166 2381 3269 2946 3640 4026 1906 3625 3149 2077 3929 1318 4214 3668 3480 4930 4067 3883 3651 4435 4229 4579 3308 4155 2050 3549 3096 5717 1886 3933 3331 3775 -1 3774 -1 4141 4025 2914 4176 -1 684 3932 4310 4293 3989 5701 4761 4945 1645 2361 3793 3431 5539 3175 2790 3887 -1 2629 1819 2332 3087 3066 4123 3772 4145 1786 3422 4214 4485 3308 2583 3479
-1 2617 1020 -1 3081 2733 2280 -1 2030 1410 2839 2264 -1 3715 3627 3442 1769 4620 1689 3220 2987 4088 2496 50 4588 1685 3431 2264 2900 3459 3164 2541 3833 2840 1804 1669 3400 1975 1759 1613 2134 2461 1460 2910 2047 1863 2634 2355 4284 1964 1288 3844 1944 786 2355 5968 2137 2881 1251 2116 -1 2346 -1 1564 3886 2808 2118 -1 1762 3096 2230 3241 1620 4674 2741 3071 1554 2656 1713 668 3153 1251 2688 4182 -1 2538 2070 408 1822 2381 3785 2228 1970 2037 1928 2872 3970 1322 1393 1493
-1 -1 -1 -1 -1 -1 -1 -1 -1 -1 -1 -1 -1 -1 -1 -1 -1 -1 -1 -1 -1 -1 -1 -1 -1 -1 -1 -1 -1 -1 -1 -1 -1 -1 -1 -1 -1 -1 -1 -1 -1 -1 -1 -1 -1 -1 -1 -1 -1 -1 -1 -1 -1 -1 -1 -1 -1 -1 -1 -1 -1 -1 -1 -1 -1 -1 -1 -1 -1 -1 -1 -1 -1 -1 -1 -1 -1 -1 -1 -1 -1 -1 -1 -1 -1 -1 -1 -1 -1 -1 -1 -1 -1 -1 -1 -1 -1 -1 -1 -1
