100
2556 4408 3014 1953 3693 4303 4303 3811 3411 -1 2082 3307 2756 3410 3319 2464 5033 3260 2970 3791 2801 2200 1728 3027 1149 1451 3601 2652 3048 5329 2894 2575 3077 2225 -1 1838 3003 3473 242 706 2476 3049 3221 2375 1924 1748 1174 2800 1093 3413 3563 2487 4163 3230 -1 3534 2837 -1 2265 2943 2119 3319 3071 4494 2799 3694 1194 453 1428 2072 2360 3882 3842 2843 5778 2702 3374 1133 1326 2797 2952 -1 -1 2992 2170 1563 2352 2850 2257 3611 2114 2959 2710 2244 1996 3267 -1 2463 -1 3946
3733 2253 -1 834 1249 2548 1912 2133 -1 3098 2218 3785 3027 1543 1091 1913 -1 2700 1735 2897 3649 970 3532 2384 3685 3135 3118 4007 1692 2159 2008 -1 1557 725 1181 2187 4332 4737 2598 4148 2814 1611 2984 3902 -1 4648 3322 -1 2673 1814 2034 4442 1194 3470 4156 3168 -1 2885 3363 3577 2959 2317 2932 2813 2181 3380 2584 2887 1961 3362 4298 1738 2657 2560 2020 2115 2752 4155 2359 3230 1835 1360 4020 4542 2227 3050 1994 1751 3455 3831 1992 4202 2588 3416 2988 2260 5009 1431 1821 4063
4492 5101 1662 2009 2790 2838 4719 2903 3125 -1 4108 2752 5020 1274 2687 4763 3837 1442 3566 5011 4800 3107 4024 4774 2813 4858 5059 5896 4807 2075 3574 2101 2892 3062 -1 3908 3379 5763 5407 3256 3982 2463 4336 3792 3770 5487 2788 4744 3609 2481 3241 3793 2381 2402 -1 3438 3756 -1 3924 1528 3627 3048 2133 3104 3737 3677 4679 4272 2686 4093 2342 4600 3756 3625 3770 2502 3584 4174 4354 4447 2370 -1 -1 5397 3342 3781 2992 6153 4495 4930 3173 6295 3639 3368 4962 2281 -1 3418 -1 3092
2729 3526 -1 3850 5318 4013 4200 3174 -1 2648 3614 3356 4967 3133 4373 2201 -1 3928 3878 3991 2516 4512 3233 2820 2812 4517 2691 3976 3033 2543 3686 -1 3750 3237 5186 4667 3434 3576 1915 3234 6052 3918 1692 3625 -1 2939 4031 -1 4731 2657 4075 3360 3508 4182 4176 3110 -1 5765 3061 4347 3423 2408 5557 4138 2290 1871 4024 1789 3521 3719 5301 2733 1305 4007 4362 3192 2570 5119 3253 3369 4038 3776 2039 1941 4661 1652 3313 4218 3173 4348 4375 2846 3293 3052 4550 2253 2991 3876 3873 3696
0 5900 3688 4455 5130 5618 6045 6361 3113 -1 4908 5540 5258 4721 3853 4582 4341 4553 2672 4545 4470 3131 4139 3847 3651 4883 4812 4333 5550 6182 3685 5077 5312 3402 -1 2977 3718 6095 5108 4502 5208 4422 4691 3334 4314 4751 3676 5942 4525 3957 3265 3870 3614 5617 -1 3650 5553 -1 3984 2964 3258 3405 4320 5397 5301 4485 4066 5057 3930 5261 4402 3584 4979 5345 6322 3951 5385 4565 3468 3810 3625 -1 -1 3575 4308 3950 4739 4976 3572 4901 3291 4488 5373 4432 4007 5665 -1 3394 -1 5620
5015 0 4207 3092 3492 4745 3522 5111 4744 -1 3905 5130 3615 4508 3533 4761 6366 4562 4303 4850 4233 3821 4553 4220 3830 3274 5279 4274 3937 6906 1527 5128 3703 3295 -1 3391 2978 5296 4890 5382 4299 4407 3883 4214 4728 4947 3855 4354 2916 3739 4896 3130 4665 4041 -1 2910 4929 -1 3244 4341 3672 3584 4499 5481 5480 2327 2490 4764 2415 3895 3662 5215 5416 3830 6085 4130 5101 2956 3149 3489 4018 -1 -1 4613 3993 2374 3163 3476 4609 2743 4329 3946 3215 3866 3723 4090 -1 4084 -1 5224
2725 3592 0 1879 2704 3042 4389 3072 537 -1 2398 1958 2846 2388 1591 2691 2159 2220 96 2530 782 735 2483 333 1760 2307 2861 645 2041 3352 1903 3006 2736 826 -1 1321 908 3932 2432 1926 2935 2357 1881 758 1605 2425 1785 3122 1949 1797 689 1060 3210 3074 -1 840 2723 -1 1174 134 1602 1514 2119 3031 3410 2599 1357 2481 2039 1573 1592 1008 3304 3274 4153 2060 2989 1931 892 2697 1292 -1 -1 999 1478 1407 2141 2331 996 1512 715 2306 2918 1796 1611 3068 -1 998 -1 1932
4392 4411 3530 0 1740 3840 3591 4434 2846 -1 3035 2595 2470 2716 3025 2621 4163 2548 2405 3783 1391 1488 2106 2976 1690 739 2889 2129 1095 5911 3204 3116 3618 2107 -1 944 3045 2761 4207 3498 1764 2389 2509 3067 2281 3373 1715 2088 381 3056 2693 3197 5222 3771 -1 2977 4366 -1 3184 3002 1225 3138 2359 4333 3292 3286 2220 2047 1969 1360 1648 3317 3544 3153 4762 1990 3463 421 432 3543 2240 -1 -1 2280 3908 2104 2893 2522 2249 3702 1996 3153 1998 3307 2085 3270 -1 1751 -1 3234
4109 4169 3426 2311 0 3388 4794 4330 2857 -1 2976 2536 2411 2657 2679 2562 4439 2489 2416 4069 3029 1429 3369 2145 1631 3050 3400 3493 2733 4480 3100 3057 3433 2048 -1 2610 2197 2702 2467 3640 1705 3485 3170 3078 2694 3027 1656 2938 2692 1316 2969 2349 4751 3712 -1 2129 2957 -1 2463 1262 2891 2451 2300 4700 2245 1546 2161 3217 1634 3072 1589 3328 3485 3049 5022 1931 3404 2732 2743 2708 1894 -1 -1 2221 2606 2045 2834 3332 3027 1962 1937 2459 1939 3085 2026 3028 -1 1692 -1 4511
2884 3756 3039 2088 2053 0 4199 4545 3576 -1 2636 3769 3177 1564 1273 2501 4378 2302 3135 2590 2555 2093 2293 2730 1570 2005 3742 1927 3183 5337 2230 2996 1954 1035 -1 1131 718 3888 2630 4444 3030 2506 1691 3782 2468 1957 1595 3354 1647 1479 3645 870 3525 2587 -1 650 3145 -1 984 3173 1412 1324 2239 4131 3220 67 1036 2690 1849 2626 1402 3732 3424 3084 3825 1870 2841 1687 1880 3351 2268 -1 -1 2885 2724 920 1709 2141 2436 3446 1942 2772 2597 1606 1463 2636 -1 2356 -1 3032
2859 5550 3914 4659 4986 6622 0 6045 4451 -1 5146 5595 5219 3445 2627 5382 5959 3277 4010 6417 4696 3558 4646 4247 4783 3655 5414 4559 5541 7266 3094 4416 5270 4066 -1 3769 4438 5854 3984 5840 4609 4708 5152 4672 4600 6122 4808 832 4483 2833 4603 2096 6026 5608 -1 4370 4701 -1 3976 4048 4050 5044 4729 4694 5783 3894 3634 4872 3982 3433 4397 4922 4629 3043 5556 4934 5812 3064 3257 4508 4989 -1 -1 4350 3881 3941 4730 3367 4910 4310 3955 3998 4782 4598 4434 4852 -1 3821 -1 5846
3633 2291 3285 2714 3626 3394 4553 0 3179 -1 3296 3956 3600 1629 1834 4627 4443 1843 2738 2484 1504 1042 4523 2271 3696 3142 2834 3930 3630 4949 3486 3259 3509 1661 -1 3361 3462 4767 3191 4568 3175 4454 3689 3400 2507 2182 3721 4491 2784 2040 3331 3115 4820 3864 -1 3394 3995 -1 3214 3419 3642 3489 1877 3721 5298 3461 2200 3316 2462 3763 3654 3650 3062 3435 4875 3996 3296 2824 2930 3616 2121 -1 -1 1834 3832 2242 3031 3344 2857 4702 1550 2895 3494 3559 1918 3576 -1 1305 -1 2649
2188 3299 1731 1975 2260 2950 4086 4432 0 -1 2765 2427 2827 1851 1288 2388 1622 1683 1827 2477 2442 1320 2180 2064 1457 2134 2568 1901 3070 5083 3022 2600 2832 922 -1 1018 605 3901 2645 1389 3014 2463 1578 221 2355 1888 1482 2829 1776 1494 152 757 3412 3170 -1 537 3362 -1 871 1865 1299 1211 2126 4018 3107 2296 1619 2577 1736 2755 1289 2739 3311 2971 4144 1757 2728 1816 2009 3383 755 -1 -1 2112 2853 1503 2292 2028 2323 3243 1828 1769 3180 1493 1350 3219 -1 1583 -1 2919
-1 -1 -1 -1 -1 -1 -1 -1 -1 -1 -1 -1 -1 -1 -1 -1 -1 -1 -1 -1 -1 -1 -1 -1 -1 -1 -1 -1 -1 -1 -1 -1 -1 -1 -1 -1 -1 -1 -1 -1 -1 -1 -1 -1 -1 -1 -1 -1 -1 -1 -1 -1 -1 -1 -1 -1 -1 -1 -1 -1 -1 -1 -1 -1 -1 -1 -1 -1 -1 -1 -1 -1 -1 -1 -1 -1 -1 -1 -1 -1 -1 -1 -1 -1 -1 -1 -1 -1 -1 -1 -1 -1 -1 -1 -1 -1 -1 -1 -1 -1
3524 5390 3922 2887 2861 4801 5632 4906 3387 -1 0 4808 4257 2834 2523 3703 5009 2666 4018 5723 2911 2449 2967 3094 2650 2952 3480 4153 3982 5595 3676 3483 4004 3068 -1 2965 3526 4974 3880 4776 3977 3029 3919 3608 2921 2871 2675 4301 2594 2729 3539 1510 5059 4553 -1 3924 4684 -1 3264 3964 1865 4178 3284 5276 4300 4407 217 4442 2929 3573 3861 4419 4469 3625 5127 4203 4580 2634 2827 2977 1738 -1 -1 3241 3671 3064 3853 2781 4264 4823 2957 3412 1778 3745 3325 4674 -1 2712 -1 5260
3482 3691 2058 2864 746 4134 4674 4810 2595 -1 440 0 3157 1478 1523 3308 4171 3060 2154 4049 2520 2085 3407 2071 2377 1919 3824 1841 3479 5226 2144 3773 2348 1811 -1 2306 2646 3448 2880 3771 2451 3469 2528 2603 2182 1871 2402 3268 1561 1729 2747 1950 3687 2501 -1 2578 3059 -1 2733 2008 2305 2553 2988 4078 2991 2292 657 681 2380 2296 2160 1842 4173 3682 5567 2677 4150 1601 1794 3265 2178 -1 -1 2877 2638 834 1623 2121 2515 2708 1856 2752 2218 3355 2772 2550 -1 2348 -1 2979
4481 4735 3467 3132 3985 4382 5694 5644 2293 -1 4529 4443 0 4030 3581 4681 3915 3862 1852 3870 618 2336 4322 3480 3750 1483 3764 3792 322 5460 3454 3028 4327 2417 -1 3160 2898 5321 4643 3682 4324 4605 3871 2514 2003 4181 2694 2832 2941 3492 2445 3050 5303 4665 -1 2830 4086 -1 3164 3492 3441 3504 3171 5571 4653 4254 3114 4072 2948 3920 3009 2764 4356 4361 3989 4050 4590 2981 2648 3095 3048 -1 -1 1872 4617 2998 3787 4100 2336 4659 2306 4062 1665 3384 3212 4244 -1 2599 -1 4472
2004 3682 3110 3935 4482 4944 4488 6048 3647 -1 4357 3917 4387 0 3040 3989 2814 4118 3206 4930 3054 2592 3253 3443 3131 1977 4099 3328 4709 6462 3703 4557 1880 3088 -1 2091 3097 3401 4397 5036 3681 3082 2060 3868 3428 4154 3156 3326 4211 3246 3344 3417 4348 5212 -1 3950 2717 -1 2298 3244 2372 3994 3427 4500 4781 4503 3661 3194 3410 3479 3565 4118 4612 4825 6259 3353 4155 1386 1579 2830 3262 -1 -1 2854 2203 3545 4334 3425 3396 3491 3100 2961 3915 2920 2777 4417 -1 2855 -1 3401
3698 4017 2675 2955 2359 4701 5222 3418 3212 -1 4014 4313 3055 3301 0 4868 3970 3133 2771 5135 2811 2349 4838 2688 3937 3383 4371 3000 3377 5771 3936 2252 3760 1902 -1 3676 3263 4957 1357 4601 4011 4462 3940 3433 3787 3958 3962 4732 3025 206 3364 3415 5310 4150 -1 3195 5316 -1 3529 2809 3957 3869 3184 4560 3877 3727 2599 3557 3993 2913 2233 2459 4369 3885 6182 4237 4603 3065 3258 4534 2825 -1 -1 3141 4102 2483 2245 3585 3671 3867 1791 4117 4160 4151 3225 2876 -1 2612 -1 3956
3903 5364 4454 3107 4779 4082 5218 5564 4851 -1 4166 4906 4196 3489 2420 0 5752 3321 4410 3609 3574 3112 3312 3749 2589 3535 4761 3033 4202 6829 4154 4015 3964 2054 -1 2150 1737 5033 3777 5463 4146 3595 2710 5072 3487 4503 2614 4408 3177 2626 4811 1889 4544 4302 -1 1669 4494 -1 2003 4383 2431 2343 3258 5150 4239 3428 2751 3709 2868 4129 2421 4879 4443 4103 5349 2889 3860 3217 3410 4515 3311 -1 -1 3904 4254 2635 3424 3160 3455 4719 3554 3791 4312 2625 2482 4351 -1 3375 -1 4051
1626 5073 2943 1828 3568 5029 4573 3847 2939 -1 3494 3784 3659 3905 3679 3051 0 3737 2498 4371 3219 2677 2315 2956 2879 2567 4539 3268 2923 5909 2617 4305 4793 3038 -1 2772 3531 2673 4122 2655 2953 3143 4337 1487 3871 4562 2904 3916 2209 2971 3091 3683 3341 4960 -1 3463 4843 -1 3797 2691 2815 3231 3548 4217 3119 3417 3409 3875 3158 3188 2837 3410 4152 2566 6148 3179 4652 2249 2260 3636 3352 -1 -1 2126 4035 3293 4082 3859 3398 2994 3117 147 3187 4159 3274 4997 -1 2940 -1 4555
2172 3771 2518 1953 3001 4129 3126 3737 1872 -1 1869 3195 2920 168 3001 3843 2982 0 2614 3630 2239 281 3107 2784 2935 2145 3178 3163 3048 5870 3214 3623 2048 900 -1 2259 2477 3569 4358 3261 1332 3169 2228 2093 1763 3349 2960 3494 2023 3207 2024 1650 3901 3148 -1 2409 2885 -1 2466 2652 2005 3083 1665 4483 4537 3666 357 2555 3214 3002 2893 1907 2850 3223 5610 3235 2535 1554 1747 2855 2627 -1 -1 1073 2371 1481 2270 2583 2096 3659 789 3129 1918 2798 1157 2815 -1 544 -1 3384
2629 3740 2172 1783 2701 2946 4376 4873 441 -1 2842 2868 2750 2292 1729 2829 2063 2124 0 2434 2883 1761 2470 2505 1898 2211 3009 2342 2878 5524 3463 3041 2640 730 -1 1308 1046 3836 3086 1830 2839 2753 2019 662 2615 2329 1923 3270 1853 1935 593 1198 3853 2978 -1 978 3803 -1 1312 2306 1589 1652 2567 4459 3548 2737 1427 2385 2177 2832 1730 912 3752 3412 4585 2198 3169 1893 796 3557 1196 -1 -1 903 2930 1311 2100 2413 900 3684 619 2210 2988 1934 1791 3027 -1 2024 -1 3360
5057 5929 5212 4261 4226 2173 6372 6718 5749 -1 4809 5942 5350 3737 3446 4674 6551 4475 5308 0 4728 4266 4466 4903 3743 4178 5915 4100 5356 7510 4403 5169 4127 3208 -1 3304 2891 6061 4803 5343 5203 4679 3864 5955 4641 4130 3768 5527 3820 3652 5818 3043 5698 4760 -1 2823 5318 -1 3157 5346 3585 3497 4412 6304 5393 2240 3209 4863 4022 4799 3575 5905 5597 5257 5998 4043 5014 3860 4053 5089 4441 -1 -1 5058 4897 3093 3882 4314 4609 5619 4115 4945 4770 3779 3636 4809 -1 4529 -1 5205
3863 4974 3406 3017 3367 3764 5076 5293 1675 -1 4076 4102 3984 3526 2963 4063 3297 3358 1234 3252 0 2048 3704 3528 3132 3445 3146 3174 4112 4842 2836 4275 3874 1964 -1 2542 2280 4892 4025 3064 4073 3987 3253 1896 1385 3563 2343 4504 3087 2874 1827 2432 4685 4212 -1 2212 5037 -1 2546 3540 2823 2886 3432 5394 4756 3636 2661 3619 2597 4066 2964 2146 4575 3743 3371 3432 4302 3127 2030 2477 2430 -1 -1 1254 4164 2545 3334 3647 1718 4052 1853 3444 4222 2766 2924 4261 -1 2311 -1 4594
3837 3490 2243 1672 3412 3861 4060 3456 2780 -1 2731 2914 2639 1833 2720 3585 4086 1665 2339 3349 3025 0 3649 2503 2654 2100 2897 2888 2767 5595 2933 3954 2529 619 -1 2487 2635 3725 4077 4169 2728 3698 2709 3001 1482 3068 2679 3449 1742 2926 2616 2387 4436 2867 -1 2567 4490 -1 2901 2377 2768 3241 1384 4593 4256 3385 1316 2274 2933 2721 2612 3251 2569 2942 5336 2954 2254 1782 1975 2574 2844 -1 -1 792 2819 1200 1989 2302 1815 3755 508 2933 2877 2517 876 2534 -1 263 -1 4050
2382 3997 3308 3770 3761 4158 4567 5749 2428 -1 1179 4339 4079 2750 3156 736 4050 2582 1987 3646 3328 2442 0 3010 3325 4110 4659 3633 4401 6660 3230 4662 4539 2717 -1 2886 2473 3429 4419 3817 3709 4208 3446 2649 1779 4050 3350 4942 3752 3268 2580 2625 5280 4692 -1 2405 5230 -1 2739 3442 3044 3079 1891 5100 1816 4030 1396 4372 3604 4731 3157 2899 3076 3449 5633 3625 4596 3792 2783 2871 2917 -1 -1 2882 4786 3025 3814 3896 2112 4446 2606 4197 2195 3361 3218 4741 -1 2705 -1 4787
5461 3876 3112 3376 4751 5122 5956 2739 3649 -1 4435 4750 3476 3722 3417 5165 5271 3554 3208 5128 3232 2770 4722 0 4234 3804 4792 3437 3798 6192 4357 2673 4181 2323 -1 3560 3700 5378 4774 5038 4432 4883 4361 3870 4208 4379 4259 5153 3446 3623 3801 3852 6002 4571 -1 3632 5835 -1 3966 3246 3841 3988 3605 5476 4298 3292 3020 3978 4513 4365 2654 4120 4790 4306 6603 4534 5024 3486 3679 4393 3246 -1 -1 1513 4523 2904 1808 4006 4108 4304 2212 4637 4581 4588 3646 2735 -1 3033 -1 4377
2702 3259 1865 804 2544 3233 3701 2975 2262 -1 2130 2317 1607 2475 2170 3195 3884 2307 1821 3073 1985 1179 2459 1878 0 1499 3545 2190 1899 4240 1745 1426 1928 1076 -1 1641 1854 2444 2791 2874 2524 2271 2108 2483 2446 3132 25 2848 1141 2376 2414 1823 4035 2081 -1 2385 2676 -1 1494 1794 1922 2170 2358 3345 1650 2545 530 2731 279 2120 1407 2733 3280 1694 5356 2716 2225 1181 1236 2845 1999 -1 -1 1971 2218 414 1203 1701 2436 2961 965 1810 2029 2116 847 2118 -1 1442 -1 3130
5588 4831 4133 3562 5302 4242 5401 5346 4027 -1 4144 4804 4529 3584 4610 5475 5649 3416 3586 5239 2352 1890 5448 3844 4544 0 4787 4778 4478 7194 3611 5844 4419 2509 -1 4286 4525 5615 5967 5416 4618 3868 3146 4248 3372 4958 4569 1349 3632 4816 4179 4277 5100 4757 -1 4457 6301 -1 4493 4267 4567 5131 2725 5211 6146 4309 3206 4164 4499 3950 4502 4498 3910 3560 5723 4844 4144 3581 3774 4464 4734 -1 -1 2682 4398 3090 3879 4192 3705 4827 2398 4823 4342 4407 2766 4424 -1 2153 -1 4487
5275 4493 3773 3763 4367 4443 5602 5547 4228 -1 4061 3621 4021 3785 3322 5676 4967 3617 3787 4803 2553 2091 5335 4045 3467 4191 0 3790 4343 6533 4535 4893 2543 2710 -1 4173 3760 3740 4066 5548 4819 5618 2723 4449 3573 3670 3492 4023 3833 3528 3497 3261 5301 4958 -1 4613 4693 -1 4026 3907 4454 4977 2926 4016 4843 4510 3407 4302 3746 4142 3199 4699 4111 4484 5924 5045 4345 3873 4066 4665 3791 -1 -1 2883 4910 3291 4080 4088 3906 5285 2599 4719 4543 3382 2967 4625 -1 2354 -1 2917
4595 6070 4502 4375 5031 5721 4790 6816 2771 -1 5434 5095 5308 4622 4059 3423 2969 4454 4598 5248 5138 3655 4951 4835 4228 4803 4333 0 5178 7790 5114 5371 5232 3322 -1 3789 3376 5642 5416 4160 5714 5234 3708 2992 3663 4659 4253 5600 4445 4265 2923 3528 6183 5570 -1 3308 6133 -1 3642 4572 4070 3982 4897 6148 5878 5067 4019 4977 4507 5127 4060 5510 6082 5535 6915 4528 5499 4485 4678 4755 3526 -1 -1 3778 5443 3903 4692 3721 3996 5963 3494 3116 5580 4264 4121 5619 -1 3918 -1 5049
4159 5270 3145 3151 3663 4060 5372 5322 1971 -1 4372 4398 3509 3755 3259 4359 3593 3587 1530 3548 296 2344 4000 3158 3428 3741 3442 3470 0 5138 3132 2706 4170 2260 -1 2838 2576 5188 4321 3360 4369 4283 3549 2192 1681 3859 2372 4800 3383 3170 2123 2728 4981 4508 -1 2508 5140 -1 2842 3279 3119 3182 3378 5249 4331 3932 2957 3915 2626 4362 2687 2442 4563 4039 3667 3728 4598 3423 2326 2773 2726 -1 -1 1550 4460 2841 3630 3943 2014 4337 2149 3740 4518 3062 3220 4465 -1 2607 -1 4150
2167 4540 1934 2155 2687 3084 4396 4102 2471 -1 3214 3572 3122 3201 684 3439 3093 3033 2030 2572 2396 1368 2703 2267 3137 2583 3471 2259 3250 0 2156 2936 3012 1102 -1 2412 2842 4208 2041 3860 182 2765 2739 2692 705 3194 3162 2672 2225 890 2623 153 2366 3350 -1 2774 2758 -1 3108 1716 2693 3419 2752 4149 3840 2956 1058 2757 3044 3204 2784 2942 3937 4310 3613 3437 3622 2265 2458 1797 2377 -1 -1 2160 3060 1683 2472 1424 1038 3372 991 2055 2619 3184 2244 3399 -1 1631 -1 3866
3617 3704 2680 1565 1965 3796 2530 3584 3217 -1 2378 3603 3478 3027 2006 3234 4839 3035 2776 3323 2756 2294 3026 2693 2303 1747 3897 2747 2660 5379 0 3601 2176 1768 -1 1864 1451 3769 3363 3855 2772 2880 2356 2687 3201 3420 2328 3096 1389 2212 3369 1603 4258 2514 -1 1383 3402 -1 1717 2814 2145 2057 2972 3954 3953 800 963 3237 888 2368 2135 3688 3889 2303 4558 2603 3574 1429 1622 1962 2491 -1 -1 3086 2466 847 1636 1949 3082 1216 2802 2419 1688 2339 2196 2563 -1 2557 -1 3697
3164 3711 439 2318 2823 3372 4508 3191 976 -1 2517 2077 3239 2687 1710 2810 2598 2519 535 2899 901 854 2602 452 1879 2641 2980 764 2160 3791 2342 0 3175 1265 -1 1440 1027 4323 2551 2365 3374 2704 2000 1197 1724 2804 1904 3241 2388 1916 1128 1179 3329 3513 -1 959 3162 -1 1293 573 1721 1633 2238 3150 3529 2718 1796 2758 2158 1692 1711 1447 3423 3393 4272 2179 3108 2050 1331 2816 1731 -1 -1 1438 1917 1846 2260 2450 1435 1631 1154 2745 2243 1915 1730 3187 -1 1117 -1 2051
3551 4489 1230 2587 2602 3140 4698 4302 1767 -1 3062 2622 3405 3242 1926 3528 3389 3074 1326 3689 2010 1515 2792 1563 2468 2548 3592 1875 3271 4582 3133 3224 0 1534 -1 1630 1217 3696 3283 3156 2699 3075 180 1988 2835 2274 2493 3024 2657 2132 1919 1537 4024 3782 -1 2070 2150 -1 1483 1364 1911 2744 2383 2620 3793 3094 2231 3189 2747 1599 2583 2238 3568 3941 5108 2925 3340 1957 2122 2718 2522 -1 -1 2229 2708 2115 2904 1545 2226 2742 1945 2176 2933 2105 1962 3831 -1 1778 -1 1521
3882 3438 2700 1053 2793 3760 4333 5176 3237 -1 2112 3337 3212 3321 2101 3363 4859 3153 2796 3752 2444 2028 3030 3033 2432 1481 3631 3025 2148 5359 3336 3335 1910 0 -1 1868 3127 3503 3458 4426 2506 3079 2090 3258 1885 2449 2457 2830 1123 2307 3389 1990 4345 2248 -1 3437 4060 -1 2295 2834 2149 3550 2863 4530 4034 2854 697 1655 2711 2102 2390 3708 4048 3895 5614 2732 4152 1163 1356 2827 2225 -1 -1 2820 2200 581 1370 1683 2218 4212 2536 2314 2258 2917 2774 2297 -1 2291 -1 3431
-1 -1 -1 -1 -1 -1 -1 -1 -1 -1 -1 -1 -1 -1 -1 -1 -1 -1 -1 -1 -1 -1 -1 -1 -1 -1 -1 -1 -1 -1 -1 -1 -1 -1 -1 -1 -1 -1 -1 -1 -1 -1 -1 -1 -1 -1 -1 -1 -1 -1 -1 -1 -1 -1 -1 -1 -1 -1 -1 -1 -1 -1 -1 -1 -1 -1 -1 -1 -1 -1 -1 -1 -1 -1 -1 -1 -1 -1 -1 -1 -1 -1 -1 -1 -1 -1 -1 -1 -1 -1 -1 -1 -1 -1 -1 -1 -1 -1 -1 -1
3544 5038 3507 2653 3319 3351 3068 5389 3316 -1 2341 3373 3903 2801 3113 1898 4938 2633 2875 2839 3416 1933 1162 3061 3918 3081 2611 4152 3456 5598 2788 4935 3510 1600 -1 0 3580 4591 3921 4705 3222 1445 1986 3537 1337 3461 2756 3900 2723 2770 3468 3590 4278 3848 -1 3567 4574 -1 3816 2380 281 4241 3053 4426 2978 3418 2297 3255 3010 3405 2526 3787 4238 4425 5191 4218 4187 2763 2956 3033 3772 -1 -1 2056 3721 2181 2970 1999 1305 4004 1772 2630 3357 4438 2809 3897 -1 2196 -1 3327
3478 3755 3017 1370 3110 2345 3481 4831 3512 -1 2429 3251 3529 2916 2418 2311 4265 2748 3071 3252 1837 1375 1575 2744 2619 1798 3024 1296 2465 5676 3201 3652 2227 317 -1 413 0 3820 3775 4135 2823 1858 973 3575 1750 2766 2644 3147 1440 2624 3664 2292 2807 2565 -1 2995 3397 -1 266 2728 694 2373 2057 3413 3265 2412 1014 1972 2654 2392 2707 3983 3242 3615 4291 2919 2123 1480 1673 2778 2542 -1 -1 2167 2517 898 1687 2000 1718 2982 1883 2631 2575 888 745 2614 -1 1638 -1 2314
5283 4839 4101 4558 4742 4176 5734 6577 4638 -1 3513 4738 4613 4640 4052 4764 6260 4472 4197 2003 3891 3429 4431 4434 3833 2882 4731 4426 4935 6760 5347 4736 3311 4048 -1 3269 4527 0 5409 5827 3907 4480 3491 4659 4606 4759 3858 4231 2524 4258 4790 3391 3533 3649 -1 4459 5461 -1 3696 4235 3550 4951 4264 5480 5435 4243 2098 4372 4112 3503 3791 5109 5449 5296 6981 4133 5553 2564 2757 4228 3544 -1 -1 4221 3601 1982 2771 3084 4217 5613 3937 3715 3659 4318 4175 3698 -1 3692 -1 4832
4565 4521 4342 4111 5563 4791 5950 5895 4576 -1 4693 4863 5078 4133 4451 6020 6198 3965 4135 5788 2901 2439 5284 4393 5093 4008 5336 4987 5027 7694 4883 6393 4968 3058 -1 4122 5074 6164 0 5965 5167 4660 5148 4797 3921 4799 5118 5357 4181 4657 4728 4512 5926 5306 -1 5006 6612 -1 5340 4476 4403 5680 3274 5145 6695 4858 3755 4713 5372 5160 5051 5047 3600 4832 6272 5384 4693 3417 3610 5013 4058 -1 -1 3231 3781 3639 4428 4741 4254 5854 2947 5372 4891 4956 3315 4973 -1 2702 -1 4046
3145 3702 2308 1247 2987 3676 3597 3418 2705 -1 1376 2601 2050 2704 2613 2627 4327 2554 2264 3516 2095 1494 2294 2321 443 745 2895 1946 2342 4623 2188 1869 2371 1519 -1 1132 2297 2767 3234 0 1770 2343 2515 2522 2469 3379 468 2094 387 2819 2857 2266 3457 2524 -1 2828 3119 -1 1559 2237 1413 2613 2365 3788 2093 2988 973 2235 722 1366 1654 3176 3550 2137 5087 1996 2668 427 620 2091 2246 -1 -1 2286 1464 857 1646 2144 2437 3404 1408 2253 2004 1538 1290 2561 -1 1757 -1 3240
4802 4358 3620 1973 3713 4680 5253 5930 4157 -1 3032 3860 2940 3981 3021 3886 4387 3813 3716 4672 3364 2753 3392 3953 2955 2401 3389 3945 3068 6279 4256 4255 2830 920 -1 2230 2936 4026 4378 4964 0 3675 3010 4178 2805 3369 2980 3750 2043 3227 2917 2910 5265 3168 -1 2868 4980 -1 3202 3754 2511 3542 3624 5450 4557 3774 1617 2575 3234 3022 2913 4628 4809 4649 6346 3255 4728 2083 2276 3747 3145 -1 -1 3545 3120 1501 2290 2603 3138 5132 809 3234 3178 3824 3350 3217 -1 3016 -1 4351
5465 5625 4221 3505 4349 4480 5616 4332 4758 -1 4359 3919 4871 3940 3983 4195 4112 3772 4317 5187 3146 2684 3710 1818 3264 3933 4031 3431 4600 4153 4390 4491 4362 2452 -1 2548 2135 5401 5340 6138 4335 0 3108 4979 3885 4901 3289 5282 3575 4189 2642 3451 2833 4700 -1 3759 3524 -1 2401 935 2829 3018 3519 5548 4914 4103 2158 4107 3543 4527 4472 5229 4704 4958 6426 3564 4258 3615 3808 4913 2844 -1 -1 3331 2279 3033 3626 4135 3853 4298 3192 4259 3719 3023 2880 4553 -1 2947 -1 4449
4401 4309 3611 3040 3910 2960 4530 4824 3505 -1 3622 4282 4007 3062 1746 4380 5127 2894 3064 3509 1830 1368 3644 3322 3522 2368 3855 4156 3956 5970 3812 3998 3897 1987 -1 2482 3565 5093 3103 4894 4096 3927 0 3726 2850 2094 3547 3717 3110 1952 3657 3717 4626 3776 -1 3497 3907 -1 3126 3745 2763 3401 2203 2440 3613 2914 2684 3585 3002 1419 3979 3976 3388 3761 5201 3744 3622 1777 1970 3942 2405 -1 -1 2160 4187 2568 3357 3670 3183 3330 1876 2677 3802 3748 2244 3897 -1 1631 -1 1341
3664 4775 2130 2415 3637 4426 4765 4586 1476 -1 2544 3768 3218 3327 2764 3458 3098 3159 2226 3953 2592 2545 2722 2143 1611 1913 4044 2455 3510 5482 3356 3037 3539 2398 -1 2300 2081 3935 2635 1168 2938 2784 3054 0 2676 3364 1636 3262 1555 1484 1628 2233 4625 3692 -1 2013 4287 -1 2347 2264 1620 2687 3533 4841 3261 3772 2141 3403 1890 2534 2765 3138 4718 3305 5620 3164 3836 1595 1788 3259 2231 -1 -1 3129 2632 2025 2814 3312 3126 3322 2576 3245 3172 2706 2458 3729 -1 2808 -1 3742
4500 4153 2906 2335 1982 4524 3981 4119 2349 -1 3394 3577 3302 2496 3383 4248 3971 2328 1908 4012 3688 663 3977 3166 3317 2763 3560 3551 3430 6258 1451 4579 3192 1282 -1 3150 2902 4388 2640 3738 3391 4039 3372 2570 0 3731 2826 4112 2405 1489 2501 2880 4244 3530 -1 2834 4397 -1 3168 3040 3431 3508 2047 5256 3371 2251 1979 2937 2339 3384 3275 2820 3232 3605 3854 3617 2917 2445 2638 3237 3104 -1 -1 1455 3482 1863 2652 2965 2478 2667 1171 3596 3139 3180 1539 3197 -1 926 -1 4713
3984 6272 5025 4454 4635 5134 4460 6238 5562 -1 4329 3889 5097 4615 5392 6072 6868 4447 5121 6131 5666 2782 6194 3794 3735 4882 5679 5670 5370 7177 5480 5161 5311 3401 -1 5269 5417 6179 4910 5673 5510 6006 5491 4505 4264 0 3760 4291 4524 3759 5398 4861 6442 5649 -1 5349 5548 -1 5229 3959 5167 5905 4166 7080 5385 5201 4098 4570 4014 5503 4275 5731 5351 5429 6375 5736 5036 4564 4757 5356 4867 -1 -1 3574 5303 3982 4771 5084 4597 5690 3290 5545 5659 5299 3658 5316 -1 3045 -1 6832
4727 3234 2046 779 2519 4619 3676 2950 2583 -1 2732 2292 3249 3495 3317 3170 4205 3327 2142 3048 2170 2267 2434 2059 2469 1518 3668 2371 1874 4215 1720 3895 3896 2365 -1 1723 2634 3540 2766 2849 2543 2246 3288 2804 3060 3746 0 2867 1160 3523 2735 2786 4165 4234 -1 2566 2768 -1 2900 1769 2004 3240 3138 3320 4071 2520 2220 2826 254 2139 2427 3054 3255 1669 5541 2769 4242 1200 1211 3682 3019 -1 -1 2538 3113 2567 3356 2962 3028 2936 2254 1785 2777 3522 2864 2093 -1 2530 -1 3658
4858 4718 3082 3827 4227 5790 4218 5846 3619 -1 4640 4763 4731 4977 4268 4835 5241 4809 3178 5585 3864 3438 4099 3415 3951 2823 4945 3727 4922 6434 2262 5377 4438 3908 -1 2937 3713 5022 4696 5008 4025 3928 4320 3840 4274 5507 3976 0 3651 4474 3771 3865 5194 4776 -1 3645 5664 -1 3144 3216 3218 4319 4273 3862 5553 3062 3225 4040 3150 2601 3909 4090 3797 2211 6820 4102 5001 2232 2425 3676 4324 -1 -1 4081 3049 3109 3898 3504 4078 3478 3797 4135 3950 3766 3623 4020 -1 3701 -1 5014
4011 4084 3149 2034 2960 3459 3210 4053 3383 -1 2654 2214 2089 2335 2644 2240 3964 2167 2942 3584 1708 1107 1907 2595 1309 358 2508 3474 2411 5530 2823 2735 3237 1726 -1 745 2664 2380 4001 3318 1383 2190 2128 3604 2082 2992 1334 1707 0 2850 2494 2816 4949 3390 -1 2596 3985 -1 2803 2992 1026 3270 1978 3952 2911 3526 1839 1848 1588 979 1267 3854 3163 2772 4700 1609 3082 40 233 3175 1859 -1 -1 1899 3527 1723 2512 2141 2050 4039 1615 2772 1617 3425 1704 3071 -1 1370 -1 2853
5194 3811 2469 4348 2153 5402 6235 5221 3006 -1 4547 4107 4564 4717 3740 4715 3764 4549 2565 4929 2931 2884 4632 2482 3784 3656 5010 2794 4037 5821 4372 5155 4353 3295 -1 3470 3057 4855 1151 4395 3858 4734 4030 3227 3754 4834 3809 5005 4418 0 3158 3209 5104 5543 -1 2989 5110 -1 3323 2603 3751 3663 4268 5180 4398 3521 3826 4788 3787 2707 3741 2253 4751 5202 6302 4084 5138 3065 3258 4328 3761 -1 -1 3468 3947 3876 4290 4480 3465 3661 3184 3911 4092 3945 3760 2670 -1 3147 -1 4081
3096 3147 1579 2840 3021 3520 5228 4624 2116 -1 2715 2275 2675 2921 3170 4270 1470 2753 1675 2545 2361 1168 3785 1912 2121 3268 2416 2224 2997 4931 3482 3547 3697 1787 -1 2900 2487 4143 4011 3505 3896 3936 3460 2337 2650 3578 2146 2677 2910 3376 0 1915 3955 4035 -1 2419 4302 -1 2753 1713 3181 3093 2552 4610 3497 3587 2484 2956 2400 3152 1853 2587 3737 3815 4761 3639 3422 2950 2471 3742 2445 -1 -1 1960 3057 2368 3157 3186 2575 3091 1676 1617 3876 2036 2044 3702 -1 1431 -1 3511
2014 6069 3270 5149 4972 5485 6797 6342 3807 -1 5637 5197 5597 5602 4712 4520 3863 5434 3366 4973 4052 3769 4898 3603 5030 4897 3318 3762 5311 6622 4557 5594 5861 4096 -1 3819 4176 5308 3462 5196 6205 4960 5140 4028 3106 5060 5055 5599 5079 4595 2922 0 5273 5551 -1 4110 5993 -1 3672 3404 4100 4784 5153 5406 3687 5032 4468 5751 5120 3948 4775 4278 6338 6429 6960 5330 5529 4306 4162 4198 4562 -1 -1 4269 4748 4352 5141 1271 3439 3887 3985 1902 4066 3354 4151 5672 -1 4032 -1 4307
2793 3548 3076 2075 1516 3185 4065 4106 2811 -1 2808 3181 3306 1107 1677 2630 3921 939 3172 3616 2831 833 2325 1367 1699 2503 1198 1226 3170 5876 3200 3125 2932 1022 -1 1407 994 3188 3034 4200 2271 2852 1967 3032 1749 2867 1724 3665 2145 1883 2963 1146 0 3270 -1 926 1959 -1 1260 2658 1688 1453 2217 4407 3195 2496 1296 2677 1978 3124 3105 2846 2627 3360 4606 1999 3087 2185 2026 2841 11 -1 -1 1625 2845 1603 2392 2417 2082 2733 1341 3048 2857 818 1709 3319 -1 1096 -1 3308
3789 1262 2308 2381 2958 3599 3743 4556 2845 -1 3217 2777 2378 2933 2178 2551 3239 2765 2404 2514 1709 1100 2108 2321 1620 3119 2918 2633 1488 5660 2789 3046 1699 1719 -1 946 1623 1938 3077 4234 3177 2391 1879 3066 2283 2826 1645 3179 2761 1926 1769 1775 3631 0 -1 1555 3447 -1 1889 2442 1227 1374 2082 3172 2421 972 2150 3137 1899 2546 2307 2092 2948 3314 4291 1920 3354 2801 1522 1779 2342 -1 -1 1892 3786 2034 2823 2945 2251 3500 1608 3386 2800 2511 1976 121 -1 1363 -1 2073
-1 -1 -1 -1 -1 -1 -1 -1 -1 -1 -1 -1 -1 -1 -1 -1 -1 -1 -1 -1 -1 -1 -1 -1 -1 -1 -1 -1 -1 -1 -1 -1 -1 -1 -1 -1 -1 -1 -1 -1 -1 -1 -1 -1 -1 -1 -1 -1 -1 -1 -1 -1 -1 -1 -1 -1 -1 -1 -1 -1 -1 -1 -1 -1 -1 -1 -1 -1 -1 -1 -1 -1 -1 -1 -1 -1 -1 -1 -1 -1 -1 -1 -1 -1 -1 -1 -1 -1 -1 -1 -1 -1 -1 -1 -1 -1 -1 -1 -1 -1
2234 3695 2785 1438 3110 2413 3549 3895 3182 -1 2497 3237 2527 2448 751 1851 4083 2280 2741 3320 1905 1443 1643 2708 920 1866 3092 1364 2533 5160 2485 2346 2295 385 -1 481 68 3364 2108 3794 2477 1926 1041 3403 1818 2834 945 2739 1508 957 3142 220 2875 2633 -1 0 2825 -1 334 2714 762 674 1589 3481 2570 1759 1082 2040 1199 2460 2327 3210 2774 2434 3680 1220 2191 1548 1741 2846 1642 -1 -1 2235 2585 966 1755 1491 1786 3050 1885 2122 2643 956 813 2682 -1 1706 -1 2382
4848 3693 3015 1900 3497 3407 4645 3919 3552 -1 3102 2751 4151 3654 2193 3629 5174 3486 3111 3956 2422 1960 2893 3028 3422 1960 4229 3340 2834 5446 2689 4325 4489 2579 -1 2844 2695 4493 3225 3308 3496 1765 3668 3499 3198 2541 3447 3309 2113 2399 3704 3441 3031 3493 -1 3535 0 -1 2961 2228 2142 3805 2795 2887 4709 3403 3276 3432 3577 3092 3380 4023 3980 2638 5793 3722 4214 2153 2332 3817 2852 -1 -1 2752 886 3160 3949 3931 3775 774 2468 4562 3730 3583 2836 2552 -1 2223 -1 1788
-1 -1 -1 -1 -1 -1 -1 -1 -1 -1 -1 -1 -1 -1 -1 -1 -1 -1 -1 -1 -1 -1 -1 -1 -1 -1 -1 -1 -1 -1 -1 -1 -1 -1 -1 -1 -1 -1 -1 -1 -1 -1 -1 -1 -1 -1 -1 -1 -1 -1 -1 -1 -1 -1 -1 -1 -1 -1 -1 -1 -1 -1 -1 -1 -1 -1 -1 -1 -1 -1 -1 -1 -1 -1 -1 -1 -1 -1 -1 -1 -1 -1 -1 -1 -1 -1 -1 -1 -1 -1 -1 -1 -1 -1 -1 -1 -1 -1 -1 -1
3212 3897 3654 2800 3466 2942 3215 4986 3463 -1 2488 2985 3979 2650 2557 2045 3999 2482 3022 2986 3198 2080 1309 2910 3740 1845 2758 1030 3068 5680 2935 4748 3323 1747 -1 147 2951 4259 3786 3869 3369 1592 2133 3571 1484 3608 2653 3194 2536 2763 3615 2026 2541 3476 -1 2883 3131 -1 0 2462 428 3557 1791 4573 2999 2300 1925 3402 2388 3515 2673 3934 2976 3349 4025 4040 1857 2516 2709 2645 2552 -1 -1 2203 3091 1809 2598 2146 1452 2716 1919 2777 3188 622 479 3113 -1 2343 -1 3474
4530 4690 3286 3133 3730 4101 5260 3397 3823 -1 3424 2984 3936 3443 3048 3260 3177 3275 3382 4252 2211 1749 3925 883 2329 3828 4123 3931 4228 3218 3455 3556 4257 2368 -1 3221 3819 4773 4405 5203 3400 2223 4437 4044 3231 4799 2354 4384 3470 3254 1707 2516 3489 4410 -1 3751 2589 -1 3074 0 2823 2083 2584 5272 3979 3168 1223 3665 2608 4449 3537 4294 3769 4023 5582 2629 4003 3510 3565 3983 3051 -1 -1 2396 1344 2743 2691 3787 3564 3363 2257 3324 2784 3696 2625 3618 -1 2012 -1 4173
3484 4869 3847 3391 3038 5260 5037 5175 3035 -1 2281 4633 4358 3313 4258 1838 4657 3145 2594 4748 4310 1719 1102 2982 4373 3644 4616 4492 4204 5317 2507 5498 4073 2338 -1 3712 3299 4531 3640 4424 4447 1164 4253 3256 1056 4409 3882 4501 3286 2489 3187 3727 3997 4411 -1 3507 4688 -1 3565 2099 0 4181 2993 6179 2918 3307 2498 3993 3395 4265 2245 3506 4178 4528 4910 4673 3973 3326 3390 3973 3790 -1 -1 2511 3443 2744 3533 3846 3214 3723 2227 4477 3297 4187 2595 3728 -1 1982 -1 5594
2948 3021 2111 1050 2473 3479 3409 3221 2508 -1 2152 2563 1853 1774 2291 1177 4130 1606 2067 3319 2231 1425 2300 2034 246 1745 2929 2021 2145 4486 1991 1672 2174 1322 -1 1138 1736 2690 3037 3120 1803 2517 2354 2729 2475 3378 271 3036 1387 2497 2660 1888 3532 2327 -1 1668 2922 -1 991 2040 1419 0 915 3591 1896 1085 776 2977 525 2366 1653 2979 2100 1940 4843 546 2471 1427 1482 3091 968 -1 -1 2217 2464 660 1449 1947 2443 3207 1211 2056 2037 1613 1093 2364 -1 1688 -1 3376
2863 2106 1935 2644 2900 4588 2676 3858 2472 -1 1419 2448 2188 859 2972 3652 3673 691 2031 4106 2397 972 3452 1119 3189 2836 3869 2260 2510 5287 1609 3792 2739 1591 -1 2290 2340 4260 4043 3861 2023 3735 2919 2693 2454 3804 3214 3508 2714 3178 2624 2341 3451 3839 -1 2272 3576 -1 2606 2069 2571 2946 0 3209 4133 2409 1048 3129 2497 3188 3024 2598 1185 1558 5768 3492 3226 2245 1778 3546 3157 -1 -1 1764 3062 2172 2927 2851 2787 2825 1480 3482 1617 3228 1848 3506 -1 1235 -1 3547
5399 5355 4145 3574 3679 5625 5962 4973 4682 -1 3373 2933 4541 3735 2586 4836 4753 3567 4241 5251 3312 1902 5216 2459 3905 4002 4799 4774 3016 4794 4276 4838 4431 2521 -1 4389 4537 5627 834 3490 4630 3799 4611 4903 3384 4804 3930 2014 3644 2728 3283 4092 5065 4769 -1 4469 4165 -1 4650 1576 4399 3659 3286 0 5023 4744 2799 3614 4184 4615 4514 4775 4434 4225 5093 4205 4156 3684 3877 4476 4627 -1 -1 2694 2920 3102 3891 4204 3717 4939 2410 4835 4360 4419 2778 4436 -1 2165 -1 4880
2800 3911 2343 1954 2872 3117 4547 4506 612 -1 3013 2896 2921 2463 1900 3000 2234 2295 171 2605 1512 1050 2641 2676 2069 2382 3180 2513 3049 5695 3494 3212 2811 901 -1 1479 1217 4007 3257 2001 3010 2924 2190 833 2532 2500 2094 3441 2024 2106 764 1369 4024 3149 -1 1149 3974 -1 1483 2477 1760 1823 1885 4630 0 2908 1598 2556 2348 3003 1901 1083 3070 3443 4756 2369 3304 2064 967 3624 1367 -1 -1 1074 3101 1482 2271 2584 1071 3855 790 2381 379 2105 1926 3198 -1 1313 -1 3531
2817 3689 3117 2021 1986 2996 4132 4478 3654 -1 3080 3820 3110 2403 1206 2434 4666 2235 3213 2523 2488 2026 2226 2663 1503 2449 3675 1947 3116 5270 3068 2929 1887 968 -1 1064 651 3947 2563 4377 3060 2439 1624 3875 2401 3417 1528 3322 2091 1412 3725 803 3458 3216 -1 583 3408 -1 917 3248 1345 1257 2172 4064 3153 0 1665 2623 1782 3043 1335 3665 3357 3017 3758 1803 2774 2131 2324 3429 2225 -1 -1 2818 3168 1549 2338 2074 2369 3633 2468 2705 3226 1539 1396 3265 -1 2289 -1 2965
3307 5173 3705 2670 2644 4584 5415 4689 3170 -1 3929 5146 4871 3926 2971 3486 4792 3758 3801 5581 2694 2232 2750 3718 4275 3409 4611 4030 3765 6965 3459 3266 4761 2851 -1 2748 3309 5346 4328 4559 4349 2812 3702 3391 2704 3576 4300 4758 3051 3177 3322 1293 4842 5099 -1 3707 5045 -1 3047 3747 1648 4381 3067 5059 4566 4190 0 4506 4278 4030 3789 4202 4252 3408 5900 4575 4363 3091 3102 2760 3925 -1 -1 3024 5051 3432 4221 2564 4047 4606 2740 3195 1561 3669 3108 4766 -1 2495 -1 5043
4048 5508 3378 2263 3385 3880 5008 4282 3398 -1 3929 4858 3539 3785 3642 3486 5020 3617 3409 3368 3435 2164 2750 3391 3533 3002 3353 3703 3358 6730 2952 4007 4261 2783 -1 3207 3966 5024 4141 3090 4027 3553 3535 1922 1501 3990 3558 4351 2644 2990 3550 2034 5583 4414 -1 3898 5278 -1 3788 3512 2389 4572 3548 4652 4361 3752 741 0 3812 3623 2717 4321 4587 3001 5355 4253 4418 2684 2695 2593 3309 -1 -1 2956 4551 2747 3536 3305 1834 4168 2672 3936 2302 4410 3040 4463 -1 2427 -1 4876
4517 3922 1792 677 2417 4517 3422 2696 2329 -1 3712 3272 3147 3393 3063 3298 3951 3225 1888 4252 2068 2165 2783 1805 2367 1416 3566 2117 1772 4491 1466 3793 3642 2111 -1 1621 2380 3438 3900 3224 2441 1992 3186 2550 2958 3492 2392 2765 1058 3269 2481 2532 4509 3980 -1 2312 2514 -1 2646 1926 1902 2986 3036 3066 3969 2266 2429 2724 0 2037 2325 2800 3001 1415 5439 2667 4140 1098 1109 3428 2917 -1 -1 2284 3270 2313 3102 2708 2788 2682 2000 1531 2675 3268 2762 3947 -1 2428 -1 3404
4607 4505 3300 2907 3228 3916 3528 5020 3701 -1 3404 3833 3710 2819 3576 2961 4282 2651 3260 3902 2026 1564 2225 3079 2103 949 2436 3625 2551 4551 3848 2861 3970 2060 -1 1063 3888 4547 4894 4977 3660 2508 2446 3922 2400 3552 2128 2298 3183 3782 2812 3637 5341 4184 -1 3820 3602 -1 3597 3310 1344 4273 2399 4270 3753 3955 2633 2166 2382 0 2995 4172 3584 3797 5397 2325 3818 358 551 3493 1723 -1 -1 2356 4181 2517 3306 2459 2368 4371 2072 3090 3894 4081 2440 3389 -1 1827 -1 3171
3072 4671 3418 2853 3901 4894 4026 4067 2772 -1 2769 4095 3820 1068 3232 4332 3882 900 3514 4315 3139 1181 3661 1328 3401 3045 4078 3845 3948 6770 4114 4001 2948 1800 -1 2499 2549 4469 4589 4161 2232 3944 3128 2993 2663 2164 3426 4394 2923 3438 2924 2550 4516 4048 -1 2481 3785 -1 2815 3552 2780 3155 2565 4441 5051 4240 1257 3455 3680 3902 0 2807 3750 4123 6143 3701 3435 2454 1987 3631 3527 -1 -1 1973 3271 2381 3136 3483 2996 4559 1689 4029 2818 3437 2057 3715 -1 1444 -1 4284
4819 5899 3330 4430 4702 5240 6284 6325 3867 -1 4568 4128 5397 3326 3336 5628 5489 3158 3426 3605 3959 3021 4892 3586 3974 4648 5168 3975 5371 6682 5233 5324 2100 3377 -1 3730 3317 5146 4693 5256 4490 4267 2280 4088 4503 4374 3999 4530 4500 3542 4019 2805 5533 5625 -1 4170 4250 -1 3583 3464 4011 4844 4332 4720 5624 5194 3515 4809 4253 3699 2258 0 5517 5668 4785 5025 5275 4057 4222 4818 4622 -1 -1 3550 3388 3958 4747 3645 4326 4842 3266 4276 5033 4205 3897 5292 -1 3021 -1 3621
2253 921 3294 2723 2009 3403 2729 4507 3831 -1 1703 1263 3495 2741 2786 3921 5137 2716 3390 4220 3783 1051 3185 3111 2004 3151 3948 3104 3639 5446 2246 3430 3580 1670 -1 3538 3686 4448 3179 4878 3714 4275 3760 3866 2533 3134 2029 2560 2793 2028 3667 2905 4950 3764 -1 3618 4322 -1 3498 2228 3260 3816 2435 3846 3654 3046 1612 1944 2283 3559 3411 3105 0 2195 4644 3940 3256 2833 3026 3625 3441 -1 -1 1843 3572 2097 2886 3353 2686 3462 1559 3814 3173 3568 1927 3585 -1 1314 -1 4242
3668 2507 2731 1616 2016 3847 2007 3635 3268 -1 2429 2849 3529 3078 2057 3285 3821 3086 2827 3374 2807 2345 3077 2744 2354 1798 3340 2798 2711 5430 51 3652 2227 1819 -1 1915 1502 3820 2485 3906 2823 2931 2407 2738 3252 3471 2379 2839 1440 2263 2944 1654 3094 2565 -1 1434 3453 -1 1768 2444 2196 2108 3023 1651 3709 851 1014 3288 939 2419 2186 3739 1586 0 4609 2654 3625 1480 1673 2013 2542 -1 -1 3137 2517 898 1687 1293 3133 1267 2853 1924 1739 2390 2247 2614 -1 2608 -1 3748
3951 3169 2108 2141 2541 3542 3106 4160 2645 -1 2737 2297 2472 2718 2413 3810 4267 2550 2204 3479 2228 1190 3602 2121 2143 2323 2438 2433 2794 5188 576 1669 2752 1319 -1 2440 2027 4345 3770 4034 3348 3456 2932 2866 2672 3375 2168 2699 1965 2619 2797 1937 3977 3090 -1 1959 3978 -1 2293 2242 2721 2633 2574 4472 3294 1376 1539 2974 1464 2944 1650 3116 3759 2879 0 3179 3444 2005 2198 2538 2242 -1 -1 1982 3042 1423 2212 2525 3005 1792 1208 2995 2264 2058 2066 3139 -1 1453 -1 3373
3232 2475 2304 2579 3269 4957 3045 4227 2841 -1 1788 2817 2557 1228 3341 3802 4042 1060 2400 4475 2766 1341 3066 1488 3558 3205 4238 2629 2879 5656 1978 4161 3108 1960 -1 2659 2709 4629 4412 3406 2392 3894 3288 2238 2250 4173 3583 3877 2960 3547 2993 2710 3820 4208 -1 2641 3945 -1 2975 2438 2940 3315 369 3578 4502 2778 1417 3498 2866 3557 3393 2967 1554 1927 6104 0 3595 2614 2147 3915 3526 -1 -1 2133 3431 2541 3296 3220 3156 3194 1849 3851 1986 3597 2217 3875 -1 1604 -1 3916
2527 3981 2842 1575 3315 2257 3827 3746 3379 -1 2840 3088 3920 3751 1996 3966 5001 3583 2938 1745 2966 2098 3230 2855 3052 2209 2120 2148 2670 5011 2516 4063 2638 1944 -1 2519 2200 3574 3353 3645 3234 3042 2818 2886 2671 2344 796 3558 1851 2202 3531 2352 3659 2791 -1 2132 2236 -1 2466 2565 2800 2806 3482 4116 4117 2324 1240 3599 1050 2830 2884 3850 3549 2465 5289 3352 0 1891 2007 3555 2655 -1 -1 2890 2928 1124 1913 2411 211 3010 2606 2581 2801 1740 2945 2840 -1 2361 -1 4024
4249 4147 3449 2549 3972 3558 3170 4662 3343 -1 3046 3475 3352 2900 3218 2603 3924 2732 2902 3544 1668 1206 1867 3160 1745 591 2713 3935 3558 5985 3490 3171 3612 1702 -1 705 3599 4189 4536 4619 3302 2150 2088 3564 2042 3566 1770 1940 2825 3424 2454 3279 4983 3826 -1 3558 4421 -1 3239 2952 986 3915 2041 3912 3395 3597 2275 1808 2024 3507 2637 3814 3226 3439 5039 1967 3460 0 193 3135 2467 -1 -1 1998 3823 2159 2948 2101 2010 4013 1714 2732 3536 3723 2082 3031 -1 1469 -1 2813
4056 3979 3417 2356 3779 3863 3580 4527 3814 -1 2853 3869 3159 3080 3625 2410 3731 2912 3373 3351 3537 2445 1674 3340 1552 3051 3123 3742 3451 5792 3297 2978 3480 2112 -1 512 3406 3996 4343 4426 3109 1957 2498 3537 1849 3973 1577 4342 2693 3282 2261 3375 4790 3633 -1 3937 4228 -1 3046 2892 793 3722 2221 4897 3202 3404 2082 1615 1831 3672 2959 4285 3406 3246 5703 1852 3777 2733 0 3545 2274 -1 -1 2568 3770 1966 2755 2511 1817 3820 2284 3142 3343 3668 2399 2838 -1 2708 -1 3839
4427 4441 3009 2438 4178 3902 5472 5351 3546 -1 3497 4325 3405 4004 2688 4351 4852 3836 3105 3645 2772 2197 4141 3342 3420 2711 2891 3654 3533 6361 4005 4720 3295 1385 -1 2979 3401 4491 4045 4935 3494 4424 942 3767 3270 3036 2401 4060 2508 2894 3382 3375 5202 3633 -1 3333 4849 -1 2832 3143 3260 4007 3145 3382 4555 3856 2082 3040 2655 2361 3378 4017 4330 4070 3429 3720 4451 2548 2741 0 3347 -1 -1 1558 3585 1966 2755 3068 2111 4272 1274 3619 3643 3283 3073 3300 -1 1029 -1 2283
3100 4312 3065 2494 1505 3174 4054 4095 2800 -1 2797 3736 3461 1096 3260 4067 3910 928 3161 4171 3167 822 3689 1356 3136 2922 3719 3710 3410 5985 3755 4029 2976 1441 -1 2527 2577 4207 3972 4189 2260 3972 3156 3021 2304 3890 3161 4271 2564 2821 2952 2578 4829 3689 -1 2509 3813 -1 2843 2767 2808 3183 2206 5411 3750 3051 1285 3096 3139 3543 3094 2835 3391 3764 6158 3436 3076 2482 2015 3396 0 -1 -1 1614 3299 2022 2811 3124 2637 3467 1330 3755 2846 3339 1698 3356 -1 1085 -1 4312
-1 -1 -1 -1 -1 -1 -1 -1 -1 -1 -1 -1 -1 -1 -1 -1 -1 -1 -1 -1 -1 -1 -1 -1 -1 -1 -1 -1 -1 -1 -1 -1 -1 -1 -1 -1 -1 -1 -1 -1 -1 -1 -1 -1 -1 -1 -1 -1 -1 -1 -1 -1 -1 -1 -1 -1 -1 -1 -1 -1 -1 -1 -1 -1 -1 -1 -1 -1 -1 -1 -1 -1 -1 -1 -1 -1 -1 -1 -1 -1 -1 -1 -1 -1 -1 -1 -1 -1 -1 -1 -1 -1 -1 -1 -1 -1 -1 -1 -1 -1
-1 -1 -1 -1 -1 -1 -1 -1 -1 -1 -1 -1 -1 -1 -1 -1 -1 -1 -1 -1 -1 -1 -1 -1 -1 -1 -1 -1 -1 -1 -1 -1 -1 -1 -1 -1 -1 -1 -1 -1 -1 -1 -1 -1 -1 -1 -1 -1 -1 -1 -1 -1 -1 -1 -1 -1 -1 -1 -1 -1 -1 -1 -1 -1 -1 -1 -1 -1 -1 -1 -1 -1 -1 -1 -1 -1 -1 -1 -1 -1 -1 -1 -1 -1 -1 -1 -1 -1 -1 -1 -1 -1 -1 -1 -1 -1 -1 -1 -1 -1
7433 6150 5386 5650 5138 7240 6957 5013 5923 -1 4832 4392 5750 5870 5691 5787 7046 5828 5482 6728 4771 5044 5051 2274 5866 4915 6500 5711 4475 7087 6536 4947 6455 4597 -1 3889 5139 6937 7048 7312 5940 5334 5323 6144 5226 6263 5891 6264 4557 5897 5576 6126 6662 5937 -1 5906 6458 -1 5405 3869 4170 5952 5879 7750 6572 5566 5049 5073 6145 5536 4928 6234 7064 6580 8142 6166 7262 4597 4790 6261 5520 -1 -1 0 5213 5178 4082 5888 5194 3218 4486 6519 6174 6027 5884 5009 -1 5307 -1 6651
4569 5693 5100 3442 3661 5330 6210 5211 4956 -1 4953 4798 5451 3252 3822 4775 4991 3084 5196 5761 4025 2978 4470 2697 3844 4181 3343 3371 4270 5032 4694 5270 4249 3167 -1 3427 3014 5333 5179 6345 4416 879 3987 5177 3894 4421 3869 5530 3823 4028 3521 2555 2145 5051 -1 3071 4104 -1 3280 1814 3708 3598 4362 6427 5340 4641 3037 4822 4123 4802 5090 4991 4772 5505 6751 4144 5137 3863 3874 4986 2156 -1 -1 3770 0 3384 4173 3826 4227 4878 3486 4457 4598 2963 3759 5100 -1 3241 -1 5328
3301 2857 2119 2761 2760 3984 3937 4780 2656 -1 1716 2941 2816 2740 2429 2967 4278 2572 2215 3954 2094 1632 2634 2452 2036 1085 3235 2444 3083 4963 3550 2939 1514 2251 -1 1472 2731 3107 3786 4030 2110 2683 1694 2862 2809 2777 2061 2434 727 2635 2808 1409 3949 1667 -1 2856 3664 -1 1899 2253 1753 2969 2467 4134 3638 2273 116 2575 2315 1706 1994 3127 3652 3499 5033 2336 3756 767 960 2431 1644 -1 -1 2424 1804 0 789 1287 2420 3631 2140 1918 1677 2521 2378 1716 -1 1895 -1 3035
3672 2068 1330 3209 3470 4372 4148 4402 1867 -1 3408 2968 3992 3718 2690 3357 3489 3550 1426 3320 1792 1906 2914 1663 2426 3637 3733 1655 2294 4682 3233 3852 3371 2156 -1 1752 2135 4870 3442 3256 3983 3197 3108 2088 2935 3755 2451 3979 3279 2732 2019 2287 4437 4404 -1 2067 4053 -1 2401 1464 2033 2180 3095 4361 4076 1484 2687 3649 2705 2903 2819 2338 3754 4120 5097 2726 4160 3082 2222 2585 2622 -1 -1 2329 2808 2737 0 3558 2326 2842 2045 3636 4217 3023 2782 927 -1 2169 -1 3262
5216 6327 4759 4370 3701 5533 6302 6922 3028 -1 5429 5312 5337 4879 4316 5132 4650 4711 2587 5021 3928 3466 4396 4775 4485 4798 2047 4117 5465 8111 5806 4323 4590 3317 -1 3234 3633 4037 5673 4417 5406 4463 4606 3249 4355 4916 4510 5857 4440 4522 3180 3785 5628 5565 -1 3565 5981 -1 3087 4893 3299 4239 4301 6063 2416 5247 4014 4972 4764 5419 4317 3499 5486 5859 7112 4785 4944 4480 3383 3817 3783 -1 -1 3490 5517 3898 4687 0 3487 3478 3206 631 2795 3709 3566 5614 -1 3729 -1 4964
2316 3770 3032 3559 3673 2046 3616 5226 3344 -1 2629 3667 3709 3563 1808 3880 4966 3395 2903 1534 3007 1887 3547 3365 2949 1998 4148 3357 3996 5876 4276 3852 2427 2506 -1 2385 2764 3363 3165 3843 3023 3596 2607 2675 3369 2156 2974 3347 1640 2014 3496 2322 4862 2580 -1 2696 3969 -1 2812 3166 2666 3370 3271 5047 4551 2113 1029 3488 3228 2619 2907 3815 4456 4412 5078 3249 4141 1680 1873 3344 2467 -1 -1 2679 2717 913 1702 2200 0 4544 2395 2831 2590 3434 2763 2629 -1 2150 -1 3948
4225 3981 3990 3291 4299 4266 4549 5392 4403 -1 2328 3553 3377 3656 3983 3206 5303 3506 3962 4923 3047 2446 2470 3934 2648 1697 3847 3217 3699 5575 3875 3551 4148 2238 -1 2084 1921 3719 5008 4642 2722 2532 2894 3474 2424 4331 2673 3046 1339 3857 3833 3838 4561 2719 -1 3935 5318 -1 2187 3467 1368 4093 3317 5291 4250 3691 2545 3187 2927 2318 2606 4811 4502 4111 6039 2948 4044 1379 1572 3043 3198 -1 -1 3238 2416 2819 3608 3480 3389 0 2954 4111 2956 2809 2666 2840 -1 2709 -1 4192
3993 3549 2811 1164 2904 3871 4444 5121 3348 -1 2223 3051 2131 3172 2212 3077 3578 3004 2907 3863 2555 1944 3141 3144 2146 1592 2580 3136 2259 5470 3447 3446 2021 111 -1 1979 2127 3217 3569 4155 2220 3190 2201 3369 1996 2560 2171 2941 1234 2418 2108 2101 4456 2359 -1 2059 4171 -1 2393 2945 2260 2733 2815 4641 3748 2965 808 1766 2425 2213 2104 3819 4000 3840 5537 2446 3919 1274 1467 2938 2336 -1 -1 2736 2311 692 1481 1794 2329 4323 0 2425 2369 3015 2541 2408 -1 2207 -1 3542
6152 6828 6515 6059 5706 7072 7396 7843 5703 -1 4949 6400 6224 5981 6821 4506 7325 5813 5262 6204 5894 4387 3770 5650 5495 4544 6694 6064 6546 7985 5175 6398 6741 5006 -1 4931 4768 4201 6308 7092 5569 3832 5741 5924 3724 7077 5520 5893 4186 5157 5855 6290 6665 5566 -1 6175 7356 -1 5034 4767 2668 6849 5661 8138 5586 5975 5166 6034 5774 5165 4913 6174 6846 6958 7578 5795 6641 4226 4419 5890 6045 -1 -1 5179 5263 5412 6201 5848 5882 2847 4895 0 5803 5656 5263 5687 -1 4650 -1 7039
4369 3612 2914 2343 4083 3023 4182 4127 2808 -1 2925 3585 3310 2365 3391 4256 4430 2197 2367 4020 1133 671 4320 2625 3325 2771 3568 3559 3259 5975 3115 3004 3200 1290 -1 3158 3306 4396 4748 4197 3399 4369 3380 3029 2153 3739 3350 4120 2413 3597 2960 2992 4882 3538 -1 3238 5082 -1 3572 3048 3439 3912 1506 4715 4629 3090 1987 2945 3604 3392 2985 3279 2691 3064 4504 3625 2925 2453 2646 3245 3515 -1 -1 1463 3490 1871 2660 2973 2486 4331 1179 3604 0 3188 1547 3205 -1 934 -1 4639
3437 4301 3558 2443 2913 3310 4622 4462 2989 -1 2803 2363 3898 3026 2884 3831 3377 2858 2548 2798 2742 1594 3501 2723 3118 2485 3117 408 2446 5058 2382 4544 3565 2213 -1 2599 2329 4189 3571 3916 3192 3590 2965 3210 931 3420 3143 3834 2824 2420 3141 2481 1919 3844 -1 2261 3878 -1 2595 1840 2880 2935 2978 4299 2377 1678 2293 3044 1766 3803 3013 3460 4163 3181 4785 3418 3848 1894 2087 2023 1930 -1 -1 2386 2711 2177 2966 3464 1264 2094 2102 3297 2566 0 2470 3160 -1 1857 -1 4306
3905 5198 4220 2953 4693 3635 5205 5124 4394 -1 4218 4326 4896 3951 3374 5064 6016 3783 3953 3123 2719 2257 4468 4211 4133 1366 3498 3526 4048 6389 3894 5441 4016 2876 -1 3569 3578 4952 4731 4883 4207 4420 4196 4264 3739 3722 2174 2715 2824 3580 4546 3730 5037 4169 -1 3510 3614 -1 3844 3803 3850 4184 3092 5494 5495 3702 2618 4531 2428 3803 4091 4865 4277 3843 6090 4433 1378 2864 3057 4831 4033 -1 -1 3049 4306 2502 3291 3789 1589 4388 2765 3959 4179 3118 0 4127 -1 2520 -1 5402
3668 1141 3222 2303 2837 3847 3893 4435 3338 -1 3105 2665 3065 2812 2057 2430 3118 2644 2897 2393 1663 979 1987 3287 1499 2998 2806 2798 1367 5739 2668 2925 2738 1598 -1 825 1502 3943 2956 4373 3056 2270 2475 3559 2162 3968 1524 3067 2640 1805 1648 1654 3510 3580 -1 1434 4175 -1 1768 3205 1106 1253 2168 4844 3149 851 2029 3253 1778 3619 2186 3809 2827 3193 4170 1799 3233 2680 2735 1658 2221 -1 -1 1771 3717 1913 2702 2824 2130 3884 1487 3265 3290 2390 1855 0 -1 1242 -1 3816
-1 -1 -1 -1 -1 -1 -1 -1 -1 -1 -1 -1 -1 -1 -1 -1 -1 -1 -1 -1 -1 -1 -1 -1 -1 -1 -1 -1 -1 -1 -1 -1 -1 -1 -1 -1 -1 -1 -1 -1 -1 -1 -1 -1 -1 -1 -1 -1 -1 -1 -1 -1 -1 -1 -1 -1 -1 -1 -1 -1 -1 -1 -1 -1 -1 -1 -1 -1 -1 -1 -1 -1 -1 -1 -1 -1 -1 -1 -1 -1 -1 -1 -1 -1 -1 -1 -1 -1 -1 -1 -1 -1 -1 -1 -1 -1 -1 -1 -1 -1
4229 3412 1980 1409 3149 3736 4689 5052 2517 -1 2468 3296 2376 3417 2457 3322 3823 3249 2076 4108 2762 2189 3386 2313 2391 1837 2634 2625 2504 5332 3692 3691 2266 356 -1 2224 2372 3462 3814 3906 2465 3435 2446 2738 2241 2805 2416 3186 1479 2663 2353 2346 4173 2604 -1 2304 4416 -1 2638 2114 2505 2978 3060 4886 3993 3122 1053 2011 2670 2458 2349 2988 4063 4085 5782 2691 4164 1519 1712 3183 2581 -1 -1 529 2556 937 1726 2039 2574 3492 245 2670 2614 2254 2786 2271 -1 0 -1 3787
-1 -1 -1 -1 -1 -1 -1 -1 -1 -1 -1 -1 -1 -1 -1 -1 -1 -1 -1 -1 -1 -1 -1 -1 -1 -1 -1 -1 -1 -1 -1 -1 -1 -1 -1 -1 -1 -1 -1 -1 -1 -1 -1 -1 -1 -1 -1 -1 -1 -1 -1 -1 -1 -1 -1 -1 -1 -1 -1 -1 -1 -1 -1 -1 -1 -1 -1 -1 -1 -1 -1 -1 -1 -1 -1 -1 -1 -1 -1 -1 -1 -1 -1 -1 -1 -1 -1 -1 -1 -1 -1 -1 -1 -1 -1 -1 -1 -1 -1 -1
3060 3697 3080 2460 2569 1619 3189 3823 3617 -1 3861 3752 3282 2160 405 3237 4375 1992 3176 2168 3216 1886 3094 2420 2306 3199 4483 2815 3555 5893 3849 2657 3573 2307 -1 1932 2337 4107 1762 4589 3324 3377 3310 3838 3269 753 2331 3113 2841 611 3769 2489 3285 2435 -1 2269 2566 -1 1785 2675 2213 2060 2975 1099 3953 1686 2349 3962 2585 3318 2638 2864 4160 4000 5444 2606 3642 2881 2892 4214 1064 -1 -1 2678 3452 2539 2650 3760 3237 3340 2196 4116 3910 2407 2264 2556 -1 2149 -1 0
5173 3934 -1 4266 3751 5176 3654 4507 -1 4237 5471 5100 5529 4045 4344 4415 -1 5328 3477 3690 6838 4402 3855 3633 1680 5608 4187 3722 4558 4857 2552 -1 4392 4521 3683 4384 6834 5060 4523 5375 3176 3846 3978 5391 -1 4787 2207 -1 2996 3994 5366 3210 3926 5303 4224 3768 -1 4268 4279 1891 5461 5183 1786 4128 4361 4374 4772 3881 4206 3741 6358 4240 5159 3901 4522 4348 3668 4070 3797 5732 4707 4205 5947 5979 3020 4343 4227 3986 3571 5080 3720 1646 3171 4207 3532 4762 3004 4522 4510 5003
5141 5001 -1 2657 3930 3844 3735 3615 -1 4651 5417 4227 4014 4224 4290 2900 -1 3996 3558 4695 5472 2793 3115 3812 4457 4868 5015 4773 3531 3982 4490 -1 3039 4651 3862 3174 4258 4320 3585 4035 4242 2237 4177 3233 -1 3281 4145 -1 3301 4193 4493 4745 3017 4563 5275 4596 -1 3528 4225 4647 4876 4156 4482 3255 4560 4573 3700 4080 3337 4808 2692 4419 3796 3161 4701 3736 3818 4537 3981 4828 3131 3183 3789 4341 4397 4352 3817 2377 2831 5259 4302 5247 4209 2049 4128 3247 4055 2913 4694 5754
1485 1114 -1 1690 1860 2566 1998 1677 -1 2400 2895 2524 2732 1974 1768 2524 -1 2718 1821 860 3150 1826 1045 1742 2294 2798 2817 1771 2963 2097 1689 -1 1918 1945 1792 2169 3667 2250 2363 2979 765 1270 290 2462 -1 1977 2083 -1 1231 306 2790 1428 1653 2493 3417 2398 -1 1458 1703 3118 2427 3333 1362 1552 673 686 2136 193 2441 921 3782 2349 2583 1091 2631 1528 1092 2119 789 3661 1998 2134 2671 3553 190 2010 1407 1410 761 3189 890 3177 595 2425 1363 2691 2600 1792 1502 2173
3586 3362 -1 2572 1790 2871 1200 1421 -1 2204 3843 3777 3019 2084 2716 2223 -1 3023 1023 3438 2937 2708 3182 1672 3904 3590 2875 3295 3286 1447 2285 -1 845 3517 1722 312 4873 4227 2908 3557 2102 2152 3500 4443 -1 4114 1940 -1 2729 2355 3933 4264 482 3662 3824 2456 -1 3573 2651 1624 3500 3263 2221 2805 2611 3896 1948 3403 2699 3169 5035 2279 704 3101 2561 1403 2040 3643 1648 3771 2861 648 3308 2589 2768 2338 1282 2292 2898 3119 2533 3871 1876 3008 1972 2570 4720 719 2361 3351
2718 3372 -1 2513 1731 2812 3287 2404 -1 3870 3497 4024 3233 2025 2370 2119 -1 2964 3110 1988 4649 2649 2334 1613 3161 3617 2816 3236 2750 1388 2778 -1 2372 3659 1663 2393 4514 3539 1882 3673 1893 2093 3396 4384 -1 2500 3083 -1 2520 1575 3587 4205 423 3603 3765 2397 -1 2747 2305 3935 3441 2483 2419 3583 1942 3792 208 3299 3640 3179 5282 1499 3015 2380 2502 1344 1694 3584 2095 3712 2802 2185 3249 849 1318 2279 1223 2107 2050 2146 1124 4466 1817 1268 3347 2466 4485 2769 2591 3301
2881 2163 -1 1388 1670 2390 1808 1887 -1 2391 2427 2545 2445 1964 1300 2334 -1 2542 1631 2435 4203 1524 855 1552 3021 2608 2755 2820 3425 2713 2238 -1 1770 4205 1602 2021 3035 2060 2045 2867 1982 968 3009 3259 -1 1021 1893 -1 1041 2235 3396 1755 1748 2303 3578 2336 -1 1268 1235 3712 3127 3143 2222 2436 2602 3725 1946 3232 2251 1970 3803 2159 2792 901 2441 2008 2364 3168 1721 1838 1677 1914 799 2902 2648 2092 2456 628 571 2999 1312 2987 2481 2752 2219 2501 4345 1644 2434 4020
4235 5028 -1 4224 4883 4654 3843 4064 -1 4523 6592 6265 5092 3384 5465 4467 -1 4806 3666 3735 5010 2681 2081 4765 4203 4655 4425 5365 5098 4196 4684 -1 3488 5859 4815 4741 6862 3286 3399 4584 4679 3804 4204 4800 -1 4772 4907 -1 4868 4220 5277 5342 3575 3529 6390 4006 -1 2494 5400 4750 4515 5070 3576 5428 4587 4600 4938 4107 3672 4835 6009 5372 5363 4621 3576 4185 4789 4672 4224 5071 4275 3544 5356 5835 4104 5063 4282 3944 4398 4470 4804 4505 3946 3616 5147 4814 5527 3362 4937 5690
3442 3155 -1 2525 2655 3554 3437 836 -1 4621 2652 3750 2057 3054 1525 2947 -1 3706 3260 3548 1975 2632 3100 3678 3319 2839 2575 2849 4555 3453 2591 -1 260 4587 3728 2476 6139 3522 2606 2972 4050 2105 3575 4581 -1 4415 3631 -1 2154 3493 3461 4486 2488 3174 345 2156 -1 3513 1460 4338 4682 4401 2281 3413 2671 3971 3763 3478 3297 2962 4983 3417 3239 3645 4172 957 3686 3197 1708 2830 2841 3051 4193 4475 3475 1633 3288 2183 3345 3949 2162 4100 1430 4008 2085 2852 4643 134 2421 3840
2896 821 -1 1517 1557 2932 1695 1774 -1 2278 2358 2432 3335 1568 1231 2221 -1 3084 1518 2322 4332 1653 742 1439 2908 2495 2642 1478 2426 1804 2125 -1 1915 1408 1489 1908 4640 1947 2060 2754 1869 1366 2021 3708 -1 1674 1780 -1 928 2037 2448 3159 1732 2190 2959 2223 -1 1155 1166 3339 3267 3030 2119 2323 2404 2417 1833 1924 2138 628 3690 2046 2679 788 2328 1235 555 1826 1608 3255 2260 1728 3140 3109 1921 1473 1114 1506 458 2886 1868 2874 1708 2893 2106 2388 4232 2042 2321 3904
-1 -1 -1 -1 -1 -1 -1 -1 -1 -1 -1 -1 -1 -1 -1 -1 -1 -1 -1 -1 -1 -1 -1 -1 -1 -1 -1 -1 -1 -1 -1 -1 -1 -1 -1 -1 -1 -1 -1 -1 -1 -1 -1 -1 -1 -1 -1 -1 -1 -1 -1 -1 -1 -1 -1 -1 -1 -1 -1 -1 -1 -1 -1 -1 -1 -1 -1 -1 -1 -1 -1 -1 -1 -1 -1 -1 -1 -1 -1 -1 -1 -1 -1 -1 -1 -1 -1 -1 -1 -1 -1 -1 -1 -1 -1 -1 -1 -1 -1 -1
3568 4208 -1 2335 2750 1571 3413 2243 -1 2844 3341 5353 2703 3044 2214 2695 -1 1723 3236 4296 2621 2471 2642 3885 3125 4044 3814 4256 5404 3660 3005 -1 3058 2226 2682 3199 5833 3847 3295 4627 2722 3112 3892 5382 -1 5061 4126 -1 4174 3315 3431 5350 2695 4090 3942 3395 -1 1908 2149 3810 4460 2488 3231 4716 3682 4288 3069 3795 3462 4015 5254 3239 3591 3709 3521 2364 1538 4086 3115 4731 858 2721 5521 3710 3728 2456 3495 3252 3845 3884 2851 5170 2837 4129 3492 3042 4449 2932 3828 5079
991 2077 -1 1302 2477 2011 2380 1947 -1 3284 2341 4043 3143 2743 1214 2752 -1 2163 2203 2734 3061 1438 2783 2359 3565 2688 3562 2734 1920 2134 2266 -1 1684 2666 2409 3139 5260 3988 2295 3975 2639 882 2028 3173 -1 3246 2605 -1 2969 2044 3310 1669 1169 3023 4336 3143 -1 2348 1149 4250 3521 2545 2472 3071 2411 2424 954 1931 2429 1884 4766 2245 3526 2829 3094 2068 1978 3082 2527 1752 1298 1828 713 1595 2064 2850 1969 1022 2499 2892 1226 4915 2473 2014 3101 3099 4338 1558 2079 4047
4632 3114 -1 3281 3166 4128 1916 2130 -1 4420 4651 3864 2568 1996 3524 3433 -1 4280 3583 4055 5497 3417 3035 3732 4613 4306 3869 2674 4719 2808 2087 -1 2083 3701 3756 675 5618 4240 4058 4514 4123 2861 3437 5160 -1 3967 4073 -1 3221 2791 4130 4895 3042 4483 5138 3450 -1 3448 3459 4458 5500 3699 3575 2892 3158 3833 3724 3340 4408 2921 4864 2715 3836 3081 4621 2251 2848 3022 3002 3683 3755 2156 5156 3079 3385 3652 3407 3001 2751 5179 3354 4615 2351 3976 1199 3778 5747 1957 1900 5134
4595 3554 -1 3952 3231 3192 2165 2386 -1 3351 4357 4502 4195 3525 3497 3895 -1 3344 1988 3970 4113 1003 4155 3113 3684 1210 4125 4399 3618 3364 3141 -1 1810 5055 3163 3335 6314 5245 3812 4181 3543 3532 3400 5409 -1 2788 2796 -1 3585 3416 1832 4538 2399 1545 5394 3706 -1 3815 3432 3895 3053 4243 3186 3750 3576 3796 3260 3303 1994 3820 4331 3720 4639 3280 4002 2507 3957 4730 2613 5212 4302 2850 4630 5331 3300 3908 2604 554 3871 4560 3974 3650 2980 4225 3469 4242 5008 1684 3326 4316
1608 3232 -1 2766 4037 3456 3844 2143 -1 4755 4428 5057 4572 1220 3301 2955 -1 3608 3667 3279 4490 2902 3400 3919 4626 4511 3882 3889 4063 2032 3276 -1 1567 4358 3969 3267 6342 4605 772 4279 3440 2346 2645 3795 -1 4332 2931 -1 3586 2661 4518 4103 2729 4738 3763 3463 -1 3813 3236 4579 4782 4688 949 4227 3028 3041 2567 2548 3893 3039 6230 3858 3659 3446 4249 2264 2625 4237 3015 2907 3240 1380 5026 3208 2609 2923 3525 2486 3116 4505 3483 5344 2737 3627 3392 3302 4955 1999 3684 4592
4028 4995 -1 2918 2689 4105 2827 2906 -1 3410 4973 3564 4467 2983 3846 3353 -1 4257 2650 3454 5706 3054 1874 2571 4040 3627 3774 4652 4444 3795 3257 -1 3300 4842 2621 3040 3672 3079 3192 3886 3001 2498 4424 4840 -1 2806 2912 -1 2060 3254 4693 5518 2864 3322 4597 3355 -1 2287 3781 4731 4399 4162 3251 3455 3621 4820 2965 4327 3270 4802 4822 3178 3811 1920 3460 3027 4079 4465 2740 4670 3392 3143 4881 5628 3667 3111 3664 2638 1590 4018 3432 4006 3500 4025 3238 3520 5364 3174 3453 5039
4108 3737 -1 2783 2979 4060 3028 3249 -1 3794 5032 4926 4757 3273 3905 1636 -1 4212 2851 3417 4765 2919 3668 2861 1407 4865 3532 3449 804 2636 2378 -1 2673 2674 2911 2140 6062 4873 2321 4921 3002 3327 2913 4323 -1 4371 2033 -1 2822 2929 1104 4371 1671 4851 3951 3645 -1 2986 3840 1717 4689 1429 1513 3954 3296 3309 3776 2816 3910 3544 6184 3468 2532 3714 3750 2592 3229 3797 3343 4960 4050 2476 4497 4417 2747 3527 2471 3467 3384 4308 3010 3272 2997 3139 3358 1983 2731 2547 3991 4730
3708 2693 -1 1764 2824 1711 2333 1571 -1 2984 3819 3624 4189 3329 2692 2835 -1 1863 2156 3378 4281 1171 2614 2917 2947 1378 1148 2088 3786 2692 1847 -1 995 3280 2967 1715 5378 3579 2978 2525 2862 1344 2808 3820 -1 2956 2870 -1 2800 2824 2000 3725 1727 1713 3632 729 -1 2048 2627 3577 3221 2628 1520 2652 1910 3204 3138 2711 2162 2500 4499 3524 2657 2660 3806 1692 2427 2436 947 3994 998 2290 3908 3850 2708 2146 2527 722 2330 4024 3329 3818 669 3736 2820 2640 3291 1852 1660 2413
3219 1262 -1 1594 1998 2781 1985 2215 -1 2568 2799 2428 3776 2009 1672 2662 -1 2933 1808 2763 4409 1730 1183 1880 3349 2936 3083 1919 2867 2245 2208 -1 1976 1849 1930 2095 5081 2388 2501 3195 2310 1174 2462 3650 -1 2115 2221 -1 1369 2478 2694 3600 1557 2631 3400 2664 -1 1596 1607 3022 3708 3471 2560 1456 2845 2858 2274 2365 2579 1069 3686 2487 2487 1229 2769 1676 996 2267 2049 3696 2068 2120 3581 3550 2362 1914 1555 1314 899 3327 2309 3315 499 3334 2547 2829 4673 1850 2512 4345
5054 4336 -1 3561 3843 4563 3981 4060 -1 4564 4600 4718 4618 4137 3473 4507 -1 3835 3804 4608 6376 3697 3028 3725 4314 4781 4928 4993 5598 4886 4411 -1 3943 5362 3775 3535 5208 4233 4218 5040 4155 3141 5182 5432 -1 3194 4066 -1 3214 4408 5569 3928 3921 4476 4936 4509 -1 3441 3408 5885 5300 5316 4395 4609 4775 5898 4119 5405 4424 4143 5976 4332 4965 3074 4614 4181 4537 5341 3894 4011 3850 4087 2972 5075 4821 4265 4629 2801 2744 5172 3485 4280 4654 4925 4392 4674 5638 3817 4607 6193
4276 2496 -1 2828 2548 3510 3219 3449 -1 3802 4033 3246 1950 3243 2906 3082 -1 3662 3042 3997 5643 2964 2417 3114 4583 4170 4130 2056 4101 3479 1469 -1 3210 3083 3138 3329 5000 3622 3440 4292 3544 2408 3696 4542 -1 3349 3455 -1 2603 2983 3512 4834 2791 3865 4634 3711 -1 2830 2841 3840 4942 3891 3287 2274 3350 4092 3106 3599 3813 2303 4246 2907 3721 2463 4003 2910 2230 2404 2714 4836 3302 3354 4563 4216 3396 3148 2789 2548 2133 4561 3543 4549 1733 3358 581 3160 5907 3084 1282 5379
3728 3285 -1 1483 2543 2670 2561 2441 -1 3747 3538 3343 4380 3048 2411 3418 -1 2822 2384 3103 4298 1619 2372 2636 2666 3043 2082 1807 3513 2411 1566 -1 1865 4188 2686 1434 5097 3298 2697 2244 3008 1063 2533 3539 -1 3704 2589 -1 2958 2549 3609 3444 1446 3378 3351 1663 -1 2785 2346 3296 3702 3587 1239 2371 1629 2929 2857 2436 2610 3092 4343 3243 2376 2818 3525 2367 2644 2155 666 3713 1957 2009 3627 4261 2433 1865 2246 1203 2488 4083 3048 4904 388 3455 2546 2359 3990 1739 1379 3347
4670 3249 -1 3493 3425 2750 3563 2660 -1 4023 4520 3640 3882 3719 3393 3874 -1 2902 3386 4168 3800 3629 2610 3307 4062 3960 2589 3906 4854 3392 1863 -1 3577 3405 3357 3776 4408 3815 3204 4622 3737 3073 3278 4936 -1 3542 3648 -1 2796 3294 1860 4736 2427 4058 2990 2170 -1 3023 3328 4234 5135 3667 3681 2668 3661 3994 3701 3501 3311 3056 4640 3914 4474 2656 4196 2781 2717 4254 3108 5406 2037 3879 4957 4610 3498 2372 3227 3213 2326 4467 4030 4028 2486 3752 2843 2866 4732 3749 1676 3854
4277 3653 -1 3187 4334 3877 4237 2564 -1 4820 4849 5478 4796 1641 3722 3376 -1 4029 4060 3700 4714 3323 3837 4216 4582 4932 4303 4310 4484 2453 3135 -1 1988 4776 4266 3688 6260 5042 3879 4160 3877 2767 3082 3358 -1 4246 2790 -1 3579 3098 4939 4540 3150 5159 3084 3884 -1 4250 3657 5000 5219 5109 3484 4664 3465 3478 4928 2985 3462 3460 5799 4823 3711 3883 4670 2685 3046 4658 3436 3328 3661 1801 5463 5600 3030 3344 3946 2907 3553 5663 4002 5525 3158 4879 3813 3723 5392 2873 4105 5013
3030 2406 -1 882 100 1884 1960 1317 -1 2901 3602 3681 1878 394 2475 764 -1 2036 1783 1748 3697 1018 2590 2398 2536 1986 3056 2986 3237 1206 2518 -1 741 2893 32 1038 3183 3795 1449 3377 2425 462 1835 2753 -1 3499 2173 -1 1524 665 3692 3293 1242 2321 3320 2637 -1 2114 2410 2428 1810 1573 2237 2946 1032 2231 2456 1738 2009 2213 4346 589 1508 1411 871 1438 1799 3006 1845 2081 1171 554 3030 3393 1078 2097 1946 602 2306 3845 843 3470 1567 2267 2566 1111 3860 1138 2558 3061
5618 4848 -1 3373 4433 4560 4360 1684 -1 5546 5428 5233 4302 4938 4301 4984 -1 4712 4183 4993 5527 3198 4262 4526 3166 4794 3423 3697 5403 4301 3456 -1 3755 5435 4576 3324 6987 5095 4038 4134 4898 2953 4423 5317 -1 5263 4479 -1 4848 4341 5416 5334 3336 5129 4692 3004 -1 3980 4236 5186 5592 5249 3129 4261 3519 4819 4722 4326 4145 4655 6233 4265 4087 4708 5415 1805 4534 4045 2556 5603 3847 3899 5041 6151 4323 3206 4136 3093 4378 5956 4479 3132 2278 4133 2933 3700 4490 3629 3269 4688
4612 2015 -1 3574 3408 3855 4652 1885 -1 5433 4140 4018 4503 3861 3013 4231 -1 4007 4475 4041 5719 3710 4463 4727 4368 4995 3624 2672 5541 2998 3464 -1 2561 5567 3499 3525 6650 5296 4094 4335 4538 3154 4063 5630 -1 4764 4680 -1 3254 4079 5455 5201 3537 3521 4893 3205 -1 3659 2948 5387 3716 5040 3330 4462 3720 4459 3722 3966 4346 1822 5276 4056 4288 3943 3032 2006 3591 3020 2757 1690 4048 4021 4334 5216 3371 3407 2308 3294 4534 4312 3650 5200 2479 4678 3134 3901 5692 2435 3470 4889
5667 3592 -1 4186 4328 5373 2399 4470 -1 5049 5129 5203 6106 4339 4002 4605 -1 5525 2222 5093 6704 4243 3513 4210 4376 4789 5413 4249 3773 4575 3747 -1 4568 4179 4260 4679 7095 4718 4831 5525 4640 3766 4792 6242 -1 4445 4551 -1 3699 4808 4073 5625 4432 4961 5730 4994 -1 3926 3937 4686 6038 4398 3420 4552 3810 5188 4604 4695 4909 3399 4385 4817 5079 3559 5099 3712 3326 4597 2847 6023 4660 4499 5808 5880 4628 4244 3885 3906 3229 5657 4639 5645 3374 5636 4727 4952 5700 4442 3560 6348
4310 2792 -1 3124 2844 3806 1594 2337 -1 4098 4329 3542 2246 1674 3202 3111 -1 3958 3338 3733 5939 3260 2713 3410 4820 3984 4076 2352 4397 2486 1765 -1 1761 3379 3434 3385 5296 3918 3736 4473 3840 2704 3115 4838 -1 3645 3751 -1 2899 3012 3808 4573 3087 4161 4863 3657 -1 3126 3137 4136 5238 3920 3517 2570 3379 3511 3402 3018 4109 2599 4542 2936 3855 2759 4299 2458 2526 2700 3010 3361 3598 1834 4859 4512 3063 3377 3085 2844 2429 4857 3839 4845 2029 3654 877 3456 5425 1635 1578 5046
2292 3048 -1 1966 3117 2412 2671 2609 -1 2580 3664 2566 4346 1904 2537 3437 -1 2564 2494 1792 4781 2102 138 3119 432 4411 3450 2474 3310 2583 789 -1 2251 3617 2458 2467 4320 1343 1456 10 2347 1546 1904 3862 -1 2829 2221 -1 3010 1920 2832 3362 1929 1586 2976 3031 -1 551 2472 1905 4185 3230 538 1594 2287 2620 2895 2127 3083 2855 3566 2246 2859 3025 4008 2730 3026 2729 2034 3591 1699 2064 3883 3536 1772 3095 2729 1686 2695 2527 2472 3813 1756 2678 1769 3727 1756 2222 602 3755
3614 3474 -1 1130 2403 2317 2208 2088 -1 3124 3890 3278 2487 2697 2763 1373 -1 2469 2031 3168 3945 1266 1588 2285 2930 3341 3488 4101 2004 2455 2963 -1 1512 3124 2335 1647 3768 2793 2058 2508 2715 710 2650 1706 -1 1754 2618 -1 1774 2666 4184 3218 1490 3036 3929 3069 -1 2001 2698 3189 3349 2629 2955 3169 3033 3046 2173 2553 1810 3281 4147 2892 2269 1634 3174 2209 2291 3254 2454 3301 1604 1656 2262 2814 2870 2825 2290 850 1304 3732 2775 3720 2682 522 2601 1720 4254 1386 3167 4227
1604 1233 -1 2129 1979 2685 2117 2116 -1 2519 3274 2854 2851 2093 2147 2643 -1 2837 1940 1299 3269 2265 1164 1861 2413 2917 2936 1890 2843 2216 1808 -1 2357 2122 1911 2288 4106 2369 2482 3098 1204 1709 409 2581 -1 2096 2202 -1 1350 425 3229 1867 2092 2612 3536 2517 -1 1577 2082 3557 2546 2866 1481 1991 792 805 2255 312 2560 1040 4112 2468 3022 1210 2750 1647 1531 2238 908 3780 2437 2253 2790 3672 629 2401 1526 1849 880 3308 1329 3296 1034 2864 1482 2810 2719 2231 1621 2612
2715 1674 -1 2398 2568 1312 2307 1342 -1 2890 2744 2622 3258 2862 1617 3232 -1 1464 2130 2090 3176 2534 2275 2607 2866 3107 3081 3001 4193 2382 2737 -1 2381 3175 2500 2520 4897 3480 2698 3366 1995 1978 1520 3692 -1 2221 2392 -1 2140 1536 4020 2658 1417 978 4350 2662 -1 1935 1552 4211 1173 4031 2592 2782 1903 1916 1756 1423 3350 2151 3880 3047 3291 1400 3339 1430 2322 2850 2019 4374 2872 1711 3335 3451 1420 2864 1309 2118 1991 3361 2120 4086 1825 2816 2591 3358 3830 2255 2732 3403
3489 3356 -1 864 2532 2051 1942 1822 -1 3128 2919 3746 3761 2826 1792 2965 -1 2203 1765 3560 3679 1000 3122 2414 3605 3919 3561 3835 2894 2189 1969 -1 1246 4338 2464 1365 5500 4327 2873 3722 2844 444 2670 2920 -1 3808 2352 -1 3141 2686 3918 4128 1224 2888 4429 3142 -1 2388 1727 2677 3083 2968 2963 2774 3053 3386 3001 2893 1991 3163 4328 3021 1757 3310 3303 1943 2025 2988 2390 3094 1338 1390 4050 3642 2890 2943 2024 584 3358 3861 2429 4613 2416 3858 2949 3312 4929 1120 1782 4093
-1 -1 -1 -1 -1 -1 -1 -1 -1 -1 -1 -1 -1 -1 -1 -1 -1 -1 -1 -1 -1 -1 -1 -1 -1 -1 -1 -1 -1 -1 -1 -1 -1 -1 -1 -1 -1 -1 -1 -1 -1 -1 -1 -1 -1 -1 -1 -1 -1 -1 -1 -1 -1 -1 -1 -1 -1 -1 -1 -1 -1 -1 -1 -1 -1 -1 -1 -1 -1 -1 -1 -1 -1 -1 -1 -1 -1 -1 -1 -1 -1 -1 -1 -1 -1 -1 -1 -1 -1 -1 -1 -1 -1 -1 -1 -1 -1 -1 -1 -1
4172 4137 -1 2464 3692 3651 677 2748 -1 1260 3931 2833 4609 4312 2804 3495 -1 3803 500 3106 4962 2521 3772 3900 3709 3067 2962 3740 4494 3675 1421 -1 2846 4567 3090 2965 5556 3757 3336 4177 3011 2044 3797 4494 -1 4372 3743 -1 3946 3396 3022 3903 2710 3402 3909 3332 -1 3988 2739 3427 4683 3672 1698 1861 2088 4193 3527 3700 3512 3944 4091 3320 3357 3763 4789 2869 3625 3304 1125 4301 2938 2990 4086 4168 2436 2423 3510 2184 3488 5167 3136 5190 1652 3310 2401 3842 5033 2720 1838 4419
3806 3673 -1 1181 2719 2368 1090 1169 -1 1673 3236 1827 3787 3013 2109 3041 -1 2520 913 3358 3969 1317 2277 2601 2571 1890 2755 2915 3211 2506 1520 -1 1563 4154 2651 1303 5380 3482 3190 2149 2380 761 2987 3237 -1 3366 1175 -1 1964 1926 2956 3781 1541 2225 4024 2336 -1 2690 2044 2994 3400 2834 1576 1718 1966 3703 1228 3210 2308 3480 3085 1850 2074 183 3490 1290 2342 3263 1003 3411 1655 1707 3144 3959 2784 2538 2341 901 2916 3166 2746 3910 1763 2288 1501 3032 3895 1437 1716 4020
4890 4757 -1 2265 3933 3452 3343 3223 -1 4529 5229 5745 5162 4227 4102 4366 -1 3604 3166 4961 5080 2401 3506 3815 5006 5320 4962 3641 5389 3590 4098 -1 2647 5739 3865 4733 7016 4711 4824 5123 4245 1845 4071 4321 -1 5197 3753 -1 4542 4087 5319 5529 2625 4289 4808 4543 -1 3789 4037 5691 4484 4369 4364 4773 4454 4787 4658 4294 3392 4564 5729 4422 4674 4710 4704 3344 3426 3989 3791 4495 2739 2791 4975 5591 4291 4262 3425 1985 4747 5262 3659 6014 3817 5718 4472 4713 3588 2521 4504 5494
5827 5397 -1 3922 4982 5109 4196 2233 -1 5382 5269 5147 4851 5487 4142 5857 -1 5261 4019 5202 6737 4058 4497 5075 4716 5343 3972 4246 5952 4850 4005 -1 1657 5984 5125 3873 7536 5644 4587 4369 5107 3502 4632 5978 -1 5812 4808 -1 4665 4648 5751 5770 3885 5678 5241 3553 -1 4910 4077 5735 6141 5798 3678 4810 4068 5028 5296 4535 3835 5204 6172 4814 4636 5257 5964 2354 3858 4594 3105 6152 4396 4448 5576 6412 4532 3755 4445 3642 4927 6522 4779 6211 2827 5405 3482 4249 6040 3715 3818 5237
3473 2849 -1 128 543 2327 1206 1427 -1 2392 3849 3965 2321 837 2722 1207 -1 2479 1029 2191 2943 264 3033 1678 2979 2429 2412 3301 3337 1453 2553 -1 851 19 475 1481 3626 4233 1892 3442 2108 905 2278 3196 -1 3942 2616 -1 1967 1108 3939 3736 488 2764 3763 2462 -1 2557 2657 2871 2253 2016 2226 2993 1475 2674 1878 2181 1255 2656 3592 1032 1951 1854 1314 1409 2046 3449 1653 2524 1614 654 3314 3836 1521 2344 1288 1045 2749 3125 1286 3877 1882 2710 2676 1554 4303 725 2366 3357
4409 3586 -1 1784 3055 2971 2862 2742 -1 3490 3839 4666 4681 3349 2712 3719 -1 3123 2685 4480 4599 1920 3073 2937 3868 4826 4140 4243 3814 2712 2889 -1 2166 4983 2987 2285 6138 4278 3793 3446 3367 1364 3590 3840 -1 4005 3272 -1 3259 3606 4838 5048 1747 3808 5089 3721 -1 3308 2647 3597 4003 3888 3743 3694 3973 4306 3921 3813 2911 3393 5248 3544 2677 3119 3826 2668 2945 3908 3310 4014 2258 2310 4573 4562 3810 3603 2547 1504 2789 4384 3349 5205 3141 4778 3869 4066 5192 2040 2702 5013
4910 3311 -1 3316 3057 3512 3225 2478 -1 3808 5371 3962 5096 3459 4244 4028 -1 3664 3048 1661 6104 3452 3437 3246 4585 4025 4217 2941 4916 4271 3655 -1 2719 5787 3296 3438 6447 4642 4713 4163 1566 2896 4511 5176 -1 5057 3310 -1 4099 3929 5091 5588 3539 4360 4677 3798 -1 3849 4179 5129 5074 4429 3711 3853 4101 4907 3363 4414 4443 3118 5220 3853 4209 2318 4135 2599 4477 3289 3138 5146 2799 3619 4632 5198 991 3562 3604 3036 4607 4693 1691 6045 3072 4423 3636 4375 5909 2593 3851 2974
3354 4326 -1 2851 3622 4038 2556 1162 -1 3742 2564 2442 3078 2966 1437 3487 -1 4190 2379 3354 2996 2987 3702 3504 3645 4272 2901 3175 4118 3778 2934 -1 2201 4913 3554 2802 5882 4573 2518 3612 2995 2431 3901 4907 -1 3868 3952 -1 1960 2943 3879 4715 2814 4607 4170 2482 -1 4115 1372 4664 5070 3851 2607 3739 2997 4297 1576 3804 3170 4133 3700 2867 3565 3748 4393 1283 4012 3523 2034 4622 3325 3126 3759 4759 3564 2684 3614 2571 3418 3181 2074 3906 1756 2636 2411 3178 4969 2075 2747 4166
2886 2297 -1 1296 1711 3495 2374 2595 -1 2599 3834 3908 3489 2005 2707 2375 -1 3647 2197 2990 4111 1432 2218 2846 4104 3597 3580 2954 3902 2621 2760 -1 2019 1187 1643 2649 4794 3423 2050 4230 2895 2073 2100 4272 -1 3150 3256 -1 2404 2116 3924 3558 1656 3666 4435 3630 -1 2631 2642 4039 3421 3184 3172 3682 2483 2496 3046 2003 2423 2104 4760 2200 3119 2264 2482 2577 2031 3302 2599 3692 2782 1822 4481 4486 2320 2949 2456 2213 1934 4293 2454 4350 2725 3878 3173 2722 4410 1893 3312 4303
2891 3170 -1 2146 3206 3333 3224 3104 -1 3854 4201 4006 3938 3711 3074 2824 -1 3485 3047 3766 4961 2282 3035 3299 3329 3706 2745 2470 3455 3074 84 -1 2528 3757 1753 2097 5219 3961 2055 2907 3671 1726 3196 3157 -1 3205 3252 -1 3225 3212 4272 4107 2109 4041 4014 2326 -1 3278 3009 3959 4365 4080 1902 3034 2292 3592 2190 3099 3261 2977 5006 3390 3039 3085 4188 3030 2904 2818 1329 4376 2620 2672 3713 2831 3096 2528 2909 1866 2755 4128 2564 5171 1051 1973 1064 3022 4653 2402 2042 4010
4880 3091 -1 4265 3835 5452 5343 5052 -1 6146 6230 6125 5613 4129 5103 4499 -1 5604 5166 4685 6950 4401 4846 5418 5448 5721 4864 4589 5809 4074 4348 -1 4476 5692 3767 4216 6918 6051 4325 5026 4590 3845 5315 6321 -1 6155 5371 -1 5259 4400 6391 5558 4228 4956 6133 4445 -1 5259 5038 5875 5545 5308 4021 5153 4411 5711 4843 5218 1966 5773 4303 4324 4979 5146 4606 2697 4667 4937 3448 5641 4739 4289 4602 5484 4015 4647 2576 3985 5270 6190 4578 5630 3170 4996 5328 4846 6772 4521 4161 4383
3211 2840 -1 2850 2451 3574 1979 2200 -1 2983 4216 4461 1853 2863 3089 739 -1 3726 1802 1723 3716 2986 2771 2451 2511 4369 3654 3497 3724 2226 2493 -1 1624 2868 2501 1013 5488 3976 1424 4225 2400 2430 2016 3426 -1 3474 2148 -1 1499 640 4294 3474 1261 4219 3295 3235 -1 2089 3430 2403 4153 1548 2617 3584 1007 2412 2727 1919 2709 2647 5046 564 1483 2817 3340 2182 2819 3845 2427 4044 2861 1427 3005 3368 1053 3117 2061 2570 2487 3898 2525 3445 2134 2242 2751 1086 3835 1498 3140 3036
4567 4196 -1 3392 4051 4579 3011 3232 -1 4197 5977 5540 4260 4345 4850 3635 -1 4731 2834 3942 4178 1849 3850 3933 3371 4768 4971 4853 4266 3708 4358 -1 2656 5027 3983 3909 6030 5055 4320 4096 3847 2972 3372 3968 -1 4016 4075 -1 4036 3388 5834 4510 2743 5103 5915 4552 -1 2631 4785 5451 5509 4891 3477 4596 3755 3768 4106 3275 2840 4003 5177 4540 4531 3896 4822 3353 4174 4809 3459 5563 3866 3918 4524 5076 3272 4599 3450 3112 3566 4607 3972 5955 3677 2784 4315 3982 4695 2530 4172 5162
3205 3163 -1 2191 1409 2490 819 1040 -1 2005 3462 3578 2638 1703 2335 1842 -1 2642 642 3057 2556 2327 2801 1291 3523 3209 2494 2914 2950 1066 2166 -1 464 3337 1341 2262 4492 3846 2527 3176 1721 1771 3119 4062 -1 3733 3126 -1 2833 1974 3552 3883 101 3281 3443 2075 -1 3192 2270 3658 3119 2882 1840 2606 2230 3515 3168 3022 3318 2970 4836 1898 2738 2720 2180 1022 1659 3262 1267 3390 2480 267 2927 3809 2387 1957 901 1911 2517 2738 2152 3490 1495 3345 2289 2189 4339 338 1980 2970
1402 3263 -1 4159 3884 4715 3844 3384 -1 4549 5304 4884 4366 4123 4177 4272 -1 4867 3667 3329 4284 4295 3194 3766 4443 4947 4966 3920 4568 3541 3070 -1 2808 4152 3816 4318 6136 4399 566 5128 3234 3739 2439 4611 -1 4126 2725 -1 3380 2455 4868 3897 2576 4642 5566 4547 -1 3607 4112 5481 4576 4636 3511 4021 2822 2835 2361 2342 4590 3070 6142 3652 3646 3240 4655 3497 3561 4268 2938 4043 4467 4283 4820 3002 2659 4431 3376 3879 2910 4299 3277 5326 3064 3421 3512 4619 4749 3363 3651 4642
3064 669 -1 2651 2062 2780 3577 3256 -1 3979 4048 4103 3999 2515 2921 2885 -1 2932 3400 2439 4729 2787 2624 3321 2877 4107 3250 1326 2274 1652 2734 -1 2862 3524 2153 2602 5246 3829 3570 3412 2344 2231 1869 4041 -1 3556 3503 -1 1908 1885 2574 3007 2614 3342 4029 2831 -1 2313 2856 3187 3931 2899 2407 3131 2252 2265 2376 1772 3118 476 5361 2710 3365 2670 2992 1083 2245 1674 1834 4027 3125 2675 2988 3870 1769 2543 962 2371 2340 4289 2469 3854 1556 3332 2942 3232 4179 2907 2547 3752
4755 3591 -1 4820 2964 3682 4496 4531 -1 4775 5530 4967 5607 5244 4403 5499 -1 3834 4319 4130 5525 4560 4315 5012 3694 5296 5851 4248 4667 4574 3190 -1 4730 5215 4859 4709 6721 5520 5161 5555 4035 4400 3560 4837 -1 5247 4221 -1 4501 3576 4967 4698 4923 5631 6195 5432 -1 398 4338 3905 5697 5292 3737 3995 3943 3061 3694 3463 4941 3398 5967 4985 5853 4275 5901 4005 4362 2576 3164 5008 5109 5346 5910 5821 3460 5280 3884 4540 4031 2374 4160 3660 3865 4754 4170 5846 4975 4604 3003 5443
3285 3213 -1 1886 844 1562 2084 2163 -1 2667 3337 2821 3577 2093 2210 2463 -1 1714 1907 2785 4701 2022 1131 1681 3116 2317 2087 108 3554 2904 1833 -1 1934 4219 1731 2267 4882 2336 2449 3077 2111 1466 3366 3942 -1 3208 2169 -1 2911 2364 2939 3711 1939 2579 2215 1668 -1 1544 2749 3699 3509 3272 1506 2638 1896 3762 1158 3269 2862 3020 4079 2288 2779 1177 2570 748 3047 456 933 2888 1937 2092 3894 2365 2714 729 2739 1606 2441 3096 126 4439 1221 2218 2495 2777 4230 2142 1646 3352
1241 1171 -1 2502 1720 3011 1623 1041 -1 2206 3296 3174 3350 2014 2169 2384 -1 3163 1446 2359 4123 2638 1760 1602 2945 3513 2780 1828 3475 2154 521 -1 1717 3991 803 2534 3940 2965 2492 3344 2032 2082 2278 4373 -1 1926 176 -1 965 2285 3968 3736 1895 2677 4049 2361 -1 2173 2104 4005 2872 3193 2339 2807 2652 2674 2851 2181 2175 978 2913 2209 1097 1806 2188 1162 2747 2176 1766 846 2791 2174 3490 3807 2498 2563 1464 1533 1476 3049 1614 2911 1488 3311 1501 2731 4269 1591 2479 4045
-1 -1 -1 -1 -1 -1 -1 -1 -1 -1 -1 -1 -1 -1 -1 -1 -1 -1 -1 -1 -1 -1 -1 -1 -1 -1 -1 -1 -1 -1 -1 -1 -1 -1 -1 -1 -1 -1 -1 -1 -1 -1 -1 -1 -1 -1 -1 -1 -1 -1 -1 -1 -1 -1 -1 -1 -1 -1 -1 -1 -1 -1 -1 -1 -1 -1 -1 -1 -1 -1 -1 -1 -1 -1 -1 -1 -1 -1 -1 -1 -1 -1 -1 -1 -1 -1 -1 -1 -1 -1 -1 -1 -1 -1 -1 -1 -1 -1 -1 -1
2359 3326 -1 1249 1020 2436 1158 1237 -1 1741 3304 1895 2798 1314 2177 1684 -1 2588 981 1859 4037 1385 205 902 2639 1958 2105 2983 2775 2126 1588 -1 1631 3813 952 1371 4103 1410 1523 2217 1332 829 2755 3171 -1 2282 1243 -1 2032 1585 3024 3849 1195 1653 3556 1686 -1 618 2112 3062 2730 2493 1644 1786 1952 3151 1296 2658 2376 3133 3153 1509 2142 251 1791 1358 2410 2796 1071 3001 1723 1474 3212 3959 1998 2070 1995 969 2263 2349 1763 3880 1831 2356 1569 1851 3963 1505 1784 3370
3742 3611 -1 1854 3522 4593 2932 1754 -1 3121 3011 2889 4372 3413 1884 1708 -1 4745 2755 2954 4341 1990 3740 3404 2970 4585 3493 3139 2816 3179 2952 -1 1178 3327 3454 2212 6371 4945 2393 3890 2859 3023 2985 4395 -1 4357 2607 -1 2407 1099 4326 4420 2214 4920 4264 3074 -1 3058 1819 3524 5122 2007 3076 4331 1466 3381 3705 2888 2981 3418 4147 1023 2604 2878 4293 1875 3772 3487 2626 4339 3917 133 3464 4165 2284 3276 3014 3163 3456 4851 2521 4353 2348 3211 3003 2055 4294 2451 3339 4267
-1 -1 -1 -1 -1 -1 -1 -1 -1 -1 -1 -1 -1 -1 -1 -1 -1 -1 -1 -1 -1 -1 -1 -1 -1 -1 -1 -1 -1 -1 -1 -1 -1 -1 -1 -1 -1 -1 -1 -1 -1 -1 -1 -1 -1 -1 -1 -1 -1 -1 -1 -1 -1 -1 -1 -1 -1 -1 -1 -1 -1 -1 -1 -1 -1 -1 -1 -1 -1 -1 -1 -1 -1 -1 -1 -1 -1 -1 -1 -1 -1 -1 -1 -1 -1 -1 -1 -1 -1 -1 -1 -1 -1 -1 -1 -1 -1 -1 -1 -1
3976 4126 -1 2277 3385 3279 824 2530 -1 1407 4078 2424 3987 3777 2951 2775 -1 3431 647 3188 4902 2133 2011 3722 2305 1624 2489 2649 3504 3497 1568 -1 2659 3888 3237 1037 5168 3216 3104 1883 2977 1857 3696 4148 -1 3202 3168 -1 3274 1660 2690 3515 2532 1959 3758 2070 -1 2424 2886 3018 4496 2568 1310 1452 1700 4092 962 3599 3124 3933 3682 1584 3504 3134 4611 2651 3253 2997 737 4322 2566 2803 3698 4282 2518 2272 3332 1997 2804 2900 2667 4858 1799 2022 1235 2766 3629 2533 1450 3754
3975 2376 -1 3211 2429 2577 3898 1543 -1 3802 5287 5092 4161 2524 4160 3093 -1 2729 3721 726 5372 3347 2502 2311 3650 4315 3282 3033 3981 3336 2733 -1 1784 4852 2361 3183 5512 3707 3778 3228 631 2791 3576 4241 -1 4122 3673 -1 3615 2994 4281 4653 2604 3950 3742 2863 -1 2914 4095 4757 4139 3494 2988 4120 3361 3972 3616 3479 4004 2183 6092 2918 3837 3740 3200 1664 3929 3381 2415 4211 1864 2684 3697 4579 56 3065 2669 2931 3672 3758 756 5561 2137 3977 2792 3440 4974 1658 3128 2039
3891 3856 -1 3027 4221 3852 4105 3642 -1 979 5257 4742 4984 4603 4130 3598 -1 4004 3928 2825 4902 3163 3712 4355 4385 4523 3691 3526 4511 4130 1140 -1 3409 4443 2809 3153 5510 4824 3055 3963 2730 2607 4137 4213 -1 4261 3783 -1 3898 4153 2962 5163 3165 4858 4092 3272 -1 4125 4065 5015 5246 3391 2958 3770 3348 4533 3246 4040 4154 3663 5742 4446 4095 3482 5244 3763 3590 3874 2385 5257 3139 3553 4769 3887 2155 2935 3965 2747 3428 5184 2855 5130 2107 3029 2120 3945 5709 3283 2778 4138
3276 2652 -1 1128 346 2130 1815 1563 -1 2398 3848 3415 2124 640 2721 1010 -1 2282 1638 1994 3943 1264 1873 228 2782 2232 1431 3232 2101 1452 2559 -1 987 3139 278 1284 3429 3078 1695 2874 658 708 2081 2999 -1 2039 2419 -1 1770 911 3606 3539 521 2567 2882 1012 -1 2286 2656 2674 2056 1819 2301 2443 1278 2477 1953 1984 2255 2459 4592 835 1754 1657 1117 1442 2045 3252 1728 2327 1417 800 3276 3322 1324 1396 1321 848 1589 1675 1089 3716 1813 2513 2226 1357 3574 1384 2441 2696
3100 2729 -1 2455 3289 2402 2456 2082 -1 3550 4274 4167 4096 2760 3147 2982 -1 2554 2279 2795 4040 1862 2426 3174 2718 2069 698 2779 3613 3383 2538 -1 1686 3618 3221 2406 5377 2370 1313 3216 2700 2035 1905 3315 -1 3363 3515 -1 2663 1921 2691 3363 2418 2404 1967 279 -1 1978 3082 4268 3912 3319 2211 3343 2288 2301 3108 1808 1420 2536 3757 3778 3348 2523 4060 2151 2957 3127 1638 3766 1689 2920 3161 3749 2125 481 2030 1413 2193 3770 2825 4509 1360 2131 2978 975 2841 2543 2351 1963
3924 3952 -1 3385 4005 4153 4463 3067 -1 5093 5274 5245 4605 3806 4147 4669 -1 4305 4286 2302 4523 3521 4078 3887 3269 4945 3984 3709 4853 4313 1323 -1 2491 3509 3405 3336 6999 5200 3294 4146 2207 2965 4435 5441 -1 5606 4491 -1 4860 1281 5511 4602 3348 5280 5253 3565 -1 4490 4082 5198 5604 5070 3141 4273 1648 4831 3887 4338 4512 3759 6245 4494 4278 4720 4776 3188 4546 4057 2568 4685 3440 3911 3646 4528 1632 3767 4148 3105 4390 5334 2332 6806 2290 4798 2303 4261 4593 3234 3281 3615
3390 1433 -1 1765 2169 2952 2156 844 -1 2739 2970 2599 3462 2180 1843 2833 -1 3104 1979 2934 4580 1901 1354 2051 3327 3107 2583 2090 3038 2416 2379 -1 2147 2020 2101 2266 5252 2559 2672 3228 2481 1345 2633 3821 -1 2286 2392 -1 1540 2649 2865 3771 1728 2802 3571 2164 -1 1767 1778 3193 3879 3642 2289 1627 2679 3029 2445 2536 2750 1240 3855 2658 2658 1400 2940 965 1167 2438 1716 3867 2226 2291 3609 3721 2533 2085 1726 1485 1070 2651 2480 3486 670 3505 2093 2860 4651 2021 2429 3848
2814 3346 -1 1832 1603 3019 1741 1820 -1 2324 3887 2478 2378 1897 2760 2267 -1 3171 1564 2368 4620 1968 788 1485 2954 2541 2688 3566 3358 2709 2171 -1 2214 4138 1535 1954 2968 1993 1978 2800 1915 1412 3338 3754 -1 954 1826 -1 974 2168 3607 4432 1778 2236 3511 2269 -1 1201 2695 3645 3060 3076 2155 2369 2535 3734 1879 3241 2184 3153 3736 2092 2725 834 2374 1941 2993 3379 1654 3584 2306 2057 3795 2835 2581 2025 2578 561 504 2932 2346 2920 2414 2939 2152 2434 4278 2088 2367 3953
3351 3991 -1 3715 4257 1354 3425 2026 -1 2627 5097 5136 4644 3533 3970 2478 -1 1506 3248 4079 5607 3851 2425 4257 2908 4671 3765 4039 5187 4032 2788 -1 3515 4578 4307 2982 7158 3630 3163 4410 2505 3295 3675 5165 -1 4844 3909 -1 4098 3691 4610 5133 3067 3873 5034 3346 -1 1691 3905 3593 5812 2271 3014 4499 3861 4071 2852 3578 4487 3798 5037 4143 3374 3492 5146 2147 3725 3869 2898 5220 641 2504 5383 3493 3803 3548 3867 3435 3628 3667 3768 4953 2620 3912 3275 2825 4232 3389 3611 5030
4092 4172 -1 3215 3633 2095 3461 2767 -1 3368 4460 3362 5282 3927 3333 2071 -1 2247 3286 4238 5200 3351 3166 3935 3649 4995 3967 3971 1239 2516 1585 -1 3108 3109 3254 2575 5116 4371 2756 4408 3246 2795 3348 4658 -1 4706 4203 -1 4289 3364 3628 4806 2745 4614 4627 3827 -1 2432 3268 3887 5343 1864 2490 2390 3731 3744 3593 3251 4342 3979 4362 4122 2967 4149 4404 2888 3109 4319 2830 5043 1382 2911 4679 4234 3568 3407 3545 2935 3819 4408 3445 5694 2552 3474 2565 2418 4973 2982 1398 5511
2957 2586 -1 2596 2197 3548 1877 2098 -1 2881 3962 4207 1599 2761 2835 485 -1 3700 1700 2652 3614 2732 2517 2349 2575 4267 3552 3243 3470 2124 2962 -1 1522 3243 2399 759 5234 3722 1170 3974 2557 2176 1762 3172 -1 3220 2617 -1 2703 1778 4582 3220 1159 3965 3041 3133 -1 1835 3328 2301 3899 3783 2681 3344 2145 2158 2625 1665 3236 2393 5465 2799 1381 2563 3238 2080 2717 3591 2261 4448 3070 1325 3728 3266 1982 3015 1959 2316 2233 3796 2682 4548 1880 1988 2649 832 3899 1396 2974 3965
4465 3481 -1 2924 2203 3810 1137 1358 -1 2323 4022 3896 1659 2497 2895 2867 -1 3962 960 2815 1577 2981 3622 2085 3841 3527 3097 3371 3405 3309 2484 -1 782 4983 2135 2998 5286 4217 3552 3494 2515 2504 3270 4856 -1 4909 3444 -1 3627 2768 4085 4363 2378 3862 3927 2678 -1 4035 3202 4490 3913 3676 2158 2924 2548 3666 3436 3173 3819 3288 5154 2692 3516 3514 2974 1479 3902 3719 1585 4126 3274 2657 4546 4077 2145 2441 3178 2644 3741 3532 2946 4081 1952 3677 2607 3214 5165 656 2298 3288
4608 3593 -1 2664 3239 2611 3176 2471 -1 3759 4483 4376 5089 2969 3356 3735 -1 2763 2999 4211 5181 2071 2686 3383 3847 2278 2048 2988 4686 3592 2373 -1 1895 4180 3433 2615 6278 2579 3878 3425 2703 2244 3708 4686 -1 3618 2028 -1 2817 3724 2900 4625 2627 2613 2176 1629 -1 2948 3291 4477 4121 3528 830 3552 2810 4104 3777 3611 3062 3400 5399 3990 3557 2732 4272 2592 3327 3336 1847 4656 1898 3129 4808 4750 3608 690 3427 1622 2402 4830 3993 4718 1569 4636 3353 3540 3906 2752 2560 3313
4815 3421 -1 4241 4074 3412 4407 3291 -1 4990 4844 4722 5358 4368 3717 4738 -1 3564 4230 4190 5276 4329 2790 4707 4966 4536 4306 4078 6048 4404 3341 -1 3967 5275 4006 4455 6997 3995 4108 5265 4095 3821 3620 5792 -1 4321 4286 -1 4240 3636 5158 4758 3517 3078 4434 3887 -1 3203 3652 6054 3273 5547 3088 4882 4003 4016 3856 3523 5320 3228 5980 4563 5134 3500 4438 2936 4422 4426 3687 3096 4156 3811 4841 5551 3520 2948 2815 3880 4091 5179 4220 6186 3146 4916 2362 5085 5930 3841 4400 5503
2254 3340 -1 2534 2104 2966 3612 3210 -1 4239 3604 4214 3882 2398 2477 2768 -1 3118 3435 2954 4324 2670 3115 3622 3355 3951 3133 2858 3183 3210 2617 -1 2745 3929 2036 2485 5179 4320 2594 3295 2859 2114 3291 3952 -1 4000 3640 -1 3528 2669 4480 2932 2432 3225 4402 2714 -1 2615 2412 4144 3814 3577 2290 3242 2680 3687 2217 3194 235 3147 2572 2593 3248 3415 2875 966 3241 3206 1717 3015 2253 2558 1976 2858 2284 2916 845 2254 3539 3835 2489 3899 1439 2768 3597 3115 4679 2790 2430 2652
3665 3525 -1 1181 2454 2368 2259 2139 -1 3175 3941 3329 2538 2748 2814 1424 -1 2520 2082 3062 3996 1317 1639 2336 1160 3392 3539 3202 2055 2506 2974 -1 1563 3175 2386 1698 3819 2844 2109 2559 2766 761 2701 1757 -1 1805 2669 -1 1825 2717 4235 3269 1541 3087 3704 3120 -1 420 2749 3240 3400 2680 1266 3220 3084 3097 2224 2604 1821 3332 4158 2943 2320 1685 3225 2260 2342 2598 2505 3352 1655 1707 2313 2865 2500 2876 2341 901 1355 2396 2826 3771 2733 573 2652 1771 2484 1437 3218 4238
3273 691 -1 1706 2084 2802 2784 1560 -1 3700 3845 3854 3063 637 2718 1949 -1 2954 2607 2696 4521 1842 2164 2861 3506 3917 3272 1348 2580 1449 2333 -1 984 3700 2175 2223 4344 3369 2634 3084 2873 1286 2078 2282 -1 2330 1988 -1 1930 2094 3935 3536 2066 3364 3826 2853 -1 2335 2653 3765 3925 3205 2429 3561 2461 2474 2398 1981 2386 498 4723 2732 2845 2210 3014 1105 2042 1696 1856 2324 2180 797 2838 3390 2026 2340 984 1426 1880 4308 2986 3876 1578 1098 2809 2296 4388 1962 2569 4009
3469 3098 -1 2824 3658 2771 2825 2451 -1 3871 4643 4536 4465 3129 3516 2387 -1 2923 2648 3164 4409 2231 2795 3543 3087 2438 1067 3148 1555 3752 2334 -1 2055 3425 3590 2775 5746 2739 1682 3585 3069 2404 2274 3684 -1 3732 3884 -1 3032 2290 3060 3732 2787 2773 2336 648 -1 2347 3451 4203 4281 2180 2580 3712 2657 2670 3477 2177 1789 2905 4126 4147 3283 2892 4429 2520 3326 3496 2007 4135 2058 3227 3530 4118 2494 850 2399 1782 2562 4139 3194 4878 1729 2500 3314 1344 3210 2912 2720 2332
3604 2696 -1 1592 1766 2484 2670 2550 -1 3779 2814 1739 2649 3216 1687 1535 -1 2636 2493 2519 4407 1728 2337 3034 3307 4090 2813 1030 4520 2917 1519 -1 1974 3664 3084 1809 5292 3542 2220 4265 2292 1172 2812 3463 -1 3269 2649 -1 2295 1436 2005 4012 1952 3616 4091 3761 -1 2750 1622 2333 3811 2344 2428 767 1803 3208 2080 2715 2719 2503 2997 1360 2279 2383 3923 2671 2568 1378 1855 3637 1881 2118 3056 4164 1849 3373 2752 1312 2053 4018 2324 4173 2486 3038 2499 1882 4631 1848 2568 3832
4466 3123 -1 2566 1845 3629 779 1000 -1 1965 4036 3538 3618 2139 2909 2509 -1 3781 602 3493 5084 2623 3264 1727 3483 3169 2739 3013 3047 2951 2126 -1 424 4638 1777 2640 4928 3859 3194 3136 2157 2146 3580 4498 -1 4551 3086 -1 3269 2410 3727 4005 2020 3504 4008 2320 -1 3677 2844 4132 3555 3318 1800 2566 2190 3976 3664 3483 3461 2930 4796 2334 3253 3156 2616 1121 3544 3361 1227 3826 2916 2299 4188 4821 2823 2522 2820 2286 3694 3174 2588 3723 1594 3319 2249 2856 4807 298 1940 2930
4582 2930 -1 2434 1652 3436 1189 2869 -1 1772 4443 3345 3430 1946 3316 2316 -1 3588 1012 3300 5249 2570 4142 1534 4088 3538 2737 3587 2854 2758 1933 -1 2293 4445 1584 2590 4735 4269 3001 4689 1964 2014 3387 4305 -1 4358 2893 -1 3076 2217 3534 4415 1827 3873 4188 2318 -1 3666 3251 3939 3362 3125 2210 2373 2584 3783 3987 3290 3561 2737 4603 2141 3060 2963 2423 2748 3351 3816 1637 3633 2723 2106 4582 4628 2630 2702 2627 2154 3858 2981 2395 5022 2164 3126 2913 2663 4880 2690 2350 4002
4296 4051 -1 2249 3309 3436 3327 2104 -1 4239 3506 3384 4020 3814 2379 3140 -1 3588 3150 3869 3938 2385 3538 3402 4333 4456 3843 2573 4279 3177 1618 -1 2631 3256 3452 1903 6603 4743 3460 3911 2260 1829 3299 4305 -1 4470 3355 -1 2902 3041 3905 4437 2212 4273 5112 3424 -1 3773 2314 4062 4468 3949 3436 2667 3408 3695 2518 3202 3376 3858 4642 2965 3142 3584 4291 2225 3410 2921 2863 4479 2723 2775 4701 5027 3199 3626 3012 1969 3254 4123 3016 4848 1154 3578 639 3487 5609 2505 3167 5108
4223 3263 -1 2305 3236 2639 3204 2499 -1 3787 4360 4165 4738 2997 3233 3624 -1 2791 3027 3493 5120 2099 2714 3118 3488 2306 2076 2629 4255 2893 2388 -1 1923 4208 3168 2256 5919 2607 3387 3066 3398 1885 3355 4361 -1 3646 3411 -1 2900 3080 2928 4266 1928 2641 2204 1657 -1 2976 3168 4118 4149 3556 2061 3193 2451 3751 1713 3258 3090 3070 5165 3004 3019 2760 4007 737 3199 2977 1488 4535 1926 2831 3973 2354 2823 718 2728 1650 2430 3651 2629 4746 1210 2773 3368 3181 4219 2561 2201 3341
-1 -1 -1 -1 -1 -1 -1 -1 -1 -1 -1 -1 -1 -1 -1 -1 -1 -1 -1 -1 -1 -1 -1 -1 -1 -1 -1 -1 -1 -1 -1 -1 -1 -1 -1 -1 -1 -1 -1 -1 -1 -1 -1 -1 -1 -1 -1 -1 -1 -1 -1 -1 -1 -1 -1 -1 -1 -1 -1 -1 -1 -1 -1 -1 -1 -1 -1 -1 -1 -1 -1 -1 -1 -1 -1 -1 -1 -1 -1 -1 -1 -1 -1 -1 -1 -1 -1 -1 -1 -1 -1 -1 -1 -1 -1 -1 -1 -1 -1 -1
-1 -1 -1 -1 -1 -1 -1 -1 -1 -1 -1 -1 -1 -1 -1 -1 -1 -1 -1 -1 -1 -1 -1 -1 -1 -1 -1 -1 -1 -1 -1 -1 -1 -1 -1 -1 -1 -1 -1 -1 -1 -1 -1 -1 -1 -1 -1 -1 -1 -1 -1 -1 -1 -1 -1 -1 -1 -1 -1 -1 -1 -1 -1 -1 -1 -1 -1 -1 -1 -1 -1 -1 -1 -1 -1 -1 -1 -1 -1 -1 -1 -1 -1 -1 -1 -1 -1 -1 -1 -1 -1 -1 -1 -1 -1 -1 -1 -1 -1 -1
5383 5881 -1 4298 5966 6151 4566 4838 -1 5149 6733 6722 6721 3915 5606 5650 -1 6303 4389 4595 6988 4434 6111 5848 4728 6956 6577 6538 6312 4727 5310 -1 4262 7050 5898 5962 8534 7316 5709 6434 4500 5041 5356 5632 -1 6520 5064 -1 5853 5372 6911 6061 4658 7291 5358 6158 -1 6524 5541 7274 7493 6937 4834 5750 3107 5752 5346 5259 5425 5688 7762 6455 5985 5322 6737 4959 5320 6886 5014 5602 5690 4075 5105 5987 3925 5618 5458 5181 5827 7284 4625 7799 5432 6406 5352 5997 6052 4895 5727 5908
5430 4190 -1 3852 2989 3707 4104 3357 -1 4687 4891 4841 5722 4238 3764 4608 -1 3859 3927 2540 6379 3988 3276 3826 5261 4068 4232 2253 5699 4889 3978 -1 3598 6364 3876 3754 7027 4481 4594 5042 2445 3432 5390 5723 -1 5353 4189 -1 4978 4509 5084 4219 3924 4403 4360 3813 -1 2953 3699 5066 5422 5308 3651 4732 4041 5616 3303 5293 4979 3997 6099 4433 3879 3197 4715 2893 4828 2601 3078 4302 3678 4090 3263 4510 1870 2874 4483 2923 4586 4929 2271 6215 3366 4363 4515 4922 6375 3472 3791 3853
2908 2775 -1 468 2136 1470 1546 1426 -1 2732 3247 3948 3365 2430 2120 2569 -1 1622 1369 2979 3283 604 2541 2018 3024 3523 3165 3432 3677 1793 2116 -1 850 3757 2068 2936 5219 3746 3201 3141 2448 48 2089 2339 -1 3227 1771 -1 2560 2105 3337 3547 828 2492 3848 2746 -1 1807 2055 3709 2687 2387 2567 2976 2472 2805 2861 2312 1595 2582 3932 2625 2692 2914 2907 1547 1444 2592 1994 2513 757 994 3654 3609 2309 2362 1628 188 2777 3465 2757 4217 2020 3921 2675 2916 4348 724 2707 3697
2815 1986 -1 3020 2526 3896 2429 3007 -1 3012 4225 3854 3742 2820 3098 3190 -1 3142 2252 2190 4480 2699 2272 2408 2774 4025 3611 2643 3969 2969 1327 -1 3167 2968 2458 3340 4452 3477 3298 2352 2095 2600 1300 1550 -1 2438 982 -1 1771 1316 4120 2758 2701 3720 4747 3192 -1 2685 3033 4448 3757 3999 2396 2882 1683 2016 3363 1523 1654 1793 3991 3015 1903 2318 3297 2385 2422 2991 2119 4507 3328 2980 3681 4319 1520 3340 2264 2045 1988 3855 2220 3717 1925 3755 2307 3537 3930 3122 2832 3503
5806 3849 -1 4181 1693 2411 3911 3260 -1 4278 5386 5015 5878 4596 4259 5249 -1 2563 3734 5350 6508 4317 3770 4467 3965 4711 4999 4506 5454 4832 4341 -1 4563 4436 4517 4124 7668 4566 5088 4970 3562 3761 4732 5976 -1 4702 3996 -1 3956 4684 5281 6187 4124 4809 5987 4580 -1 4183 4194 5609 5763 5655 3139 4043 4787 5128 3909 4635 5166 3656 6271 4671 5074 3004 5079 3381 3583 1305 3824 3737 4642 4707 6025 4550 4949 4501 4142 3901 3486 5067 4825 5902 3086 4969 4322 5276 5289 4437 4537 6264
3416 3688 -1 1381 3049 2383 2459 2339 -1 3645 2626 1528 4278 3028 1499 3482 -1 2535 2282 3892 4196 1517 2901 2931 3798 4436 2602 3694 4590 2706 1308 -1 1763 3862 2981 3321 5081 4106 2580 4054 2081 961 3002 3252 -1 3067 2438 -1 3087 3018 1794 3801 1741 3405 4671 3550 -1 2720 1434 2122 3600 3300 2757 556 3385 3718 3774 3225 2508 3495 2786 3538 3605 2947 3820 2460 2357 3505 2553 3426 1670 1907 2845 4522 3222 3185 2541 1101 2617 4378 2136 3962 2275 4798 2288 3829 5122 1637 3266 4610
3960 2972 -1 1080 2748 3829 2158 2379 -1 2347 4801 3748 3977 3042 3674 3181 -1 3981 1981 2884 3895 1216 4140 2630 4492 3811 3833 3629 4289 2405 2508 -1 1803 4554 2680 3224 5831 5185 3866 4070 3060 2682 3960 5158 -1 4645 2895 -1 3684 3313 4330 5222 1440 4146 4782 3414 -1 4236 3609 4915 4458 4221 3179 3639 3569 4356 3149 3863 2207 2779 4544 3237 3816 2104 3519 2361 2998 3977 2606 3565 3186 1606 4266 5148 3523 3296 2240 2822 3856 4077 3491 4829 2834 4209 3422 3528 5678 1677 3319 4309
3600 2777 -1 975 2246 2162 2053 1933 -1 3239 3030 3857 3872 2540 1903 2910 -1 2314 1876 3671 3790 1111 2264 2128 3059 4017 3331 3434 3005 1903 2080 -1 1357 4174 2178 1476 5329 3469 2984 2637 2558 555 2781 3031 -1 3196 2463 -1 2450 2797 4029 4239 938 2999 4280 2912 -1 2499 1838 2788 3194 3079 2934 2885 3164 3497 3112 3004 2102 2584 4439 2735 1868 2310 3017 1859 2136 3099 2501 3205 1449 1501 3764 3753 3001 2794 1738 695 1980 3575 2540 4396 2332 3969 3060 3257 4383 1231 1893 4204
6559 5819 -1 3927 5595 6520 5005 5226 -1 3647 7648 6595 6824 5889 6521 6028 -1 6672 4828 5493 6742 4063 6275 5477 6569 6658 6359 6194 7136 5252 3808 -1 4650 6763 5477 5821 8178 7480 5723 6147 5398 5275 6805 5345 -1 6929 5742 -1 5745 6160 5630 7831 4287 6993 6760 5940 -1 4975 6456 7683 7305 6059 5626 6438 6016 7201 5914 6708 5054 5626 7391 6084 6663 4951 6366 4635 5845 6542 5053 6412 5807 4453 7113 6555 4823 5603 5087 5415 6096 6924 5523 7676 4775 5697 4788 6375 7789 4524 5446 6806
4399 3629 -1 2154 3214 3341 3232 465 -1 4418 4209 4014 3083 1972 3082 3707 -1 3493 3055 3774 4969 2290 2977 3307 2948 3575 2204 2478 4184 2784 2237 -1 2319 4216 3357 2105 5768 3876 2819 2849 3679 1734 3204 4210 -1 4044 3260 -1 3629 3122 4197 4115 2117 3910 3473 1785 -1 3390 3017 3967 4373 4030 1910 3042 2300 3600 3528 3107 2926 3436 3476 3046 2868 3489 4196 586 3315 2826 1337 3659 2628 2132 3822 4932 3104 1987 2917 1874 3159 4754 3260 5575 1059 3637 1714 2481 4272 2410 2050 3469
3354 3504 -1 2645 2763 3481 2673 2894 -1 3859 3890 2792 3365 3512 2763 2251 -1 3633 2496 2566 4621 1511 2466 3100 2699 4219 3676 2027 2882 2875 1015 -1 2318 3935 2684 2525 4546 2747 2936 3838 2471 2225 3528 4088 -1 2632 3215 -1 2652 1707 3058 2893 1910 2990 4134 3257 -1 2879 2698 3386 4738 2615 688 1820 1078 3924 340 3431 2502 3311 3792 1631 3147 2512 3989 2667 3468 2375 115 4115 2934 3091 3076 3762 1896 2648 2710 2239 2182 2278 2045 4598 1982 1400 1995 2598 4023 2192 828 3616
4982 4074 -1 2970 3144 3862 3643 2051 -1 4829 4192 3117 4027 4527 3065 2913 -1 4014 3466 3897 5380 3106 3715 4115 4532 5161 3790 2408 5504 3890 2897 -1 3288 4902 4165 558 6670 4920 3598 4501 3670 2550 4190 4841 -1 4647 4027 -1 3673 2674 3383 5390 2925 4994 5059 3371 -1 4128 3000 3711 5189 3582 3496 2145 3041 4586 3458 4093 4097 3881 4375 2598 3657 3761 5004 2172 3946 2756 2923 5015 3259 3091 4434 3803 3227 3573 3725 2690 3431 5396 3702 4498 2645 4416 3300 3260 5856 3162 3636 4112
3207 1059 -1 2381 1599 3170 1502 2671 -1 2085 3765 3329 3229 1893 3311 2263 -1 3322 1325 2238 5196 2517 1639 1481 2824 3392 2684 1716 3354 2042 400 -1 2240 4392 1531 2413 3819 2844 2371 3223 1911 1961 3334 4252 -1 1805 55 -1 844 2164 3847 4334 1774 3087 4135 2265 -1 2052 3246 3927 3309 3072 2218 2686 2531 3730 2730 3237 2054 866 3833 2088 976 1685 2370 1473 2635 2064 1645 3580 2670 2053 3378 3686 2577 2649 1352 1412 1355 2928 2342 2790 1367 3190 1380 2610 4148 2637 2358 3949
-1 -1 -1 -1 -1 -1 -1 -1 -1 -1 -1 -1 -1 -1 -1 -1 -1 -1 -1 -1 -1 -1 -1 -1 -1 -1 -1 -1 -1 -1 -1 -1 -1 -1 -1 -1 -1 -1 -1 -1 -1 -1 -1 -1 -1 -1 -1 -1 -1 -1 -1 -1 -1 -1 -1 -1 -1 -1 -1 -1 -1 -1 -1 -1 -1 -1 -1 -1 -1 -1 -1 -1 -1 -1 -1 -1 -1 -1 -1 -1 -1 -1 -1 -1 -1 -1 -1 -1 -1 -1 -1 -1 -1 -1 -1 -1 -1 -1 -1 -1
3465 3022 -1 1220 2280 2407 2298 2178 -1 3484 3275 4102 4117 2785 2148 3155 -1 2559 2121 2840 4035 1356 2509 2373 3304 4262 3576 1544 3250 2148 2325 -1 1602 3925 2423 1721 5574 3714 3229 2882 2745 800 2270 3276 -1 3441 2326 -1 2695 2286 4274 3408 1183 3244 4525 3157 -1 2744 2083 3033 3439 3324 2942 3130 2653 2666 2594 2173 2347 2829 4684 2980 2113 2555 3262 2104 2381 1892 2369 3450 1694 1746 4009 3998 2170 3039 1983 940 2225 3820 2785 4641 125 3654 3305 3502 4580 1476 2138 4153
-1 -1 -1 -1 -1 -1 -1 -1 -1 -1 -1 -1 -1 -1 -1 -1 -1 -1 -1 -1 -1 -1 -1 -1 -1 -1 -1 -1 -1 -1 -1 -1 -1 -1 -1 -1 -1 -1 -1 -1 -1 -1 -1 -1 -1 -1 -1 -1 -1 -1 -1 -1 -1 -1 -1 -1 -1 -1 -1 -1 -1 -1 -1 -1 -1 -1 -1 -1 -1 -1 -1 -1 -1 -1 -1 -1 -1 -1 -1 -1 -1 -1 -1 -1 -1 -1 -1 -1 -1 -1 -1 -1 -1 -1 -1 -1 -1 -1 -1 -1
2013 3606 -1 3007 2406 3703 2609 2548 -1 3192 1223 1101 4064 1625 96 3070 -1 3855 2432 2013 4895 3143 2474 2288 2599 3370 3140 3393 4161 2437 2422 -1 1972 4608 2335 2772 4654 3671 1177 3668 1654 2587 3050 4200 -1 2640 2611 -1 619 2380 2538 3374 2581 3705 3268 2721 -1 2887 31 4084 4116 3879 1354 3237 2747 3446 2747 2953 1829 3413 2359 2895 3164 2520 3177 1801 3030 3741 2522 3281 2990 1785 2418 3418 2731 1782 2439 2247 2190 3735 733 2565 2274 3807 3020 3417 3923 2404 3235 4246
0 1861 -1 2757 2607 3313 2442 2663 -1 3147 3902 3482 2964 2721 2775 3271 -1 3465 2265 1927 2882 2893 1792 2489 3041 3545 3564 2518 3984 2844 2436 -1 2087 2750 2539 2916 4734 2997 3110 3726 1832 2337 1037 3209 -1 2724 2830 -1 1978 1053 3857 2495 2720 3240 4164 3145 -1 2205 2710 4185 3174 4080 2109 2619 1420 1433 2883 940 3188 1668 4740 3096 3650 1838 3378 2275 2159 2866 1536 3947 3065 2881 3418 4300 1257 3029 2154 2477 1508 3936 1957 3924 1662 3492 2110 3438 3347 1961 2249 3240
2597 0 -1 1982 1552 2407 3060 2769 -1 4246 3379 3842 3330 1846 2252 2216 -1 2559 2883 3200 4667 2118 2871 3135 3165 3438 2581 2306 3526 983 2065 -1 2193 4272 1484 1933 4635 3763 2901 2743 3507 1562 3032 4038 -1 3872 3088 -1 2976 2117 3469 3275 1945 2673 3360 2162 -1 3284 2187 3795 3262 3025 1738 2870 2128 3428 2560 2935 3109 3490 4842 2041 2696 2863 2323 414 1576 2654 1165 3358 2456 2006 2319 3201 2530 1874 293 1702 2987 4498 2295 4922 887 3620 3045 2563 4489 2238 1878 3846
-1 -1 -1 -1 -1 -1 -1 -1 -1 -1 -1 -1 -1 -1 -1 -1 -1 -1 -1 -1 -1 -1 -1 -1 -1 -1 -1 -1 -1 -1 -1 -1 -1 -1 -1 -1 -1 -1 -1 -1 -1 -1 -1 -1 -1 -1 -1 -1 -1 -1 -1 -1 -1 -1 -1 -1 -1 -1 -1 -1 -1 -1 -1 -1 -1 -1 -1 -1 -1 -1 -1 -1 -1 -1 -1 -1 -1 -1 -1 -1 -1 -1 -1 -1 -1 -1 -1 -1 -1 -1 -1 -1 -1 -1 -1 -1 -1 -1 -1 -1
3464 3422 -1 0 1668 2749 1078 1299 -1 2264 3721 3837 2897 1962 2594 2101 -1 2901 901 3316 2815 136 3060 1550 3736 3055 2753 3173 3209 1325 2425 -1 723 3474 1600 2468 4751 4105 2786 3314 1980 2030 2880 4321 -1 3992 3385 -1 3092 2233 3811 4142 360 3390 3702 2334 -1 3156 2529 3917 3378 3141 2099 2865 2489 3276 2393 2783 1127 3229 3464 2157 2997 2979 2439 1281 1918 3521 1526 3649 2106 526 3186 4068 2646 2216 1160 2170 2776 2997 2411 3749 1754 3453 2548 2448 4598 597 2239 3229
4848 5461 -1 3671 0 4673 2218 2297 -1 2801 5472 3818 4915 3803 4345 4169 -1 4825 2041 4274 6296 3527 2694 3391 3699 3018 3883 4043 4898 4615 2648 -1 4053 5282 3441 2431 6562 3899 4012 3277 3821 3251 5036 5542 -1 3586 2303 -1 2880 3054 4084 4909 3684 3353 5152 3464 -1 3107 4280 4412 5219 3962 2704 2846 3094 5432 2356 4939 4090 5268 5076 2978 4631 1311 4280 2418 4647 4391 2131 5490 3960 3963 5092 5676 3912 3666 4484 3391 2410 4294 4061 4826 2891 3416 2629 4160 5023 3927 2844 5148
3516 2637 -1 3333 3021 0 2071 3510 -1 2654 4174 4117 4523 3315 3047 3409 -1 152 1894 3211 5181 3469 2558 2903 1554 3317 4106 3294 4040 2678 2815 -1 3662 3224 2953 2730 5804 3763 3172 3576 1151 3182 2321 4493 -1 3490 3596 -1 2744 2337 4264 3779 1713 3652 4098 3687 -1 2971 2982 4711 4458 3773 1660 3145 2704 2717 1498 2224 3954 2444 5375 2789 4305 2604 3792 2634 2371 3642 2430 5002 3581 3475 4539 2139 2541 3289 2513 3322 2274 3436 2414 4690 2560 2558 2045 3756 2878 3858 3143 4524
4315 3872 -1 2070 3341 3257 0 3028 -1 4334 4125 4599 4967 3635 2998 4005 -1 3409 2971 3690 4885 2206 3359 3223 3922 2390 3338 3063 4100 2998 2822 -1 2452 4775 3273 2571 6353 4437 3953 3500 3595 1650 3120 4126 -1 3968 3558 -1 3545 3136 4758 4258 2033 2725 4034 2919 -1 3594 2933 3883 4289 4174 2495 3627 2885 3516 4113 3023 3197 3679 5534 3830 2963 3405 4112 2954 3231 3411 1922 3624 2544 2596 4859 4848 3020 2548 2833 1790 3075 4670 3635 5491 975 4711 3802 3615 5246 2326 2635 4603
3934 3164 -1 1689 2749 2876 2767 0 -1 3953 3744 3549 2618 3254 2617 3624 -1 3028 2590 3309 4504 1825 2578 2842 2483 3110 1739 2013 3719 2617 1772 -1 2071 3751 2892 1640 5303 3411 2354 2450 3214 1269 2739 3745 -1 3579 2795 -1 3164 2657 3732 3650 1652 3445 3008 1320 -1 2991 2552 3502 3908 3565 1445 2577 1835 3135 3063 2642 2461 2971 4549 2581 2403 3024 3731 121 2850 2361 872 3919 2163 2215 3357 4467 2639 1522 2452 1409 2694 4289 2795 5110 594 3172 1249 2016 3807 1945 1585 3004
-1 -1 -1 -1 -1 -1 -1 -1 -1 -1 -1 -1 -1 -1 -1 -1 -1 -1 -1 -1 -1 -1 -1 -1 -1 -1 -1 -1 -1 -1 -1 -1 -1 -1 -1 -1 -1 -1 -1 -1 -1 -1 -1 -1 -1 -1 -1 -1 -1 -1 -1 -1 -1 -1 -1 -1 -1 -1 -1 -1 -1 -1 -1 -1 -1 -1 -1 -1 -1 -1 -1 -1 -1 -1 -1 -1 -1 -1 -1 -1 -1 -1 -1 -1 -1 -1 -1 -1 -1 -1 -1 -1 -1 -1 -1 -1 -1 -1 -1 -1
2968 3247 -1 2048 3242 2873 3126 2663 -1 0 4278 3763 4005 3644 3151 2901 -1 3025 2949 1846 3923 2184 2733 3376 3406 3783 2712 2547 3532 3151 161 -1 2430 3528 1830 2174 4531 3938 2132 2984 1751 1628 3158 3234 -1 3282 3329 -1 2919 3174 1983 4184 2186 4072 3113 2293 -1 3146 3086 4036 4267 3790 1979 2791 2369 3554 2267 3061 3175 3054 4763 3467 3116 2503 4265 2784 2840 2895 1406 4278 2160 2574 3790 2908 1176 2495 2986 1768 2449 4205 1876 4151 1128 2050 1141 2989 4730 2304 1799 3159
2453 2383 -1 3714 2932 4223 2835 2253 -1 3418 0 4386 4562 3080 3381 3596 -1 4375 2658 2968 5335 3850 1314 2814 4157 4725 3992 3040 4687 3366 1733 -1 2929 5203 2015 3746 5152 2519 2632 3817 3244 3294 3490 5585 -1 3138 1388 -1 2177 3497 4276 4948 3107 2762 5261 3573 -1 1727 3316 5217 4084 4405 2809 4019 3864 3886 4063 3393 3387 2190 4125 3421 2309 3018 3400 2374 3959 3388 2978 2058 4003 3240 4702 5019 3710 3775 2676 2745 2688 3703 2826 4123 2700 4523 2713 3943 5481 2803 3691 5257
3399 2681 -1 1906 2188 2908 2326 2405 -1 2909 2945 0 2963 2482 1818 2852 -1 3060 2149 2953 4136 2042 1373 2070 2270 3126 3273 3338 3943 3231 2756 -1 2288 4723 2120 2539 3553 2578 2563 3385 553 1486 3527 3777 -1 1539 2411 -1 1559 2753 3914 2273 2266 2821 4096 2854 -1 1786 1753 3213 3645 3661 2376 2954 3120 4243 2464 3750 2769 2488 1258 2677 3310 1419 2959 2526 2882 3686 2239 2356 2195 2432 1317 3420 3166 2610 2974 1146 1089 3517 1830 3505 2999 3270 2737 3019 3594 2162 2952 4538
4816 4746 -1 4269 598 5271 2816 2895 -1 3399 2363 4416 0 4401 1236 4767 -1 5423 2639 4202 6537 4125 3030 3989 3324 3616 4481 4641 5451 5047 3246 -1 4445 5880 4039 3029 7160 4235 4348 2902 4419 3849 4564 6140 -1 4184 2901 -1 2808 3652 3678 5507 4082 3951 5750 4062 -1 3443 4878 4797 5817 4560 3302 3444 3692 4960 2954 4467 3859 4553 5674 3576 4304 1909 4878 3016 5245 4989 2729 4421 4558 4248 5690 5703 4510 4264 4469 3989 3008 4892 4659 4754 3489 4014 3227 4758 4648 4319 3442 5746
2636 2012 -1 1546 2817 2236 2624 923 -1 3551 3208 3837 3541 0 2081 1735 -1 2388 2447 2059 4301 1682 2196 2699 3406 3291 2662 2669 2843 812 2651 -1 347 3154 2749 2047 5138 3401 2420 3059 2236 1126 1441 3602 -1 3128 3034 -1 2382 1457 3298 2899 1509 3518 3189 2243 -1 2609 2016 3359 3578 3468 1843 3023 1824 1837 3287 1344 2673 1819 5010 3306 2439 2242 3029 1044 1405 3017 1795 1687 2020 160 3822 3959 1389 1703 2305 1266 1912 4146 2361 4328 1517 3238 2172 2082 3751 1802 2464 3372
3580 3510 -1 3966 4059 4968 2513 3380 -1 3096 1127 4113 5383 4207 0 4464 -1 5120 2336 4095 5301 3822 2441 3941 3994 3313 3727 4167 4215 3811 2860 -1 3209 5041 3142 2676 6279 3646 3759 3572 4123 3546 3328 5500 -1 4265 2515 -1 3304 3344 2442 4786 2846 3648 4996 3308 -1 2854 3910 3988 5211 4257 2999 3141 3389 3724 2651 3231 2623 3317 4960 3273 3068 4129 4527 3354 4404 4515 2426 3185 4255 3012 5259 4467 3548 3510 3233 3686 3799 4589 3953 4610 3488 3711 2924 4004 5318 3083 3139 4992
2472 2101 -1 2111 1982 3063 1392 1613 -1 2396 4035 3722 3211 2276 2908 0 -1 3215 1215 2167 3129 2247 2032 1864 2090 3782 3067 2758 2985 1639 2477 -1 1037 2990 1914 504 4749 3237 685 3489 2072 1691 1277 2687 -1 2735 2132 -1 2218 1293 4097 2735 674 3480 2556 2648 -1 1350 2843 1816 3414 3455 2196 2859 1660 1673 2140 1180 2751 1908 4980 2471 896 2078 2753 1595 2232 3106 1776 3963 2585 840 3243 2781 1497 2530 1474 1831 1748 3311 2197 4063 1902 1503 2164 347 3414 911 2489 3480
-1 -1 -1 -1 -1 -1 -1 -1 -1 -1 -1 -1 -1 -1 -1 -1 -1 -1 -1 -1 -1 -1 -1 -1 -1 -1 -1 -1 -1 -1 -1 -1 -1 -1 -1 -1 -1 -1 -1 -1 -1 -1 -1 -1 -1 -1 -1 -1 -1 -1 -1 -1 -1 -1 -1 -1 -1 -1 -1 -1 -1 -1 -1 -1 -1 -1 -1 -1 -1 -1 -1 -1 -1 -1 -1 -1 -1 -1 -1 -1 -1 -1 -1 -1 -1 -1 -1 -1 -1 -1 -1 -1 -1 -1 -1 -1 -1 -1 -1 -1
3856 4457 -1 3503 2869 3950 2365 3358 -1 2948 4635 3965 4371 3163 3508 3257 -1 0 2188 3126 5192 3639 3472 2751 3846 3165 3954 3827 3888 2526 2872 -1 3510 4510 2801 2578 5652 4677 3020 3424 3031 3083 4534 5522 -1 3638 4221 -1 3658 2713 4231 5056 1561 3500 4903 3535 -1 3885 3443 4559 4579 3621 2851 2993 3080 4930 1346 4437 4630 4264 5223 2637 4153 3518 3640 2482 2832 4175 2278 4850 3940 3323 4387 1987 2456 3417 2361 3223 3188 3284 2262 5604 2408 2406 1893 3604 5170 3759 2991 4439
3864 4049 -1 1964 3192 3151 177 2248 -1 4228 4019 3302 4109 3812 2892 2995 -1 3303 0 3076 4482 2021 3536 3400 3209 2567 3515 3240 3994 3175 1525 -1 2346 4952 3194 2465 5056 3257 3496 3677 2981 1544 3297 4020 -1 4145 3452 -1 3446 2896 3568 3403 2210 2902 4211 3096 -1 3488 2827 3777 4183 3804 1198 2330 1588 3693 3062 3200 3012 3856 4302 2820 2857 3582 4289 2369 3125 2804 625 3801 2438 2490 3586 4272 2406 2725 3010 1684 3252 4667 3106 5392 1152 3414 2505 3342 4533 2220 1338 4126
3848 3981 -1 2506 3566 1851 3584 817 -1 3124 4561 4366 3435 4030 3434 2975 -1 2003 3407 0 5321 2642 2922 3659 3300 3927 2556 2830 4536 3434 2589 -1 2888 4568 3709 2457 6120 4127 3171 3267 3002 2086 3556 4435 -1 4396 3612 -1 3981 3474 4549 4467 2469 3706 3825 2137 -1 2188 3369 4090 4725 2768 2262 3394 2652 3952 2890 3459 3278 3788 5366 3398 3220 3841 4548 938 3667 3178 1689 4736 1138 3001 4174 3990 3456 2339 3269 2226 3511 4164 3612 5450 1411 3251 2066 2833 4624 2762 2402 3821
2888 2517 -1 2451 680 2785 2898 2645 -1 3481 2445 4138 82 3143 1318 3770 -1 2937 2721 2583 0 2245 2448 3145 3406 2452 2222 2775 4127 3039 2534 -1 2069 3406 3195 2402 5390 2753 3533 2984 2488 2031 1693 3865 -1 3380 2983 -1 2634 1709 3074 3151 2074 2787 2350 1803 -1 2861 3314 4264 3830 3702 2207 3275 2076 2089 1859 1596 3236 2324 5311 3150 3165 1991 3891 883 2815 3123 1634 2549 2072 2977 4074 2500 1913 864 2810 1796 2164 1974 2613 4580 1356 2919 2766 3327 4003 2707 2347 3487
3905 3506 -1 2949 2228 4012 1162 1383 -1 2348 4419 3719 3192 2522 3292 2892 -1 4164 985 3710 3110 0 3306 2110 3600 2919 3122 3396 3430 3334 2509 -1 807 5021 2160 2332 5311 4242 3350 3178 2540 2529 3963 4881 -1 4497 3469 -1 3652 2793 3985 4388 2403 3254 4391 2703 -1 3719 3227 4313 3938 3701 2183 2747 2573 4359 2257 3866 991 3313 3328 2717 3636 3539 2999 1504 3927 3744 1610 4209 3299 2682 3627 4509 3040 2905 1601 2669 4077 3557 2971 4106 1977 3317 2466 3239 4924 681 2323 3313
2154 3606 -1 3312 2979 3505 4059 2471 -1 2442 4841 4796 5089 1766 3714 3501 -1 3657 3882 1654 5036 3448 0 4465 2925 4717 3346 4263 4609 2445 2603 -1 2113 4904 4272 3813 5400 1205 1318 2503 3986 2892 3191 4341 -1 2691 3477 -1 4132 3207 4425 4649 3275 1448 4309 2927 -1 413 3649 3920 4954 4422 1495 4010 3574 3076 3113 3094 2945 3413 5282 3643 4205 3152 4015 2592 3038 2591 3179 3453 2792 1926 5572 3754 3155 3129 3555 3032 3662 2389 4029 3675 3065 4173 3583 3623 4249 2545 3018 4611
3048 2424 -1 900 118 1902 1978 1335 -1 2919 3620 3699 1896 412 2493 782 -1 2054 1801 1766 3715 1036 2608 0 2554 2004 1203 3004 1873 1224 2536 -1 759 2911 50 1056 3201 3057 1467 3395 430 480 1853 2771 -1 3517 2191 -1 1542 683 3378 3311 293 2339 2654 784 -1 2132 2428 2446 1828 1591 2255 2964 1050 2249 2453 1756 2027 2231 4364 607 1526 1429 889 1214 1817 3024 1863 2099 1189 572 3048 3094 1096 1168 1093 620 2324 1447 861 3488 1585 2285 2584 1129 3346 1156 2576 2468
3493 3122 -1 3251 2778 3496 4006 2827 -1 4408 4851 4493 4740 3808 3724 3710 -1 3648 3829 2010 5158 3387 3053 3595 0 4251 4021 2042 2878 4105 3697 -1 3068 3953 3645 3752 5675 4258 4371 4512 1915 2831 2298 4470 -1 3985 4091 -1 3239 2314 3765 3436 3611 4501 2544 3602 -1 3466 3659 4378 4435 3503 106 3521 2681 2694 3092 2201 4378 2929 5751 4202 4144 3099 4484 2682 3100 2390 2797 4822 3148 3777 4679 4299 1340 2663 3415 2971 2769 5030 2040 4501 2603 3801 3371 4057 1324 2942 3510 3323
3438 2803 -1 2960 4196 4147 4038 3261 -1 3275 3493 4396 4980 3050 2366 3215 -1 4299 3861 4007 5775 3096 3180 4113 4477 0 5000 3460 4323 3786 3436 -1 2685 4834 4163 3461 6261 4385 2602 4622 3912 2540 4003 4199 -1 1578 4114 -1 3914 2606 4708 5141 2923 335 4379 4581 -1 3593 3326 4773 5179 3514 2779 4870 2973 4399 4397 3906 4087 2610 5654 2530 3853 4127 5002 3217 4121 3808 3968 4737 3434 1640 4730 5038 3337 3828 3096 2680 3797 5560 3738 5860 3233 3015 4416 3562 5801 3216 3878 5320
7270 7030 -1 5656 6847 6843 6734 6413 -1 7244 6824 7804 7013 7141 5697 5899 -1 6995 6557 5648 7869 5792 6114 6729 4776 7527 0 6818 6530 6981 4669 -1 5837 6855 6751 6173 8294 7319 6584 7034 5553 5236 7074 6232 -1 6280 5303 -1 6092 4627 6914 6306 6016 7562 7320 6864 -1 4895 5632 4987 7478 7155 4882 7224 4994 7470 6699 6977 6296 6837 8633 7336 6795 6160 7618 5958 5021 7073 5914 7827 6130 6182 6788 7340 4978 5939 6816 5376 5830 6871 5678 4742 5636 5048 5649 6246 6100 5912 6627 6961
4064 3105 -1 1778 736 1454 2856 2736 -1 3537 3229 3502 4075 3740 2102 2961 -1 1606 2679 3276 4593 1914 3176 3328 3008 3754 4386 0 3592 3103 1725 -1 2160 4645 3378 2279 5256 3457 3646 4013 2605 1358 3584 3834 -1 3342 3039 -1 3362 2417 3768 3603 2138 3700 4844 3967 -1 3302 2641 3591 3997 3325 1398 2530 1788 4171 1050 3678 2754 2912 4502 2341 2671 2047 4122 2857 2939 348 825 2780 2252 2304 3786 3593 2606 3358 2938 1498 2892 2988 2755 4331 2692 2110 2705 3308 4332 2034 1538 4326
3304 2933 -1 1979 2394 3895 2224 2445 -1 3228 4517 4554 4043 2688 3390 832 -1 4047 2047 2999 3961 2115 2864 2696 2846 4280 2728 3590 0 2471 3309 -1 1869 1870 2326 1336 5477 4069 1517 4321 2904 2523 2109 3519 -1 3567 2964 -1 3050 2125 3371 3567 1506 4312 3388 3480 -1 2182 3325 2648 4104 625 2952 3691 2492 2505 2972 2012 3106 2740 5443 2883 1728 2910 3165 2427 2714 3938 2608 4375 3417 1672 4075 3613 2329 2833 2306 2663 2580 4143 2206 4895 2734 2335 2996 1179 4170 1743 3187 4312
3186 3278 -1 2865 3440 1424 2939 2672 -1 3960 2396 4444 3591 2798 1269 3936 -1 1576 3200 2504 5382 2272 2887 3461 2978 2479 2249 3189 4883 0 2574 -1 2096 3865 3511 1698 6479 2780 2350 3626 2575 2445 3745 4887 -1 3819 2229 -1 3018 3761 2486 4826 2721 2814 2377 1830 -1 3149 1204 4678 4322 3729 1031 3472 3011 4141 2506 3648 3263 3085 5600 3738 3758 2933 4350 1530 593 3537 2048 4454 2099 2958 4766 3147 3616 891 3521 1823 2603 4444 1906 4654 1770 3566 2222 3741 4107 2953 2761 3514
2807 3864 -1 2062 3122 3249 3140 3020 -1 3770 4117 3922 4595 3627 2990 3481 -1 3401 2963 3682 4877 2198 2951 3215 3245 3622 2661 2386 4092 2990 0 -1 2444 4317 2082 2013 5676 3877 1971 2823 3587 1642 3112 4118 -1 4283 3168 -1 3537 3128 4188 4023 2025 3957 3930 2242 -1 3364 2925 3875 4281 4166 1818 2950 2208 3508 3436 3015 3189 3671 4922 3306 2955 3397 4104 2946 3223 2734 1245 4292 2536 2588 4206 4407 3012 2444 2825 1782 3067 4662 2893 5483 967 4034 980 2938 4569 2318 1958 3926
-1 -1 -1 -1 -1 -1 -1 -1 -1 -1 -1 -1 -1 -1 -1 -1 -1 -1 -1 -1 -1 -1 -1 -1 -1 -1 -1 -1 -1 -1 -1 -1 -1 -1 -1 -1 -1 -1 -1 -1 -1 -1 -1 -1 -1 -1 -1 -1 -1 -1 -1 -1 -1 -1 -1 -1 -1 -1 -1 -1 -1 -1 -1 -1 -1 -1 -1 -1 -1 -1 -1 -1 -1 -1 -1 -1 -1 -1 -1 -1 -1 -1 -1 -1 -1 -1 -1 -1 -1 -1 -1 -1 -1 -1 -1 -1 -1 -1 -1 -1
4402 3740 -1 2265 3325 3452 3343 576 -1 4529 3612 3490 3194 3830 2485 4200 -1 3604 3166 3885 5080 2401 2840 3418 3059 3686 2315 2589 4295 3193 2348 -1 0 4327 3468 2216 5879 3987 2930 2712 3790 1845 3315 4321 -1 4155 3371 -1 3008 3233 4308 4226 2228 4021 3584 1896 -1 3253 2420 4078 4484 4141 2021 3153 2411 3711 3639 3218 3037 3547 4748 3157 2979 3600 4307 697 3426 2937 1448 4495 2739 2791 3933 5043 3215 2098 3028 1985 3270 4865 3122 4954 1170 3748 1825 2592 4383 2521 2161 3580
3454 2830 -1 109 524 2308 1187 1408 -1 2373 3830 3946 2302 818 2703 1188 -1 2460 1010 2172 2924 245 3014 1659 2960 2410 2862 3282 3318 1434 2534 -1 832 0 456 1462 3607 4214 1873 3423 2089 886 2259 3177 -1 3923 2597 -1 1948 1089 3920 3717 469 2745 3744 2443 -1 2538 2638 2852 2234 1997 2207 2974 1456 2655 1859 2162 1236 2637 3573 1013 1932 1835 1295 1390 2027 3430 1634 2505 1595 635 3295 3817 1502 2325 1269 1026 2730 3106 1267 3858 1863 2691 2657 1535 4284 706 2347 3338
4572 3051 -1 1947 2484 3134 3025 2462 -1 4211 4588 4217 4143 2778 3461 3148 -1 3286 2848 3006 4762 2083 2972 2366 4688 4370 3569 3708 4239 3272 2498 -1 2329 3638 0 2250 5567 4177 3833 4805 2796 1527 3753 4003 -1 3904 3435 -1 3158 3049 4483 4956 2307 3971 5020 3150 -1 3385 3396 4811 4166 3957 3907 3245 3416 4469 4063 3976 3074 2858 5411 2973 3892 3018 3255 2583 2785 4056 3334 4177 2421 2473 4000 4654 2336 3534 3107 1667 2688 3813 811 5104 2288 4387 2774 3495 5712 2203 3475 4319
4759 4628 -1 3182 3675 4369 3085 1493 -1 4271 5237 5042 4111 3969 4110 3231 -1 4521 2908 3971 4822 3318 4071 3557 3974 4603 3232 3506 5212 3332 3265 -1 2730 4344 3607 0 6758 4904 3847 3943 3876 2762 4232 5238 -1 5072 3624 -1 4413 2116 5225 5143 2367 4938 4501 2813 -1 4484 4045 4995 5385 3024 2938 4070 2483 4628 3335 4135 3954 4435 6042 2040 3896 4517 4446 1614 3925 3854 2365 5412 3656 2533 4481 3245 3301 3015 3167 2902 4187 5004 3520 3940 2087 4395 2742 3509 5298 2604 3078 4497
3257 2216 -1 1279 1694 1854 2357 1884 -1 3432 3286 3164 3472 1988 2159 2358 -1 2006 2180 2632 3718 1415 2817 2829 3408 3580 3623 3543 4488 2604 3279 -1 2002 1170 1626 2632 0 4022 3043 3908 2537 2056 2062 3884 -1 2763 2934 -1 2682 2078 4562 3200 1639 1520 3610 3204 -1 2477 2094 4022 1715 3167 3134 3324 2445 2458 2298 1965 2406 2693 4422 2183 3102 1942 2465 1972 2864 3392 2561 3675 2765 1805 2922 3993 1962 3406 1851 2196 2533 3903 2437 4628 2367 3358 3133 2705 4372 1876 3274 3945
3346 3878 -1 2868 3609 3845 2854 2933 -1 1237 4426 3591 4085 2958 3299 3123 -1 3997 2677 3083 4003 3004 3088 4021 4161 3512 2141 3784 4231 3770 1398 -1 2593 4742 3067 3067 5768 0 2510 3913 2988 2448 3348 4471 -1 1486 2939 -1 3728 2514 3220 4806 2831 243 3410 1722 -1 3421 3234 4681 5087 3422 2687 3482 2881 3744 2992 3251 1740 3685 4077 2438 3761 1947 4380 2471 4029 4132 2643 4134 3132 1548 4376 4145 2413 1924 2350 2588 3636 4930 3113 5388 2365 3287 2378 2418 4284 3124 3036 3406
4305 4959 -1 4100 3318 4399 4874 3991 -1 5457 5084 4393 4820 3612 3957 3706 -1 4551 4697 3575 6236 4236 3921 3200 4605 5204 4403 4823 4002 2975 4365 -1 3959 5246 3250 3980 6101 5126 0 5260 3480 3680 4983 5971 -1 4087 4670 -1 4107 3162 4302 5792 2010 5190 5352 3984 -1 4334 3892 4915 5028 4070 4006 5170 3529 5379 1795 4886 4847 4766 5651 3086 4602 3967 4089 2931 3281 5171 3682 5299 4389 3772 4836 2436 2905 3866 2810 3694 3637 3733 2711 6053 3404 2855 4934 4053 5929 4356 4178 4888
2282 3544 -1 3440 3107 3633 4187 2599 -1 2570 4969 4915 5162 1894 3842 3629 -1 3785 4010 1782 5164 3576 128 4017 422 4673 3474 2464 3300 2573 2263 -1 2241 4375 4067 3941 5528 1333 1446 0 2337 3020 2720 4469 -1 2819 3605 -1 3661 2736 4187 3858 3403 1576 2966 3055 -1 541 3777 4048 4857 3925 528 3943 3103 3116 3241 2623 3073 3351 5410 3771 4333 3280 4143 2720 3166 2719 3219 3581 2920 2054 5101 3882 1762 3085 3683 3160 3191 2517 2462 3803 3025 4223 3243 3751 1746 2673 3146 3745
5875 5504 -1 4330 4745 5970 5408 5562 -1 5103 6942 6914 6523 5039 5815 5409 -1 6122 5231 5250 7145 4466 5435 4771 6364 6631 5974 6161 6644 4546 5264 -1 5053 4221 4677 5683 7828 6640 6094 6831 0 5107 4360 6852 -1 6367 6473 -1 5621 4376 7032 5818 3581 6761 6923 5555 -1 5848 5750 7073 6455 6218 3553 5942 4743 5076 6080 4583 5457 5311 7794 5234 6153 5481 5516 4502 5139 6509 5179 6726 5816 4856 6407 7289 4580 5437 4381 5247 5151 6218 5280 7567 4975 6806 5433 5756 6990 4927 5892 6563
3045 2912 -1 420 2088 1607 1498 1378 -1 2684 3384 3900 3317 2382 2257 2521 -1 1759 1321 3116 3235 556 2678 1970 3161 3475 3117 3391 3629 1745 2253 -1 802 3894 2020 2888 5171 3883 3206 3278 2400 0 2226 2476 -1 3364 1908 -1 2697 2242 3474 3684 780 2444 3985 2698 -1 1944 2192 3846 2639 2524 2519 2928 2609 2942 2813 2449 1547 2719 3884 2577 2829 2866 2859 1499 1581 2544 1946 2650 894 946 3606 3746 2446 2499 1580 140 2914 3417 2831 4169 1972 3873 2627 2868 4485 676 2659 3649
1515 1144 -1 1720 1890 2596 2028 1707 -1 2430 2925 2554 2442 2004 1798 2554 -1 2748 1851 890 3180 1856 1075 1772 2004 2828 2847 1801 2993 2127 1719 -1 1948 1713 1822 2199 3697 2280 2393 3009 795 1300 0 2492 -1 2007 2113 -1 1261 16 2820 1458 1683 2523 3447 2428 -1 1488 1733 3148 2457 3363 1096 1582 383 716 2166 223 2471 951 3812 2379 2613 1121 2661 1558 1122 2149 819 3420 2028 2164 2381 3263 220 2040 1437 1440 791 3219 920 3207 625 2455 1073 2721 2630 1822 1532 2203
3018 3562 -1 1527 1942 3200 2605 2826 -1 3372 4365 4263 3720 2236 3241 2606 -1 3352 2428 2584 4342 1663 930 3076 1224 3828 3002 2727 2419 2851 2486 -1 2250 1418 1874 2354 5025 2135 2248 802 2728 1983 3408 0 -1 3621 3509 -1 3366 2507 4529 3696 1886 2378 3768 2583 -1 1343 3176 4013 3061 3044 1330 3291 2549 3804 2981 3311 104 3911 2441 2431 3117 3253 2713 835 3444 3075 1586 3779 2877 2053 2740 3622 2153 2785 714 562 3408 3319 2685 3768 1308 3134 3466 2953 2548 2124 2299 2521
-1 -1 -1 -1 -1 -1 -1 -1 -1 -1 -1 -1 -1 -1 -1 -1 -1 -1 -1 -1 -1 -1 -1 -1 -1 -1 -1 -1 -1 -1 -1 -1 -1 -1 -1 -1 -1 -1 -1 -1 -1 -1 -1 -1 -1 -1 -1 -1 -1 -1 -1 -1 -1 -1 -1 -1 -1 -1 -1 -1 -1 -1 -1 -1 -1 -1 -1 -1 -1 -1 -1 -1 -1 -1 -1 -1 -1 -1 -1 -1 -1 -1 -1 -1 -1 -1 -1 -1 -1 -1 -1 -1 -1 -1 -1 -1 -1 -1 -1 -1
1860 2392 -1 2455 3785 3642 3533 2395 -1 4719 4510 5309 4824 1472 3383 3207 -1 3794 3356 3146 4742 2591 3652 4005 4878 4763 4134 3049 4315 2284 3528 -1 1819 4610 3876 2956 6594 4857 1024 4531 3051 2035 2897 4047 -1 0 3183 -1 3631 2913 4770 4355 2815 4479 4015 3715 -1 3979 3318 4268 4674 4559 1201 4365 3280 3293 2819 2800 3582 2199 5919 4110 3348 3698 4501 2516 2877 3397 3267 3159 2929 1632 4711 3460 2476 3175 2685 2175 3368 4757 3176 5577 2989 3879 3644 3554 5207 2251 3373 4459
3152 3850 -1 2326 1544 3328 1447 2761 -1 2030 3710 3603 3322 1838 3335 2208 -1 3480 1270 2183 5141 2462 2793 1426 2769 3430 2629 2731 3299 2650 345 -1 2185 4337 1476 2358 4627 3998 2316 3168 1856 1906 3279 4197 -1 3237 0 -1 789 2109 3792 4368 1719 3765 4080 2210 -1 3206 3270 3872 3254 3017 2163 2631 2476 3675 3151 3182 1999 3657 4336 2033 2952 2855 2315 2640 3243 3079 1590 3525 2615 1998 4474 4520 2522 2594 2519 2046 2787 2873 2287 2735 1312 3711 1325 2555 4093 2582 2303 3894
-1 -1 -1 -1 -1 -1 -1 -1 -1 -1 -1 -1 -1 -1 -1 -1 -1 -1 -1 -1 -1 -1 -1 -1 -1 -1 -1 -1 -1 -1 -1 -1 -1 -1 -1 -1 -1 -1 -1 -1 -1 -1 -1 -1 -1 -1 -1 -1 -1 -1 -1 -1 -1 -1 -1 -1 -1 -1 -1 -1 -1 -1 -1 -1 -1 -1 -1 -1 -1 -1 -1 -1 -1 -1 -1 -1 -1 -1 -1 -1 -1 -1 -1 -1 -1 -1 -1 -1 -1 -1 -1 -1 -1 -1 -1 -1 -1 -1 -1 -1
4124 4670 -1 3146 2364 3245 3833 2211 -1 4416 2921 5369 4142 2658 4347 3028 -1 3397 3656 1394 5683 3282 2004 2246 1980 4250 3449 2774 4119 3470 3592 -1 3005 5157 2296 3302 5447 3209 3322 4270 2676 2726 4099 5017 -1 4057 4309 -1 0 2929 5605 4802 2539 3452 4524 3030 -1 2417 4282 4692 4074 3837 2086 4397 3296 4495 3824 4002 1210 4477 3547 2853 3772 3675 3135 1941 4063 3122 2692 4345 2532 2818 3846 4728 3259 3395 1820 2866 3607 3693 2792 1946 2414 4240 3460 3375 3304 3402 3405 3627
2643 3505 -1 2337 2752 3663 3329 2672 -1 4601 3993 5277 3324 3046 2866 3416 -1 3815 3238 1855 3242 2473 3631 3440 1988 4340 4071 4030 3572 3662 3500 -1 2913 2228 2684 3690 5835 4836 2969 3755 1760 2534 3680 4825 -1 4898 4257 -1 4176 0 4962 3321 2697 4675 4532 3652 -1 4000 2801 4533 4462 4197 2094 4305 367 4076 2606 3583 3464 3312 5801 3241 4160 4063 3523 2793 3630 4378 3544 3404 2950 2863 2365 3247 1185 3854 3497 2674 4151 4544 1885 6086 3266 3666 2612 3763 3312 2787 3313 3168
3671 4181 -1 2657 1875 2956 3735 2548 -1 4676 3928 4916 3653 2169 2801 2539 -1 3108 3558 3523 4793 2793 3267 1757 2202 3761 2960 3380 3630 1532 3074 -1 2516 3803 1807 2728 4958 4312 3224 3817 2187 2237 3610 4528 -1 4199 2729 -1 3299 2440 0 3732 567 3747 3909 2541 -1 3680 2736 2413 3585 3348 2308 3944 2807 4006 3634 3513 3784 3988 5559 2364 3283 3186 2646 1488 2125 3728 2239 3856 2946 2329 3393 4275 2853 2423 1367 2377 2983 3204 2618 2168 1961 4042 3754 2886 3526 2913 2952 4225
3648 2964 -1 1162 2433 2210 2240 2120 -1 3426 3217 3753 2962 2727 2090 1848 -1 2362 2063 3643 3977 1298 2063 2315 3246 3816 3518 3621 2479 2090 2267 -1 1544 3599 2365 1663 4243 3268 2533 2824 2745 742 2829 2181 -1 2229 2511 -1 2249 2845 4077 0 1125 3186 4404 3099 -1 2476 2025 2975 3381 3104 3121 3072 3212 3521 2648 3028 2285 2771 4622 2922 2055 2109 3204 2046 2184 3286 2688 3253 1497 1688 2737 3289 3049 2981 1925 882 1779 3762 2727 4195 2519 997 3076 2195 4570 1418 2080 4391
3104 3614 -1 2090 1308 2389 3168 1981 -1 4109 3361 4349 3086 1602 2234 1972 -1 2541 2991 2956 4226 2226 2700 1190 3672 3194 2393 2813 3063 965 2572 -1 1949 3236 1240 2161 4391 3745 2657 3250 1620 1670 3043 3961 -1 3632 3194 -1 2732 1873 3451 3782 0 3180 3342 1974 -1 3113 2169 3636 3018 2781 1996 3377 2240 3439 3067 2946 3217 3421 4992 1797 2716 2619 2079 921 1558 3161 1672 3289 2379 1762 2826 3708 2286 1856 800 1810 2416 2637 2051 4678 1394 3475 3187 2319 4238 2346 2385 3658
3103 3635 -1 2625 3896 3812 3703 2926 -1 4293 4183 4061 5522 2715 3056 2880 -1 3964 3526 4126 5440 2761 2845 3778 4142 5354 4665 4292 3988 3527 3730 -1 2350 4499 3828 3126 6979 4050 2267 4287 4031 2205 4140 4681 -1 1243 3779 -1 3579 2271 5498 5592 2588 0 4044 4246 -1 3258 2991 4438 4844 3179 2444 4535 2638 4536 4062 4043 3752 3442 5319 2195 3518 3960 4667 3047 3786 4640 3798 4402 3099 1305 4636 4703 3456 4418 3388 2345 3630 5225 3693 5525 3520 4383 4175 3227 5466 2881 3543 5439
3097 2810 -1 4255 3490 4650 3693 2680 -1 4276 2307 4813 5268 2709 1180 4154 -1 4802 3516 4768 5979 4247 3621 3372 5163 4454 4224 3467 5245 3521 2246 -1 3056 5663 3422 3856 6573 4755 2261 4752 3802 3835 3950 5284 -1 5183 3695 -1 4049 3966 3622 5408 3665 4316 0 3805 -1 4034 1115 5168 4511 4963 2438 4321 4333 4530 3831 4037 3803 2617 6071 3979 4248 4738 3827 2801 4114 3815 3491 2485 4074 2869 5111 4502 4098 2866 3103 3798 4578 4819 1817 5790 3213 4135 3226 4501 6367 3230 4204 5489
3274 2903 -1 3475 3649 2711 3787 3383 -1 3447 4481 4313 3843 3763 3354 3835 -1 2863 3610 2649 3761 3611 2147 3531 4083 4587 419 3280 4752 3886 2378 -1 3707 3366 3581 3958 5456 3352 3465 4650 2554 3059 2079 4251 -1 3766 3872 -1 3020 2095 4571 3217 3442 3595 3782 0 -1 2560 3289 4907 4216 3628 3151 3341 2462 2475 3925 1982 4230 2710 5571 4138 4372 2880 4420 3317 2678 3628 2578 3487 1998 3861 4460 4850 1979 3596 3196 3199 2550 3491 2679 4966 2384 4214 3152 4182 2562 3581 3291 1684
-1 -1 -1 -1 -1 -1 -1 -1 -1 -1 -1 -1 -1 -1 -1 -1 -1 -1 -1 -1 -1 -1 -1 -1 -1 -1 -1 -1 -1 -1 -1 -1 -1 -1 -1 -1 -1 -1 -1 -1 -1 -1 -1 -1 -1 -1 -1 -1 -1 -1 -1 -1 -1 -1 -1 -1 -1 -1 -1 -1 -1 -1 -1 -1 -1 -1 -1 -1 -1 -1 -1 -1 -1 -1 -1 -1 -1 -1 -1 -1 -1 -1 -1 -1 -1 -1 -1 -1 -1 -1 -1 -1 -1 -1 -1 -1 -1 -1 -1 -1
5588 3193 -1 4959 2566 3284 4784 4133 -1 5151 6259 5605 6321 5039 5132 5101 -1 3436 4607 4963 7253 4467 4643 5340 4838 5584 5774 3850 4269 4176 3971 -1 5274 5309 4677 4997 7502 5439 5786 5843 4435 4539 4393 6565 -1 5575 4869 -1 4432 4409 4569 5531 4866 5682 6553 5355 -1 0 5067 5182 6455 4894 3644 4776 4034 4789 3296 4296 5458 3000 6748 4587 5852 3877 5516 3607 4456 2178 3071 4610 5433 5199 5512 5423 4293 5067 3486 4679 4359 1976 4993 6378 3959 4356 4951 5448 6162 5148 3784 6276
1982 3575 -1 3140 2375 3672 2578 2517 -1 3161 1192 4178 4153 1594 65 3039 -1 3824 2401 3653 4864 3132 2506 2257 4059 3339 3109 3662 4130 2406 2925 -1 1941 4732 2307 2741 5458 3640 1146 3637 2687 2720 3019 4169 -1 4068 2580 -1 3369 2940 2507 4477 2550 3674 3237 2690 -1 2919 0 4053 4085 3848 1323 3206 3307 3415 2716 2922 2688 3382 5025 2864 3133 3686 3146 1770 2999 4010 2491 3250 2959 1754 5006 3387 2983 1751 3298 2683 3463 3704 702 4675 2243 3776 2989 3386 5252 2373 3204 4374
3468 2043 -1 2375 1860 3562 1763 2996 -1 2346 3580 3209 3638 2154 2453 2524 -1 3714 1586 2499 5190 2511 1964 1742 3085 3717 2945 2700 3615 2966 661 -1 2501 2630 1792 2674 4943 3169 2632 3484 1285 1955 3243 4431 -1 2896 316 -1 1105 2425 3475 4381 2035 3412 4181 2526 -1 2377 2388 0 3570 3333 2479 2237 2792 3639 3055 3146 2315 1850 4467 2349 3268 2010 2631 2457 1777 3048 1906 3841 2849 2314 4362 4331 2838 2695 2336 2095 1680 3189 2603 3051 1280 4027 1641 2871 4409 2631 2619 4210
2440 2776 -1 1225 1395 139 1134 1213 -1 1717 3280 1871 3173 1689 2153 2059 -1 291 957 3043 4013 1361 2321 2645 1693 1934 2424 2149 3221 2501 1564 -1 1607 2900 1327 1347 4478 3526 2744 2193 1290 805 2460 3281 -1 3410 1219 -1 2008 1960 3000 3118 1585 2269 3693 2005 -1 2734 2088 3038 0 2868 1581 1762 1971 2856 1272 2363 2352 2583 3129 1884 2118 227 2166 257 2386 1677 1008 3201 1699 538 2162 2278 2373 2207 136 945 2413 3210 2138 3954 730 2332 1545 2406 3017 1481 1721 3689
2679 2308 -1 2318 2189 3270 1599 1820 -1 2603 4242 3929 3418 2483 3115 207 -1 3422 1422 2374 3336 2454 2239 2071 2221 3796 3274 2965 3192 1846 2684 -1 1244 3197 2121 711 4956 3444 892 3696 2279 1898 1484 2894 -1 2942 2339 -1 2425 1500 2746 2942 881 3687 2763 2855 -1 1557 3050 2023 3621 0 2327 3066 1867 1880 2347 1387 2958 2115 5187 2678 1103 2285 2960 1802 2439 3313 1983 4170 2792 1047 3450 2988 1704 2208 1681 2038 1955 3518 2404 4270 2109 1710 2371 554 3545 1118 2562 3687
5380 5009 -1 4240 5755 5242 5318 5198 -1 6295 6790 4387 6627 5869 5663 6341 -1 5394 5141 4755 7045 4376 4940 5637 4429 6693 5461 5666 6858 5565 4934 -1 4622 5840 5687 6064 7562 6145 6258 6874 4660 3820 4185 6111 -1 5872 4956 -1 5126 4201 4653 5323 4600 6264 6973 6293 -1 5353 5598 4640 6322 6159 0 3415 4568 4581 6031 4088 5367 4816 5645 6244 6464 4986 6526 5319 4987 6014 4684 6285 4529 4766 5704 7381 4085 5905 5302 3960 4656 7084 4785 4395 4490 6320 5258 6586 5753 4496 5397 6068
3265 3132 -1 825 2493 1827 1903 1783 -1 3089 3604 972 3722 2787 2477 2926 -1 1979 1726 3336 3640 961 2345 2375 3242 3880 2046 3789 4034 2150 2227 -1 1207 3306 2425 3293 4525 3550 3535 3498 1525 405 2446 2696 -1 2511 1882 -1 2531 2462 1238 3245 1185 2849 4205 3103 -1 2164 2412 1566 3044 2744 2924 0 2829 3162 3218 2669 1952 2939 2230 2982 3049 2391 3264 1904 1801 2949 2351 2870 1114 1351 2289 3966 2666 2719 1985 545 2061 3822 2802 3406 2377 4242 3032 3273 4566 1081 3064 4054
2276 3138 -1 2587 3191 3296 2962 2305 -1 4564 3626 4910 3614 3042 2499 3855 -1 3448 3488 1488 4346 2723 3264 3073 1621 3973 3704 3663 3205 3419 3133 -1 2546 3951 3123 3945 6274 4469 2602 3990 1393 2167 3313 4458 -1 4531 3890 -1 4254 3329 4595 2954 2454 4308 4165 3285 -1 3633 2434 5504 4806 3830 1727 3938 0 3709 2239 3216 3714 2945 5910 3530 4599 4114 3962 2426 3263 4011 3177 3037 2583 3113 1998 2880 818 3487 3254 2307 3784 4177 1518 6122 2899 3299 2245 3981 2945 2420 2946 2801
1694 1323 -1 1899 2069 2775 2024 1886 -1 1714 2469 2347 2546 2183 1342 2733 -1 2927 1847 1069 2464 1499 1254 1951 2503 3007 3026 1980 3172 2306 1003 -1 1669 2154 2001 2378 3876 2459 2423 2578 974 1479 499 1776 -1 2186 2292 -1 1440 515 2999 1637 1862 2702 3134 2607 -1 1667 1277 3327 2636 3542 676 1761 882 0 2345 402 1880 1130 3605 2558 2792 1300 2840 1737 1301 2328 103 3870 2207 2343 2880 3750 399 2219 1616 1619 970 3398 1099 3386 804 2634 1572 2900 1914 1543 816 2382
4010 3164 -1 2834 2941 4357 3079 2691 -1 3662 4890 3816 3025 3235 3763 1911 -1 4509 2902 3222 4609 2970 2126 2823 3238 3879 4026 3821 2542 3550 3220 -1 2948 3595 2873 2185 4306 3331 2596 4138 3127 2750 3188 4598 -1 2292 2875 -1 2312 1367 4902 4646 2585 3574 4467 3607 -1 2539 3815 3727 4398 2275 2483 3664 1734 3584 0 3091 3522 2971 5074 1291 2807 2172 3712 2812 3204 4169 2992 4771 3644 2751 3732 4173 2552 3363 3385 1899 1842 1938 3252 4258 2707 1060 3139 2258 4562 2822 3705 4535
1292 921 -1 1817 1667 2373 1805 1804 -1 2207 2962 2542 2539 1781 1835 2331 -1 2525 1628 987 2957 1953 852 1549 2101 2605 2624 1578 3090 1904 1496 -1 2045 1810 1599 1976 3794 2057 2170 2786 892 1397 97 2269 -1 1784 1890 -1 1038 113 2917 1555 1780 2300 3224 2205 -1 1265 1770 3245 2234 3140 1169 1679 480 493 1943 0 2248 728 3800 2156 2710 898 2438 1335 1219 1926 596 3468 2125 1941 2478 3360 317 2089 1214 1537 568 2996 1017 2984 722 2552 1170 2498 2407 1919 1309 2300
2914 4000 -1 2299 1869 3486 3377 3086 -1 4180 4264 4159 3647 2163 3137 2533 -1 3638 3200 2719 4984 2435 2880 3452 3482 3755 2898 2623 3843 2975 2382 -1 2510 4589 1801 2250 4952 4085 2359 3060 2624 1879 3349 4355 -1 4189 3405 -1 3293 2434 4425 3592 2262 2990 4167 2479 -1 3293 3072 3909 3579 3342 2055 3187 2445 3745 2877 3252 0 3807 2337 2358 3013 3180 2640 731 3460 2971 1482 3675 2773 2323 2636 3518 2049 2681 610 2019 3304 4224 2612 3664 1204 3030 3362 2880 4806 2555 2195 2417
2790 193 -1 2175 1586 2304 3253 2962 -1 4387 3572 4035 3523 2039 2445 2409 -1 2456 3076 2826 4860 2311 3064 3328 3358 3631 2774 850 3719 1176 2258 -1 2386 4465 1677 2126 4828 3956 3094 2936 3455 1755 3225 4231 -1 4065 3281 -1 1432 2310 3662 3468 2138 2866 3553 2355 -1 1837 2380 3988 3455 3218 1931 3063 2321 3621 1900 3128 2642 0 4979 2234 2889 2897 2516 607 1769 1198 1358 3551 2649 2199 2512 3394 2723 2067 486 1895 3180 3813 2488 3378 1080 2856 3238 2756 4682 2431 2071 4039
5065 3998 -1 3864 3504 3100 2438 2659 -1 3624 4870 4725 2960 2919 3743 3100 -1 3252 2261 4116 2878 3511 2911 3386 4654 4828 4398 3597 3731 3731 2616 -1 2083 3755 3436 1598 5495 4116 3785 4795 3240 3784 4360 5630 -1 3481 2271 -1 3060 3714 4960 5664 3679 4359 5228 3979 -1 3324 3678 1955 5214 4017 3459 3753 3849 4756 4406 4263 4270 3805 0 3638 3996 3361 4275 2780 3067 3945 2886 4606 2387 2761 5847 4002 3446 3742 4291 3088 3031 4833 4247 5006 3235 2249 2122 3447 5978 1957 2823 4589
2719 2588 -1 2413 2828 3739 2583 2748 -1 3587 4069 4858 3400 3122 2942 1191 -1 3891 2406 1931 3318 2549 3168 3010 1947 4416 4147 3245 3648 2830 1929 -1 2228 2304 2760 1695 5348 4373 1876 3831 1836 2610 2468 3878 -1 3334 1584 -1 2373 76 3730 3397 1865 4616 3747 3728 -1 2541 2877 3007 4538 984 2053 4050 443 2864 2682 2371 3540 2395 5362 0 2087 3214 3599 2786 3423 3593 2967 3480 3026 2031 2441 3142 1261 3192 2665 2750 2884 4238 1961 4319 2896 2694 2688 1538 3271 2102 3389 3244
4701 3183 -1 3515 3235 4197 1985 2728 -1 4489 4720 3933 2637 2065 3593 3502 -1 4349 3729 4124 6310 3651 3104 3274 5134 4375 4467 2743 4788 2877 2156 -1 2152 3770 3324 3776 5687 4309 4127 4712 3704 3095 3506 3910 -1 4036 3342 -1 3290 3403 4199 4964 2084 4552 5254 4048 -1 3517 3528 4207 5102 4311 3908 2961 3770 3902 3793 3409 4014 2990 4933 3327 0 3150 4163 2849 2917 3091 3401 3752 3989 2225 4910 4903 3454 3768 2884 3235 2820 4721 4135 5236 2420 4045 1268 3847 5816 2026 1969 5437
4059 4150 -1 2360 2536 3362 907 986 -1 1490 4161 2507 3604 2830 3034 2858 -1 3514 730 3175 4985 2216 2094 2418 2388 1707 2572 2732 3587 3580 1337 -1 2742 3971 2468 1120 5251 3299 3187 1966 2848 1940 3725 4231 -1 3285 992 -1 1781 1743 2773 3598 2615 2042 3841 2153 -1 2507 2969 3101 4246 2651 1393 1535 1783 4121 1045 3628 2991 3957 3765 1667 3389 0 3307 1107 3336 3080 820 4405 2649 2886 3781 4365 2601 2355 3415 2080 2887 2983 2750 3727 1580 2105 1318 2849 3712 2616 1533 3837
3379 3715 -1 2164 2334 1078 2073 2152 -1 2656 4219 2810 4112 2628 3092 2998 -1 1230 1896 3982 4952 2300 3260 3584 2632 2873 3363 3088 4160 2375 2503 -1 2546 2535 2266 2286 5417 4465 3683 3132 2229 1744 3399 4220 -1 4349 2158 -1 2947 2899 3939 4057 2524 3208 4632 2944 -1 3673 3027 3977 939 3807 2520 2701 2910 3795 2211 3302 3291 3522 4068 2823 3057 1166 0 1196 2968 2616 1947 4140 2638 1477 3101 3217 3312 3146 1075 1884 3352 4149 3077 4893 1669 3271 2484 3345 3956 2420 2660 4628
3813 3370 -1 1568 2628 2755 2646 2526 -1 3832 3623 3428 4465 3133 2496 3503 -1 2907 2469 3188 4383 1704 2457 2721 2751 3128 2167 1892 3598 2496 1651 -1 1950 4152 2771 1519 5182 3383 2782 2329 3093 1148 2618 3624 -1 3458 2674 -1 3043 2634 3694 3529 1531 3463 3436 1748 -1 2870 2431 3381 3787 3672 1324 2456 1714 3014 2942 2521 2695 3177 4428 3328 2282 2903 3610 0 2729 2240 751 3798 2042 2094 3236 4346 2518 1950 2331 1288 2573 4168 2674 4989 473 3540 2631 2444 4075 1824 1464 3432
2593 3463 -1 2505 2986 2839 3189 2699 -1 3772 1803 4365 4764 2205 676 3650 -1 2991 3012 3693 5320 2299 2914 2868 3688 2506 2276 2829 4455 3017 2588 -1 2123 4408 2918 2456 6069 2807 1757 3266 3298 2085 3555 4561 -1 3846 3191 -1 3100 3280 1893 4466 2128 2841 2404 1857 -1 3176 611 4306 4349 3756 1934 3393 2651 3951 1913 3458 3290 3270 5365 3204 3219 2960 3757 937 0 3177 1688 3861 2126 2365 4173 2554 3023 918 2928 1850 2630 3851 1313 4061 1410 2973 3568 3381 4419 2761 2401 3541
4622 2757 -1 4059 388 1106 2606 2627 -1 3189 4882 4206 5245 4191 3755 4515 -1 1258 2429 4317 5203 3915 3082 3779 2660 3406 4271 3414 5146 3740 3036 -1 3303 4330 3829 2819 6910 3261 4278 3665 2257 3639 3427 5599 -1 3974 2691 -1 3268 3442 4472 4885 2819 3504 5204 3852 -1 3495 3690 4800 4458 4350 1834 3234 3482 3823 2604 3330 4478 2564 5464 3366 5019 1699 3774 2748 3477 0 2519 2432 4348 4351 5076 3245 3647 4054 3050 3779 2798 4542 3520 5214 3221 3664 3017 4548 3984 3177 3232 5536
3239 3986 -1 2530 3624 3532 2558 2779 -1 3744 3775 2677 4577 3918 2648 3640 -1 3684 2381 2451 4506 1396 3851 3506 2584 4315 3561 3286 4168 3855 900 -1 2203 4573 2569 2913 4431 2632 2871 3723 2356 2110 4012 3973 -1 4021 3587 -1 4041 4028 2943 2778 2890 2875 4830 3142 -1 3869 2583 3271 4749 3915 573 1705 963 4408 3006 3915 2387 3793 3677 4113 3855 3901 4395 2900 3506 3634 0 4000 2819 3056 2961 3647 1781 3344 2997 2250 3571 4944 2481 4968 1867 2789 1880 3838 3908 2077 713 3501
2922 325 -1 1884 1718 2165 2962 195 -1 3743 2450 2328 2813 2171 1323 2541 -1 2317 2785 2943 4029 2020 2773 3037 2678 3305 1934 982 3851 1308 1967 -1 871 3877 1809 1835 4960 3606 2404 2645 2848 1464 2373 3940 -1 3074 2990 -1 1564 2389 3765 3511 1847 1831 3203 1515 -1 1969 1258 3697 2026 3350 1640 2772 2030 2769 2032 2276 2656 132 3586 2366 2598 2253 1342 316 1901 1330 1067 0 2358 2331 2644 3526 2273 1717 618 1604 2844 3945 1960 3510 789 2988 1444 2211 4002 745 1780 3199
4309 3938 -1 3074 3819 4261 3229 1385 -1 4233 4456 4934 4003 2892 3329 1837 -1 4413 3052 4004 4966 3210 3869 3701 3851 4495 3124 3398 4822 3476 3157 -1 2874 4827 3751 2341 6586 4796 2522 3769 3909 2654 3114 4524 -1 4572 3969 -1 4055 3130 4376 4572 2511 4830 4393 2705 -1 3187 3264 3653 5251 1630 2830 3962 3220 3510 3977 3017 3846 3745 4396 3966 2733 3915 4590 1506 4069 3746 2257 4579 0 2677 4742 4618 3334 2907 3311 2794 3585 4164 3966 5900 1979 3340 2634 2184 5175 2748 2970 4389
4047 3676 -1 3686 3557 4638 2967 3188 -1 3971 5610 5297 4786 3851 4483 1575 -1 4790 2790 3742 4704 3822 3607 3439 3665 5357 4642 4333 2683 3214 4052 -1 2612 4553 3489 2079 6324 4812 2260 5064 3647 3266 2852 4262 -1 4310 3707 -1 3793 2868 5672 4310 2249 5055 4131 4223 -1 2925 4418 3391 4989 3308 3771 4434 3235 3248 3715 2755 4326 3483 6555 4046 2471 3653 4328 3170 3807 4681 3351 5538 4160 0 4818 4356 3072 4105 3049 3406 3323 4886 3772 5638 3477 3078 3739 1922 4989 2486 4064 5055
2418 1364 -1 589 2186 1591 1667 1234 -1 2853 1628 3367 3486 2030 501 2690 -1 1743 1490 3100 3404 725 2662 2068 3145 1975 2973 2021 3435 1914 2237 -1 971 3878 2118 2463 5199 3867 1582 3262 2498 169 2210 2460 -1 3185 1892 -1 2603 2226 2597 956 949 2310 3673 2554 -1 1928 436 3775 2808 2508 1759 3097 2593 2926 2982 2433 1716 1171 4053 2675 2813 3035 2381 1355 1565 2369 2106 1039 878 1115 0 3730 2430 2187 1657 309 2735 3515 513 4338 1828 1953 2483 3037 4469 845 2819 3818
3438 2789 -1 2730 1948 2990 3417 1956 -1 4000 2648 3706 3726 2242 1521 2347 -1 3142 3240 1139 5476 2866 2915 1830 2312 3351 3033 3446 3703 3054 1929 -1 2197 4741 1880 2851 5031 3652 2602 3641 1044 2310 3624 4601 -1 3641 4021 -1 3372 2513 2738 5066 2123 3686 3249 2614 -1 3327 1456 4163 3658 3421 2418 2734 2880 4020 2758 3527 3005 2596 4706 2437 3243 3259 2719 1782 845 3794 2533 3929 2277 2241 4110 0 469 1763 2923 2450 3191 3277 275 4906 2255 3818 2909 2694 3636 2071 1742 2452
4518 4651 -1 3176 4236 2521 4254 1487 -1 3746 5231 5036 4105 4212 4104 3609 -1 2673 4077 670 5991 3312 2446 4329 3594 4597 3226 3500 5206 4104 2677 -1 1728 5238 4379 3127 6790 3651 3764 3172 3672 2756 4226 5105 -1 5066 4282 -1 4369 3510 5219 5137 3139 3894 4495 2807 -1 2858 4039 4760 5395 3438 2932 4064 3322 4622 3560 4129 3948 4458 6036 3434 3890 4511 5218 1608 4337 3848 2359 5406 1808 3671 4844 4660 0 3009 3939 2896 4181 3790 4282 6120 2081 3921 2736 3503 4918 1602 3072 1983
3918 2903 -1 1974 2811 1921 2486 1781 -1 3069 3793 3686 4399 2279 2666 3045 -1 2073 2309 3576 4491 1381 1996 2693 3157 1588 1358 2298 3996 2902 2057 -1 1205 3490 2743 1925 5588 1889 3188 2735 3072 1554 3018 3996 -1 2928 3034 -1 2182 3034 2210 3935 1937 1923 1486 939 -1 2258 2601 3787 3431 2838 1730 2862 2120 3414 3087 2921 2372 2710 4709 3300 2867 2042 3582 1902 2637 2646 1157 3966 1208 2439 4118 4060 2918 0 2737 932 1712 4140 3303 4028 879 3946 3030 2850 3501 2062 1870 2623
2304 3390 -1 1689 1259 2876 2767 2476 -1 3953 3654 3549 3037 1553 2527 1923 -1 3028 2590 2907 4374 1825 2578 2842 2872 3145 2288 2013 3233 2365 1772 -1 1900 3979 1191 1640 4342 3504 2608 2450 3214 1269 2739 3745 -1 3579 2795 -1 2683 1824 3815 2982 1652 2380 3557 1869 -1 2991 2462 3502 2969 2732 1445 2577 1835 3135 2267 2642 2816 3197 4549 1748 2403 2570 2030 121 2850 2361 872 3065 2163 1713 2026 2908 2237 2071 0 1409 2694 4205 2002 4629 594 3327 2752 2270 4196 1945 1585 3553
4041 3000 -1 3724 2775 2638 3633 2668 -1 4216 3803 3948 4584 4188 2943 4558 -1 2790 3456 3416 4502 3860 3601 3933 4192 4433 4407 4327 5272 3708 4063 -1 3707 4501 3826 3846 6223 4806 4024 4692 3321 3304 2846 5018 -1 3547 3718 -1 3466 2862 5346 3984 2743 2304 5676 3988 -1 3261 2878 5537 2499 5005 3918 4108 3229 3242 2730 2749 4676 3477 5206 4021 4617 2726 4665 2756 3648 4176 3345 5700 4198 3037 4661 4777 2746 4190 2635 0 3317 4668 3446 5412 3151 3790 3887 4684 5156 3581 4058 4729
2438 3405 -1 1328 1099 2515 1237 1316 -1 1820 3383 1974 2877 1393 2256 1763 -1 2667 1060 1864 4116 1464 284 981 2450 2037 2184 3062 2854 2205 1667 -1 1710 3892 1031 1450 4182 1489 1602 2296 1411 908 2834 3250 -1 1216 1322 -1 470 1664 3103 3928 1274 1732 3007 1765 -1 697 2191 3141 2809 2572 1661 1865 2031 3230 1375 2737 1680 3212 3232 1588 2221 330 1870 1437 2489 2875 1150 3080 1802 1553 3291 4038 2077 1521 2074 1048 0 2428 1842 2416 1910 2435 1648 1930 3774 1584 1863 3449
3823 1226 -1 2983 2619 3337 2892 2971 -1 3475 4605 3629 4345 3072 3478 3231 -1 3489 2715 3546 5601 2491 3446 4080 3679 3692 3807 1883 3862 2209 1995 -1 3298 4915 2710 3105 5526 3727 3916 3951 3451 2563 4258 5039 -1 3612 2977 -1 2465 2687 4038 3873 2890 3899 4586 3388 -1 2870 3413 4366 4488 3595 1668 2800 2058 4654 1320 4161 3482 1033 4772 2611 3876 1985 3549 1640 2802 2231 1095 2944 3457 3232 3545 4427 2876 3100 1519 2703 3162 0 3025 4411 2113 2380 2975 3578 5003 3172 1808 4596
4603 3979 -1 2455 1673 3457 3142 2890 -1 3725 4844 4722 3451 1967 3717 2337 -1 3609 2965 3321 5270 2591 3200 1555 4109 3559 2758 4559 3428 2779 3886 -1 2314 4466 1605 2611 4756 4405 3022 4201 1985 2035 3408 4326 -1 3366 3746 -1 3097 2238 4933 4866 1848 3894 4209 2339 -1 3613 3652 4001 3383 3146 3628 3770 2605 3804 3280 3311 3582 3786 5919 2162 3081 2984 2444 2769 3372 4579 3055 3654 2744 1966 4603 4649 2651 2723 2648 2175 2916 3002 0 5043 3140 3840 3553 2684 4901 2711 3768 4023
3527 3156 -1 3285 2812 3530 4040 2861 -1 4442 4885 4527 4774 3842 3758 3744 -1 3682 3863 2044 5192 3421 3087 3629 34 4285 2541 2076 2912 4139 3731 -1 3102 3987 3679 3786 5709 4292 4405 4546 1949 2865 2332 4504 -1 4019 4125 -1 3273 2348 3799 3470 3645 4535 2578 2122 -1 3500 3693 4412 4469 3537 140 3555 2715 2728 3126 2235 4412 2963 5785 4236 4178 3133 4518 2716 3134 2424 2831 4856 3182 3811 4713 4333 1374 2697 3449 3005 2803 4054 2074 0 2637 3835 3405 4091 1358 2976 3544 3357
3340 2897 -1 1095 2366 2282 2173 2053 -1 3359 3150 3977 3992 2660 2023 3030 -1 2434 1996 2715 3910 1231 2384 2248 3179 4137 3451 3554 3125 2023 2200 -1 1477 3800 2298 1596 5449 3589 3104 2757 2620 675 2145 3151 -1 3316 2583 -1 2570 2161 4149 3283 1058 3119 4400 3032 -1 2619 1958 2908 3314 3199 3054 3005 2528 2541 3232 2048 2222 2704 4559 2855 1988 2430 3137 1979 2256 3219 2621 3325 1569 1621 3884 3873 2045 2914 1858 815 2100 3695 2660 4516 0 4089 3180 3377 4455 1351 2013 4028
3092 2952 -1 1774 1881 3297 2019 1631 -1 2602 4165 2756 1965 2175 3038 851 -1 3449 1842 2646 3980 1910 1066 1763 2941 2819 2966 3609 1482 2490 2449 -1 1888 3352 1813 1125 3246 2271 1536 3078 2193 1690 2128 3538 -1 1232 2104 -1 1252 2144 3885 3586 1525 2514 3407 2547 -1 1479 2973 2667 3338 2107 2433 2647 2511 2524 2157 2031 2462 2759 4014 2370 1747 1112 2652 1752 3083 3657 1932 3862 2584 1691 4073 3113 2348 2303 2325 839 782 3210 2624 3198 2225 0 2079 1198 4265 1762 2645 4231
3786 3481 -1 3041 3861 4228 3741 3962 -1 4745 5096 4901 3615 3427 3969 2501 -1 4380 3564 3485 5478 3177 3930 4194 4224 4601 3640 3365 5071 3969 979 -1 3386 3337 3061 2775 6655 4856 2950 3802 4162 2621 3778 5072 -1 5120 3910 -1 3261 2402 5167 5002 3004 4936 4909 3221 -1 3851 3904 4165 5260 3310 2797 3929 2769 4174 4415 3681 4168 3288 5901 2326 3245 4376 4632 3895 4202 3713 2224 5114 3515 3189 4767 5130 2815 3423 3774 2761 4046 5641 3872 5207 1946 3888 0 2848 5548 3260 2937 4798
2125 1754 -1 1764 2500 2951 2638 2637 -1 3040 3795 3375 3121 2614 2668 2007 -1 3103 2461 1820 3790 1900 1685 2382 1743 3438 3457 2411 2638 2737 2329 -1 2146 2643 2432 2281 4402 2890 338 3142 1725 1344 930 2340 -1 2388 2723 -1 1871 946 3750 2388 2124 3133 4057 3038 -1 1003 2603 3823 3067 3263 1849 2512 1313 1326 2133 833 2404 1561 4633 2989 2903 1731 3271 2168 2052 2759 1429 3935 2238 2290 2896 2774 1150 2922 2047 1484 1401 2979 1850 3817 1555 1156 2003 0 3067 2020 2142 3133
3895 3823 -1 2496 1454 2172 2694 2773 -1 3277 3527 3431 4187 2703 2400 3073 -1 2324 2517 3395 5311 2632 1741 2291 3726 2927 2697 718 4164 3514 2443 -1 2544 4829 2341 2877 5492 2946 3059 3687 2721 2076 3976 4552 -1 3818 2779 -1 3521 2974 3549 4321 2549 3189 1220 2278 -1 2154 2335 4309 4119 3882 2116 3248 2506 4372 1768 3879 3472 3630 4689 2898 3389 1787 3180 1358 3657 1066 1543 3498 2547 2702 4504 2975 3324 1339 3349 2216 3051 3706 736 5049 1831 2828 3105 3387 0 2752 2256 3962
4528 3866 -1 2391 3451 3578 3303 702 -1 4655 3738 3616 3320 3956 2611 4326 -1 3730 3126 4011 5206 2527 2966 3544 3185 3812 2441 2715 4421 3319 2474 -1 126 4453 3594 2342 6005 4113 3056 2838 3916 1971 3441 4447 -1 4281 3497 -1 3134 3359 4434 4352 2354 4147 3710 2022 -1 3379 2546 4204 4610 4267 2147 3279 2537 3837 3629 3344 3163 3673 4874 3283 3105 3511 4433 823 3552 3063 1574 4621 2865 2917 4059 5169 3341 2224 3154 2111 3396 4991 3248 5080 1296 3874 1951 2718 4509 0 2287 3706
2994 3273 -1 1817 3309 2819 2069 2775 -1 3957 3062 1964 4041 3464 1935 2927 -1 2971 1892 3869 4632 1953 3138 3367 3432 3809 2848 2573 3558 3142 187 -1 2199 3860 1856 2200 3718 4064 2158 3010 2517 1397 3299 3260 -1 3308 2874 -1 3328 3315 2230 4210 2177 3841 4117 2429 -1 3156 1870 2558 4036 3736 2005 992 2395 3695 2293 3202 2944 3080 2964 3493 3142 3188 4256 2896 2793 2921 1432 3862 2106 2343 3281 2934 3199 2631 2977 1537 2858 4231 2572 4398 1154 2076 1167 3125 4756 2073 0 4113
2617 3033 -1 2756 3442 3943 3526 2934 -1 1763 4811 3865 5289 2229 3684 3964 -1 4095 3349 2117 5263 2584 463 3909 3388 4316 3355 3080 4786 2908 694 -1 2576 5011 2776 2707 5361 1668 1781 2966 3514 2336 3654 4804 -1 3154 3862 -1 3749 3670 3746 3966 2719 1911 4624 2936 -1 876 3619 4383 4975 4175 1761 2893 2151 3539 3127 3557 3408 2840 4865 4000 3649 3609 4478 3055 3501 3054 1188 3916 3230 2389 4149 4217 2939 3138 3326 2476 3279 1807 3587 4138 1661 3813 1674 3632 4712 3008 1901 0
3792 4339 1067 2946 3451 4000 4833 3819 1604 -1 3145 2705 3867 3315 2338 3438 3180 3147 1163 3527 1529 1482 3230 1080 2507 2254 3608 1392 2788 4419 2970 3753 2951 1893 -1 2068 1655 4951 3179 2993 4002 3332 2628 1825 2352 3432 2532 3603 3016 2544 1756 1807 3957 4141 -1 1587 3790 -1 1921 1201 2349 2261 2866 3778 4157 3346 2424 3386 2786 1305 2339 851 4051 4021 4900 2807 3736 1663 1856 3444 2359 -1 -1 2066 2545 2474 2888 3078 2063 2259 1782 3327 3985 2543 2358 3815 -1 1745 -1 2679
3991 3989 2742 2171 2352 2851 4559 3955 3279 -1 2046 1606 2006 2252 2561 4084 4585 2084 2838 3848 2624 499 3911 2512 1452 2599 3396 3387 2328 5692 3197 2878 3028 1118 -1 2986 3134 3896 3918 4326 3227 3723 3208 3379 1981 2909 1477 2008 2241 2767 3115 2886 3351 3366 -1 3066 3845 -1 2946 2876 3267 3622 1883 4797 2828 2918 1815 2287 1731 3220 1184 3448 3068 3146 4092 3453 2753 2281 2474 3073 1776 -1 -1 1291 3318 1699 2488 2801 2314 4254 1007 3262 3207 3016 1375 3033 -1 762 -1 4549
-1 -1 -1 -1 -1 -1 -1 -1 -1 -1 -1 -1 -1 -1 -1 -1 -1 -1 -1 -1 -1 -1 -1 -1 -1 -1 -1 -1 -1 -1 -1 -1 -1 -1 -1 -1 -1 -1 -1 -1 -1 -1 -1 -1 -1 -1 -1 -1 -1 -1 -1 -1 -1 -1 -1 -1 -1 -1 -1 -1 -1 -1 -1 -1 -1 -1 -1 -1 -1 -1 -1 -1 -1 -1 -1 -1 -1 -1 -1 -1 -1 -1 -1 -1 -1 -1 -1 -1 -1 -1 -1 -1 -1 -1 -1 -1 -1 -1 -1 -1
3145 4343 2910 2293 3219 3718 3469 4312 3447 -1 1248 2473 2348 2576 2903 2499 4223 2426 3006 3843 1967 1366 2166 2854 1568 617 2767 2461 2670 4495 3082 2471 3496 1985 -1 1004 2923 2639 4071 3562 1642 2215 2387 2394 2341 3251 1593 1966 259 2920 2753 2758 3481 3649 -1 2855 4244 -1 1431 3044 1285 3529 2237 4211 3170 3731 1465 2107 1847 1238 1526 3918 3422 3031 4959 1868 3288 299 492 1963 2118 -1 -1 2158 1336 1982 2771 2400 2309 4102 1874 3031 1876 2053 1910 3330 -1 1629 -1 3112
4606 5291 4746 3927 4860 4336 4609 5959 4640 -1 3882 4379 5016 4044 3240 3439 5393 3876 4199 4347 2965 2503 2703 4304 3409 3239 4152 2424 4462 7074 4329 4835 4717 2874 -1 1541 2557 2344 4597 5263 4763 2986 3527 4861 2878 5002 3434 4588 3930 3446 4792 2709 3935 4870 -1 2489 4525 -1 1394 3856 1822 3163 3185 5967 4393 3694 3319 4529 3688 4909 3241 5111 4370 4743 5419 3709 3251 3910 3646 3906 3946 -1 -1 3295 4485 3203 3992 3540 2846 4110 3011 4171 4582 2016 1873 4507 -1 2766 -1 4868
4004 5115 2351 3601 1290 4635 4462 5103 1816 -1 3735 3826 3701 3667 2658 3292 3438 3499 2447 4233 2813 2719 2556 2364 2921 3538 4005 2676 4023 5703 4182 1912 4648 2738 -1 1394 2421 3992 3757 3205 2995 2839 2348 2037 2731 3704 2946 4228 3592 2606 1968 2573 3488 4986 -1 2353 4247 -1 1693 2485 1675 3027 3484 4788 3535 2836 3435 4393 2924 3604 2879 3359 4669 4339 4835 3221 3550 3632 3119 1406 2571 -1 -1 2964 3829 3319 4108 3393 2699 3252 2680 3585 3229 2315 2172 4318 -1 2435 -1 3689
4930 4644 2830 2259 3999 4966 5316 4712 3367 -1 3318 4146 3226 2926 3307 4172 4673 2758 2926 4605 3612 1256 4236 3163 3241 2687 1934 3475 3354 6182 4189 4541 3116 1206 -1 3074 3222 4312 4664 4756 3315 4285 3296 3588 2738 3655 3266 4036 2329 3513 3203 3196 5551 3454 -1 3154 3897 -1 3488 2964 3355 3828 2640 5736 4843 4060 1903 2861 3520 3308 1858 3838 3825 4198 6592 3541 3510 2369 2562 3830 3431 -1 -1 1379 3406 1787 2576 2889 3071 4342 1095 3520 3464 3773 2132 3503 -1 1519 -1 4637
3904 3147 2449 1878 3618 2558 3717 3662 2343 -1 2460 3120 2845 1900 2926 3791 3965 1732 1902 3555 668 206 3855 2160 2860 2306 3103 3094 2794 5510 2650 4160 2735 825 -1 2693 2841 3931 4283 3732 2934 3904 2915 2564 1688 3274 2885 3655 1948 3132 2495 2593 4417 3073 -1 2773 4617 -1 3107 2583 2974 3447 1041 4250 4462 2625 1522 2480 3139 2927 2818 2814 2226 2599 4039 3160 2460 1988 2181 2780 3050 -1 -1 998 3025 1406 2195 2508 2021 3866 714 3139 2658 2723 1082 2740 -1 469 -1 4174
-1 -1 -1 -1 -1 -1 -1 -1 -1 -1 -1 -1 -1 -1 -1 -1 -1 -1 -1 -1 -1 -1 -1 -1 -1 -1 -1 -1 -1 -1 -1 -1 -1 -1 -1 -1 -1 -1 -1 -1 -1 -1 -1 -1 -1 -1 -1 -1 -1 -1 -1 -1 -1 -1 -1 -1 -1 -1 -1 -1 -1 -1 -1 -1 -1 -1 -1 -1 -1 -1 -1 -1 -1 -1 -1 -1 -1 -1 -1 -1 -1 -1 -1 -1 -1 -1 -1 -1 -1 -1 -1 -1 -1 -1 -1 -1 -1 -1 -1 -1
2505 4120 2868 2412 2059 4281 4058 4196 2426 -1 1302 3654 3379 2573 3279 859 4048 2405 1985 3769 3331 740 123 2003 3394 2665 3637 3513 3507 4338 1528 4519 3094 1359 -1 2733 2320 3552 2717 3815 3468 185 3274 2647 77 3808 2903 4014 2307 1566 2578 2748 3018 3432 -1 2528 3709 -1 2586 1120 3014 3202 2014 5223 1939 2328 1519 3014 2416 3286 3280 2897 3199 3572 3931 3694 2994 2347 2540 2994 3029 -1 -1 1532 2464 1765 2554 2867 2235 2744 1248 3498 2318 3208 1616 3274 -1 1003 -1 4615
3343 2474 3520 3593 4170 4811 4955 5278 4057 -1 4429 3989 3590 4145 1860 3763 4451 3977 3616 3726 2921 2312 3320 3533 2832 4331 4130 3845 2700 6872 4001 4112 2911 2931 -1 2158 2835 3150 3217 5446 4389 3603 3091 4278 3495 4038 2857 3848 3973 2066 2981 1329 4843 1212 -1 2767 3934 -1 3101 3654 2439 2586 3294 4384 3633 2184 3362 4349 3111 3758 3519 3304 4160 4526 4789 3132 4566 4013 2734 2991 3554 -1 -1 3104 4820 3246 4035 2600 3463 4708 2820 3231 4012 3723 3188 1333 -1 2575 -1 3285
3402 4274 3557 2606 2571 518 2088 5063 4094 -1 2787 4287 2181 2082 1791 3019 4896 2820 3653 3108 2799 2611 2811 3248 2088 2523 4260 2445 2503 5855 2748 3514 2472 1553 -1 1649 1236 4406 3148 4962 3548 3024 2209 4300 2986 2475 2113 2920 2165 1997 4163 1388 4043 3105 -1 1168 3663 -1 1502 3554 1930 1842 2757 4649 3738 585 1554 3208 2367 2559 1920 4250 3942 3602 4343 2388 3359 2205 2398 3869 2786 -1 -1 3403 3242 1438 2227 2659 2954 3964 2460 3290 3115 2124 1981 3154 -1 2874 -1 3550
4200 4837 4594 3600 5340 4934 5207 6557 5131 -1 4480 4977 5614 4642 3576 4037 5985 4474 4690 4357 3563 3101 3301 4607 4007 3837 4750 3022 4695 2892 4927 5433 5274 3472 -1 2139 3155 2942 4933 5861 3074 3584 4125 5352 3476 1893 4032 5186 3981 3782 5283 3045 4533 3575 -1 3087 5123 -1 1992 4454 2420 3761 3783 6214 4991 4292 3917 5127 4286 4960 3839 5602 4968 5341 6017 3896 3849 4021 4032 4504 4544 -1 -1 3893 5083 3801 4590 4138 3444 4708 3609 4769 5180 2614 2471 3696 -1 3364 -1 5115
3820 4070 1471 1735 3110 3481 4640 3946 2008 -1 2794 3109 1835 2081 1776 3648 3630 1913 1567 3931 1591 1129 3634 1484 2717 2163 3151 1796 2157 4551 2716 1032 2540 682 -1 2472 2059 3737 3133 3397 2791 3242 2720 2229 2567 2738 2742 3512 1805 1982 2160 2211 4361 2930 -1 1991 4194 -1 2325 1605 2753 2665 1964 3835 2657 3516 1379 2337 2996 2724 1013 2479 3149 2665 4962 3017 3383 1845 2038 3509 1605 -1 -1 1921 2882 1263 2052 2365 2467 2663 571 2996 2940 2947 2005 2979 -1 1392 -1 2736
2964 3601 3358 2364 4104 4631 4904 6110 3895 -1 4177 4546 4717 3888 2987 3734 5517 3720 3454 4675 3755 3439 2998 3371 3959 3103 4447 2719 3459 6710 4624 5239 4038 3436 -1 1836 3946 4011 4344 5284 4128 3281 3822 4116 3173 657 3984 4452 2745 3193 4047 2456 4230 2339 -1 3878 4820 -1 1689 3492 2117 3713 3029 4978 4688 3311 3614 4411 4077 3724 4012 4366 4214 4587 5714 2660 3546 2785 2796 4118 4241 -1 -1 3464 4780 3498 4003 3727 3141 4405 3608 4358 4362 2311 2168 2460 -1 3702 -1 3879
4032 3437 1307 192 1932 4032 2937 2211 1844 -1 3227 2787 2662 2908 2578 2813 3466 2740 1403 3767 1583 1680 2298 1320 1882 931 3081 1632 1287 4659 981 3308 3157 2133 -1 1136 1895 2953 3415 3233 1956 1507 2701 2065 2473 3565 1907 2280 573 2784 1996 2047 4024 3495 -1 1827 4030 -1 2161 1441 1417 2501 2551 2581 3484 1781 1944 2239 1869 1552 1840 2315 2516 930 4954 2182 3655 613 624 2943 2432 -1 -1 2306 2785 1828 2617 2223 2303 2197 2022 2854 2190 2783 2277 3462 -1 1943 -1 2919
-1 -1 -1 -1 -1 -1 -1 -1 -1 -1 -1 -1 -1 -1 -1 -1 -1 -1 -1 -1 -1 -1 -1 -1 -1 -1 -1 -1 -1 -1 -1 -1 -1 -1 -1 -1 -1 -1 -1 -1 -1 -1 -1 -1 -1 -1 -1 -1 -1 -1 -1 -1 -1 -1 -1 -1 -1 -1 -1 -1 -1 -1 -1 -1 -1 -1 -1 -1 -1 -1 -1 -1 -1 -1 -1 -1 -1 -1 -1 -1 -1 -1 -1 -1 -1 -1 -1 -1 -1 -1 -1 -1 -1 -1 -1 -1 -1 -1 -1 -1
4753 5307 4263 3449 1138 4483 4756 5468 3636 -1 4029 3674 3549 3795 2506 3586 5258 3627 3554 4527 4026 2567 2850 3283 2769 3386 4145 2571 3871 5618 4238 4195 4549 2639 -1 1688 3335 3840 3605 4778 2843 3133 2196 3857 3025 4165 2794 4076 3762 2454 3788 3487 4082 4850 -1 3267 4095 -1 1541 2400 1969 3589 3332 4636 3383 2684 3299 4294 2772 3615 2727 4466 4517 4187 4683 3069 3398 3802 2967 1254 3032 -1 -1 2812 3744 3183 3972 3687 2993 3100 2528 3597 3077 2163 2020 4166 -1 2283 -1 3537
3947 4538 3007 2153 3423 3820 2568 4889 3544 -1 3212 2873 3403 3103 3201 4349 4850 2935 3103 3308 2916 1433 4130 3233 3418 2581 2111 3652 2956 5568 2892 4435 3010 1100 -1 2968 3399 4489 4081 4933 3492 4100 1486 3765 1441 3549 2256 3400 2223 2930 3380 3090 5143 3348 -1 3331 4074 -1 3316 2350 3249 4005 2817 3926 3915 3692 1797 2755 2510 2905 2035 4015 4002 3925 5295 3718 3687 2263 2456 2533 3325 -1 -1 1556 3221 1681 2470 1499 1774 4108 1272 2130 3358 3938 2309 3397 -1 1696 -1 2827
3804 3964 3266 2695 3141 3375 4534 4479 3160 -1 3277 3937 3662 2717 3468 3983 4782 2549 2719 4372 1485 1023 3247 2977 3677 3123 3920 3911 3611 6327 2729 3763 3552 1642 -1 3245 3658 4748 4825 4549 3751 3309 3732 3381 2505 4073 3702 4472 2765 3674 3312 1790 5234 3890 -1 3590 4878 -1 3544 3400 2145 4264 1858 5067 4927 3442 497 3297 3617 3744 3635 3631 3043 3416 4856 3977 3277 2805 2998 3257 3867 -1 -1 1815 3842 2223 3012 3061 2838 3945 1531 3692 2058 3540 1899 3557 -1 1286 -1 4991
3246 4458 1723 2640 1651 3320 4200 4241 2260 -1 2943 3361 3607 1242 2994 4094 3882 1074 1819 4183 2185 968 3383 1502 3163 3068 859 2048 3444 2974 3626 1284 3122 1587 -1 2221 2311 3024 3835 3649 2406 3666 3284 2481 2450 1975 3188 4417 2710 2967 2412 2463 4613 3657 -1 2243 3959 -1 2074 1857 2502 2917 2352 4434 3896 3197 1431 3242 3285 2976 2995 2731 3537 3910 5556 3463 3222 2628 2161 3542 146 -1 -1 1760 3201 2168 2957 3270 2719 2915 1476 3901 2992 2696 1844 3502 -1 1231 -1 3335
3009 4530 3832 2932 3660 3941 3485 5045 3726 -1 3354 2914 3735 3283 3601 2986 4307 3115 3285 3927 2051 1589 2250 3543 2128 974 3096 2325 3941 6084 3873 3554 3995 2085 -1 1088 3982 4572 3935 5002 3685 2079 2471 3947 2425 3949 2153 2323 3208 2784 2837 3321 3345 4209 -1 3941 4426 -1 1295 2984 1369 4298 2424 4295 3778 3595 2658 2191 2407 3890 3020 4197 3609 3822 5256 2350 3152 383 576 1827 2850 -1 -1 2381 1200 2542 3331 2484 2393 4011 2097 3115 3919 1917 1774 3414 -1 1852 -1 3196
2029 4563 3221 3501 2905 5029 5324 3964 3758 -1 3744 4859 3468 3507 546 3301 3878 3339 3317 4988 3139 2677 2565 3234 4483 3929 3333 3546 3790 6317 3970 2798 4306 2448 -1 3382 2969 5323 1903 5147 4557 2627 3942 3979 2519 4371 4508 2534 3571 752 2937 15 4859 4696 -1 3741 2620 -1 3235 3355 3663 4415 2648 5106 3702 4273 2151 4103 4539 3459 2646 3005 3833 4206 3475 4783 4931 3611 3804 4213 3238 -1 -1 3469 3506 3029 2791 1286 3454 3394 2337 1917 3712 3369 3553 3422 -1 2940 -1 4322
2720 2793 1883 822 2245 3251 3181 2993 2280 -1 1924 2335 1625 1546 2188 949 3902 1378 1839 3091 2003 1197 2477 1806 18 1517 2701 2208 1917 4258 1763 1444 1946 1094 -1 1659 1872 2462 2809 2892 1575 2289 2126 2501 2464 3150 43 2808 1159 2394 2432 1841 3956 2099 -1 2403 2694 -1 1512 1812 1940 2188 687 3363 1668 2563 548 2749 297 2138 1425 2751 1872 1712 4892 318 2243 1199 1254 2863 740 -1 -1 1989 2236 432 1221 1719 2454 2979 983 1828 1809 2134 865 2136 -1 1460 -1 3148
2855 5482 2008 3440 3450 5011 5999 4681 2545 -1 4406 3966 4854 3041 3599 4544 2661 2873 2104 4538 2790 2743 4259 2167 3613 3868 3132 2653 4049 4502 3911 4840 4297 2387 -1 3329 2916 5122 4440 3934 4205 3507 3889 2766 3613 4381 3638 5130 3510 3805 2697 3068 1934 4635 -1 2848 3873 -1 3182 1284 3610 3367 3868 3717 5129 4079 2507 4042 3892 3581 3600 3016 4561 4640 6161 3913 4997 3550 2900 4705 1945 -1 -1 3007 2628 2968 3757 4070 3004 3520 2723 2808 4068 2752 3619 4684 -1 3006 -1 3940
5209 5200 3713 3149 4189 4314 5023 5248 4250 -1 4208 4258 4116 4206 1830 4134 3604 4038 3809 4679 3929 3302 3398 4046 4131 3467 4550 4358 4244 6499 2493 4082 4006 2096 -1 3964 3944 5202 3187 4815 4205 2346 4186 4471 3352 3023 4156 4811 3219 2036 2134 3195 3612 4344 -1 3876 1507 -1 4055 3281 3649 4550 4302 4394 5214 3293 2793 3751 3381 4198 3987 4289 4885 4145 6655 4431 5556 3259 3452 4455 3110 -1 -1 3637 1467 2677 3466 3779 4314 2281 1985 3751 4181 4170 4178 4059 -1 3108 -1 3295
3096 6982 6784 6091 6491 8322 6482 8110 6209 -1 6719 6279 7887 6317 5932 7678 7437 6149 5768 7641 6658 5248 7235 5805 6747 6273 7815 7273 6362 8140 4526 8127 6702 5867 -1 6073 5977 8295 4180 6836 7298 7145 6882 6430 6730 6354 6772 5360 5915 6074 6361 6129 6710 7040 -1 5909 7511 -1 6243 4922 6265 6501 6632 3346 8184 5326 5489 6129 5414 6894 6661 6680 6061 4475 8439 7047 7502 5955 6148 6488 5221 -1 -1 6040 6266 5373 6162 5768 6668 5742 5756 6399 6214 6865 6124 7089 -1 5511 -1 8223
2685 3440 3614 1967 2744 4020 5247 5172 3270 -1 3026 3073 4126 3736 3015 4175 4087 3568 3258 3508 3358 2304 3439 3433 3346 2395 1090 1118 3062 5768 3092 3366 2824 914 -1 2277 3039 3080 4281 4626 3420 3722 3004 3491 1641 2759 3371 3744 2037 3130 3422 2904 2629 3162 -1 2971 4588 -1 2130 2550 2558 3645 3688 5009 3087 2388 1611 2569 2476 3016 3304 4170 2519 3891 5495 3646 3987 2077 2270 2733 2640 -1 -1 3096 3114 1495 2284 2597 1974 2804 2812 3228 3172 710 2609 3211 -1 2567 -1 4007
3893 4269 2139 1024 2764 4864 3769 3043 2159 -1 2690 3619 3494 3211 3410 2247 3781 3043 2235 4599 2415 2512 1511 2152 2294 1763 3913 2464 2119 5491 1813 3720 3989 2965 -1 1968 2727 3785 3318 1851 2788 2339 3533 683 3290 4047 2319 3112 1405 2167 2311 2879 4780 4327 -1 2659 4039 -1 2993 2273 2249 3333 3383 3413 3327 2613 2776 3071 2573 2384 2143 3147 3348 1762 5786 3014 4487 1445 1456 3775 2914 -1 -1 3138 3315 2660 3449 3055 3135 3029 2854 3686 3022 3381 3109 4294 -1 2775 -1 3751
3008 4870 3619 3054 2298 3967 4227 4268 2457 -1 2970 4296 1023 1269 1578 4410 4079 1101 2016 4450 1641 1382 3862 1529 3479 2506 4279 3988 1345 5588 4315 3336 3149 2001 -1 2700 2750 4055 2935 3846 2433 4145 3329 2678 2864 1926 3504 3855 3124 1784 2609 2751 4717 3608 -1 2682 3739 -1 2958 3560 2981 3233 2766 4642 1845 3844 1458 3656 3758 4103 201 2928 3951 4324 4182 3779 3636 2655 2188 2830 793 -1 -1 2174 3472 2582 3337 3684 2916 4260 1890 4226 2224 3580 2258 3729 -1 1645 -1 4485
4416 4069 2822 2251 3558 4440 4639 4035 3359 -1 3310 3493 3218 2412 3299 4164 4665 2244 2918 3928 3604 579 3893 3082 3233 2679 3476 3467 3346 6174 3512 4533 3108 1198 -1 3066 3214 4304 2556 4748 3307 3955 3288 3580 2061 3647 2742 4028 2321 1405 3195 2966 4160 3446 -1 3146 4726 -1 3480 2956 3347 3820 1963 5172 3700 3964 1895 2853 2996 3300 3191 3658 3148 3521 3770 3533 2833 2361 2554 3153 3423 -1 -1 1371 3398 1779 2568 2881 2394 4334 1087 3512 3456 3096 1455 3113 -1 842 -1 4629
-1 -1 -1 -1 -1 -1 -1 -1 -1 -1 -1 -1 -1 -1 -1 -1 -1 -1 -1 -1 -1 -1 -1 -1 -1 -1 -1 -1 -1 -1 -1 -1 -1 -1 -1 -1 -1 -1 -1 -1 -1 -1 -1 -1 -1 -1 -1 -1 -1 -1 -1 -1 -1 -1 -1 -1 -1 -1 -1 -1 -1 -1 -1 -1 -1 -1 -1 -1 -1 -1 -1 -1 -1 -1 -1 -1 -1 -1 -1 -1 -1 -1 -1 -1 -1 -1 -1 -1 -1 -1 -1 -1 -1 -1 -1 -1 -1 -1 -1 -1
4480 3723 3025 2454 4194 3134 4293 4238 2919 -1 3036 3696 3421 2476 2794 4367 4541 2308 2478 4131 1244 782 4431 2736 3436 2882 3679 3670 3370 6086 3226 4736 3311 1401 -1 3269 3417 4507 4151 4308 3510 4480 3491 3140 2264 3142 3461 4231 2524 3000 3071 2855 4993 3649 -1 3349 4955 -1 3683 3159 3550 4023 1617 3488 5038 3201 2098 3056 3715 3503 3394 3390 2802 3175 4615 3736 3036 2564 2757 3356 3453 -1 -1 1574 3601 1982 2771 3084 2597 4442 1290 3715 3234 3299 1658 3316 -1 1045 -1 2389
3126 3683 2289 1228 2968 3657 3578 3399 2686 -1 1357 2582 2031 2685 2594 2608 4308 2535 2245 3497 2076 1475 2275 2302 424 726 2876 1927 2323 4604 2169 1850 2352 1500 -1 1113 2278 2748 3215 3298 1751 2324 2496 2503 2450 3360 449 2075 368 2800 2838 2247 3438 2505 -1 2809 3100 -1 1540 2218 1394 2594 2346 3769 2074 2969 954 2216 703 1347 1635 3157 3531 2118 5068 1977 2649 408 601 2072 2227 -1 -1 2267 1445 838 1627 2125 2418 3385 1389 2234 1985 1519 1271 2542 -1 1738 -1 3221
4418 4521 3783 3188 4396 3201 5416 5359 2230 -1 3195 4420 1575 3912 3518 3315 3852 3744 1789 4223 2193 2668 4113 4116 2384 2564 4714 4108 1897 5498 3865 3810 2993 2519 -1 2951 2835 4586 4875 3619 3589 4162 3173 2451 2414 4118 2409 3913 2206 3724 2382 2987 5428 3331 -1 2767 2644 -1 3101 3917 3232 2138 3053 5531 1618 3223 1780 4054 2663 3185 3473 2701 4238 4078 5564 2684 4609 2246 2439 3910 2985 -1 -1 2692 3283 1664 2453 2766 2689 3418 2408 3397 1997 3723 3231 3380 -1 2931 -1 4432
5397 4640 3942 3371 4514 4051 5210 5155 3836 -1 3953 3768 4338 3393 4419 4506 5458 3225 3395 5048 2161 1699 3910 3653 3575 808 4596 3403 3851 6463 4143 5001 4228 2318 -1 3011 4334 4646 4242 4325 3649 4456 3954 4057 3181 4767 3600 2157 2266 4625 3988 4086 4914 4566 -1 4266 5353 -1 4600 3245 3292 4822 2534 5743 5177 4118 3015 3973 3854 3245 3533 4307 3719 4092 5532 3875 3953 2306 2499 4273 4125 -1 -1 2491 4518 2899 3688 4001 3514 5089 2207 4632 3883 2995 2575 3569 -1 1962 -1 5119
4093 4402 1772 2398 3144 2123 3434 3265 2309 -1 2527 3164 3201 3687 2468 3778 3931 3616 1868 4231 2552 2057 3334 526 1594 1896 4046 2417 3493 5124 3339 3020 542 2076 -1 2172 1759 3918 3825 3698 2921 3494 722 2530 3377 2816 1619 3245 1538 2674 2461 2079 4566 3675 -1 2612 2692 -1 2025 1906 2453 3286 2925 3162 3244 2190 2124 3386 1873 2141 2805 2780 4110 3288 5650 3147 3819 1578 1771 3242 3064 -1 -1 2039 2615 2008 2334 2087 2768 3284 2487 2718 3155 2647 2441 3261 -1 2320 -1 2063
3742 3549 3378 3057 3296 4109 4119 5156 3663 -1 2539 3663 3631 2302 1738 2096 5116 2134 3222 5006 3601 1977 1360 2562 3509 3375 2444 3060 3953 5575 2765 3990 3914 2004 -1 2177 1764 4789 3095 4723 3466 1422 2737 3884 1314 3956 3534 4065 3127 1944 3815 3103 4255 4252 -1 3715 1415 -1 2030 2357 2458 4137 1443 4302 3176 3565 2491 3659 3653 4106 3971 4041 2628 3001 5168 4339 3887 3167 3221 4231 4149 -1 -1 2769 2301 2585 3374 3687 3472 2189 1893 3451 3060 2652 2509 3967 -1 2240 -1 3203
4824 5533 5013 3898 1587 4911 6381 5252 4444 -1 4563 4123 3998 4244 4266 4149 3198 4076 4003 5656 4616 3016 4956 3732 3218 4637 4987 5080 4320 6067 4687 4644 5020 3635 -1 4197 3784 4289 4054 5227 3292 5072 4757 4665 4281 4614 3243 4525 4279 2903 4556 3936 6338 5299 -1 3716 4544 -1 4050 2849 4478 4038 3887 6287 3832 3133 3748 4804 3221 4659 3176 4915 4612 4636 6609 3518 4991 4319 4330 4295 3481 -1 -1 3808 4193 3632 4421 4919 4614 3549 3524 3345 3526 4672 3613 4615 -1 3279 -1 6098
2157 4691 2430 3629 3033 5157 5452 4092 2967 -1 3872 4388 3596 3463 674 3429 3083 3295 2526 4960 3212 2805 2693 2589 4035 4057 3461 3075 3918 4924 4098 2926 4434 2576 -1 3510 3097 5451 2031 4356 4627 2755 4070 3188 2647 4499 4060 2662 3699 880 3065 143 2356 4824 -1 3270 2748 -1 3363 1706 3791 3789 2776 4139 3830 4156 2279 4231 4314 3587 2774 3133 3961 4334 3603 4335 5059 3739 3322 4341 2367 -1 -1 3429 3050 3157 2919 1414 3426 3522 2465 2045 3840 3174 3681 3550 -1 3068 -1 4362
6302 7564 4390 5449 6440 6939 7799 7462 4927 -1 5578 5694 5569 5815 5981 5720 6549 5647 4486 6920 4852 4587 5226 4723 4645 4947 7097 4715 5891 7742 6284 6071 6573 5206 -1 5334 5298 5860 6502 6316 4863 5288 6271 5148 5180 6472 4670 6096 4589 6187 5079 5450 7600 6726 -1 5230 7113 -1 5564 4524 5615 5904 5458 7164 6295 6989 5175 6375 4924 5568 4747 5398 6643 6233 8180 5089 6562 4629 4822 6293 5339 -1 -1 5379 5666 5059 5848 6346 5386 5902 5095 6455 5097 5740 5184 6763 -1 4850 -1 6322
3438 2994 2256 2713 2897 3936 3889 4732 2793 -1 1668 2893 2768 2877 2566 2919 4415 2709 2352 3906 2046 1584 2586 2589 1988 1037 3187 2581 3090 4915 3502 2891 1466 2203 -1 1424 2683 3059 3923 3982 2062 2635 1646 2814 2761 2914 2013 2386 679 2772 2945 1546 3901 1804 -1 2993 3616 -1 1851 2390 1705 3106 2419 4086 3590 2410 253 2527 2267 1658 1946 3264 3604 3451 5170 2288 3708 719 912 2383 1781 -1 -1 2376 1756 137 926 1239 2372 3768 2092 1870 1814 2473 2330 1853 -1 1847 -1 2987
2755 3622 30 1909 2414 3072 4419 3102 567 -1 2108 1668 2876 2418 1621 2721 2189 2250 126 2560 492 765 2513 363 1790 2337 2891 355 1751 3382 1933 3036 2766 856 -1 1351 938 3962 2142 1956 2965 2387 1911 788 1635 2455 1815 3152 1979 1827 719 1090 3240 3104 -1 870 2753 -1 1204 164 1632 1544 2149 3061 3440 2629 1387 2349 2069 1603 1622 1038 3334 3304 3863 2090 3019 1961 922 2727 1322 -1 -1 1029 1508 1437 2171 2361 1026 1542 745 2336 2948 1826 1641 3098 -1 1028 -1 1962
2122 3690 3118 2592 2773 3272 2598 4376 3655 -1 2467 2027 3364 2753 1476 4025 3885 2585 3214 4269 3494 920 3495 2980 1842 2144 3817 3345 3508 5315 3587 3268 1888 1539 -1 2531 3105 4165 2833 4270 3168 3557 2068 3102 2402 3898 1867 2429 1786 1682 3536 945 3158 3787 -1 3487 3550 -1 2958 2097 2812 4012 2304 4508 3492 3339 2236 2708 2121 2765 3052 3869 3489 3536 4405 3394 3174 1826 2019 3490 3169 -1 -1 1712 2863 2120 2909 2216 2735 3828 1428 2847 3402 2937 1796 3454 -1 1183 -1 3409
-1 -1 -1 -1 -1 -1 -1 -1 -1 -1 -1 -1 -1 -1 -1 -1 -1 -1 -1 -1 -1 -1 -1 -1 -1 -1 -1 -1 -1 -1 -1 -1 -1 -1 -1 -1 -1 -1 -1 -1 -1 -1 -1 -1 -1 -1 -1 -1 -1 -1 -1 -1 -1 -1 -1 -1 -1 -1 -1 -1 -1 -1 -1 -1 -1 -1 -1 -1 -1 -1 -1 -1 -1 -1 -1 -1 -1 -1 -1 -1 -1 -1 -1 -1 -1 -1 -1 -1 -1 -1 -1 -1 -1 -1 -1 -1 -1 -1 -1 -1
3950 4269 2927 2644 2611 4953 5474 3670 3464 -1 3703 3998 3307 3553 252 4954 4222 3385 3023 5180 3063 2601 4621 2940 3844 3072 4139 3252 3629 5638 4188 2504 3501 1591 -1 3459 3515 5094 1609 4853 4097 1485 3681 3685 3476 4040 3869 4400 2714 458 3616 3581 4318 3839 -1 3447 5009 -1 3781 2420 3740 4121 3436 4812 4129 3979 2288 3246 4123 3165 2485 2711 4621 4137 6434 4323 4855 2754 2947 4418 3077 -1 -1 3393 3764 2172 2497 3274 3809 4119 2043 3905 3849 3759 3477 3128 -1 2864 -1 4208
4017 3693 3167 2248 3671 4121 3838 4380 3704 -1 3111 3761 3051 2757 3339 2375 5010 2589 3263 2338 3429 924 1932 3232 1444 2943 3381 3219 3343 5684 3189 2870 3372 1543 -1 770 2934 3888 2901 4318 3001 2215 2545 3925 2107 3992 1469 4234 2585 1750 3540 2808 3455 3525 -1 2866 4120 -1 2189 3150 1051 1198 2113 4789 3094 2283 1974 3198 1723 3564 2851 4003 2772 3138 4115 1744 3178 2625 2680 1603 2166 -1 -1 1716 3662 1858 2647 2769 2075 4405 1432 3254 3235 2811 1800 3458 -1 1187 -1 3886
-1 -1 -1 -1 -1 -1 -1 -1 -1 -1 -1 -1 -1 -1 -1 -1 -1 -1 -1 -1 -1 -1 -1 -1 -1 -1 -1 -1 -1 -1 -1 -1 -1 -1 -1 -1 -1 -1 -1 -1 -1 -1 -1 -1 -1 -1 -1 -1 -1 -1 -1 -1 -1 -1 -1 -1 -1 -1 -1 -1 -1 -1 -1 -1 -1 -1 -1 -1 -1 -1 -1 -1 -1 -1 -1 -1 -1 -1 -1 -1 -1 -1 -1 -1 -1 -1 -1 -1 -1 -1 -1 -1 -1 -1 -1 -1 -1 -1 -1 -1
3228 5039 3988 3068 3879 3722 3704 5239 4525 -1 3573 3133 3871 3773 2550 3195 4641 3605 4084 1549 2879 2026 4318 4033 2264 3763 3864 3892 4163 6421 4009 3690 4192 2645 -1 3156 3660 4708 3907 5138 3821 4535 4372 4746 3508 5004 2289 3535 3405 2756 4642 2019 2666 4133 -1 3592 4624 -1 3009 3203 3437 2018 2933 5609 3914 3103 1891 3814 2543 4106 3671 4975 4118 3958 5479 2564 4280 3445 3500 4600 2677 -1 -1 2818 4482 2678 3467 3290 3841 4934 2534 3921 3452 3484 2902 4254 -1 2289 -1 5394
4843 5343 3710 3456 2398 5230 5806 4526 3706 -1 2092 1652 4259 3130 3175 4389 4306 4064 3265 5283 2031 2878 4503 2012 2652 2954 4101 3493 1735 4347 3796 4078 4000 3463 -1 3341 4298 4976 2126 2209 3979 3352 4180 3927 3416 3523 2677 4303 2596 3381 2836 3602 3922 4153 -1 4230 3718 -1 3768 1129 3622 3212 3373 5705 4302 3944 2309 2333 2931 3575 3812 3494 4558 4346 5402 3758 4877 2636 2829 4300 3388 -1 -1 3285 2473 2486 3275 3773 3749 4360 3386 4404 3870 3747 3499 4202 -1 3141 -1 4631
522 4550 3640 2579 3426 3925 4938 4750 3635 -1 3120 2680 2555 2801 3110 2706 4863 2633 3194 3572 3173 1573 4234 3061 1775 3274 4458 3965 2877 6015 3520 3201 3703 1934 -1 3416 3130 1569 4467 3784 1849 4046 3883 3856 3055 3458 1800 3082 2916 3316 3787 3282 4136 3856 -1 3062 4451 -1 3269 3486 3697 3736 2444 5120 3377 3992 2305 3361 2054 3216 1733 4106 3629 3469 5166 2075 3548 2956 3011 4147 2325 -1 -1 1022 3993 2189 2978 3476 3388 4240 2081 3585 2083 3891 2170 3893 -1 1836 -1 4905
4041 3597 2859 1351 2440 4058 3005 4059 3396 -1 2410 3238 2318 3359 2399 3264 3765 3191 2955 3798 2742 2131 3328 3168 2333 1779 2767 3184 2446 5657 475 3633 2208 298 -1 2166 1926 3404 3756 4330 2407 3355 2388 3162 2183 1541 2358 3128 1421 2605 2295 2078 4643 2407 -1 1858 3877 -1 2192 2993 2447 2532 3002 4429 3935 1275 856 1953 1363 2400 2291 3867 4187 2778 5033 2633 4049 1461 1654 2437 2384 -1 -1 2923 2498 740 1529 1981 2516 1691 187 2612 2163 2814 2671 2456 -1 2394 -1 3729
3910 3983 3073 2012 2859 3358 4371 4183 3422 -1 2553 2113 1988 2234 2543 2139 5044 2066 2981 4281 2606 1006 3667 2494 1208 2707 3891 3398 2310 5448 2953 2634 3136 1625 -1 2849 2563 2279 3900 3217 1282 3479 3316 3643 2488 2891 1233 2515 2349 2749 3574 2715 4848 3289 -1 2495 3884 -1 2702 3002 3130 3169 1877 4553 2810 3425 1738 2794 1487 2649 1166 3893 3062 2902 4599 1508 2981 2389 2444 3580 1758 -1 -1 1798 3426 1622 2411 2909 2821 4169 1514 3018 1516 3324 1603 3326 -1 1269 -1 4338
4874 4865 4170 2814 3854 4579 5817 4913 4707 -1 3873 3923 3781 4796 1495 4727 5228 4628 4266 5128 3594 3132 4065 4183 3796 3132 4230 4495 3909 6618 3861 3747 3671 1761 -1 3629 3777 4867 2852 4480 3870 2728 3851 4671 3646 3713 3821 4481 2884 1701 3758 2860 4203 4009 -1 3709 1172 -1 4043 3400 3314 4383 3967 4059 5372 4575 2458 3416 4075 3863 3728 3954 4550 3810 6320 4096 5386 2924 3117 4588 3986 -1 -1 3924 2058 2342 3131 3444 3979 1946 1650 4075 4019 4665 4008 3724 -1 3395 -1 2960
4144 4781 3980 3544 3653 4312 6084 4907 4511 -1 4856 4416 4544 3244 1489 4321 5459 3076 4070 2139 3348 2825 4178 3504 3390 4283 4557 3899 4639 7260 3613 3741 3338 3391 -1 3016 4555 4535 2846 5900 4408 4461 3518 4732 2162 1837 3415 4818 3925 1695 4292 3636 5410 3519 -1 4657 3650 -1 2869 4114 3297 3144 3721 3859 5040 4229 3433 4234 3669 4402 3722 3948 4906 5084 6016 3690 4726 3965 2619 5298 2148 -1 -1 3617 4536 3804 3734 4883 4321 4424 3280 2550 4994 3491 3348 3640 -1 3088 -1 3712
3515 5381 1789 3668 4001 4831 2397 4861 2326 -1 1140 3747 4635 3974 2693 3373 3948 3806 1885 4319 2571 2524 3570 2122 3549 4092 4370 2434 3830 5141 3692 4623 4340 2615 -1 3110 2697 5537 4050 3715 4724 3632 3670 2547 3394 4011 3574 3229 3734 2899 2478 2162 3172 4863 -1 2629 4512 -1 2963 1923 2468 3303 3908 3765 3854 4388 1357 4270 3828 3362 3381 2797 5093 4765 5622 3849 4778 3720 2681 4117 2878 -1 -1 2788 3267 3196 3930 3433 2785 3301 2504 4064 2918 3585 3400 4857 -1 2787 -1 3721
-1 -1 -1 -1 -1 -1 -1 -1 -1 -1 -1 -1 -1 -1 -1 -1 -1 -1 -1 -1 -1 -1 -1 -1 -1 -1 -1 -1 -1 -1 -1 -1 -1 -1 -1 -1 -1 -1 -1 -1 -1 -1 -1 -1 -1 -1 -1 -1 -1 -1 -1 -1 -1 -1 -1 -1 -1 -1 -1 -1 -1 -1 -1 -1 -1 -1 -1 -1 -1 -1 -1 -1 -1 -1 -1 -1 -1 -1 -1 -1 -1 -1 -1 -1 -1 -1 -1 -1 -1 -1 -1 -1 -1 -1 -1 -1 -1 -1 -1 -1
5091 5671 4103 5148 4574 6044 7175 7148 3901 -1 5239 4799 5199 5445 5189 4122 3465 5277 3460 5069 4801 3692 5269 4436 4645 5441 2920 3364 5402 7455 5338 5196 5463 4095 -1 4107 3778 4910 3977 5290 6148 5336 4751 4122 3887 5789 4670 5201 5218 5376 2524 4439 4875 5153 -1 4438 6826 -1 3960 4237 4172 5112 5076 6936 3289 4634 4792 5480 4722 5676 4377 4372 6261 6031 7285 5658 5817 4850 4256 4690 4656 -1 -1 4363 5581 4676 5465 873 4220 4351 4079 1504 3668 2956 4439 5274 -1 3955 -1 5837
3029 3666 3049 2429 2538 4207 4969 3792 3586 -1 3830 4592 3429 2129 374 3206 4344 1961 3145 4740 3185 1855 3063 2389 2275 3168 4512 2784 3524 6145 4020 2626 4009 2276 -1 1901 3610 4076 1731 4975 3293 3346 3887 3807 3238 722 2300 4517 2810 580 3738 2521 4295 2404 -1 3542 2535 -1 1754 3183 2182 2029 2944 4934 3925 3114 2318 3931 2554 3287 2607 2833 4129 3969 5779 2575 3611 2850 2861 4183 1033 -1 -1 2647 3421 2689 2619 3792 3206 3309 2165 4085 3879 2376 2233 2525 -1 2118 -1 3944
3410 4009 2953 2564 3482 3727 4154 4696 1222 -1 3427 3649 3367 3073 1962 2691 2844 2905 781 2654 3664 1240 2248 3286 1760 2992 3697 3123 3659 6000 3505 3186 3421 1511 -1 1086 1827 4204 3217 2611 3317 2531 2800 1443 2423 3110 1785 4051 2634 2066 1374 1979 3771 3759 -1 1759 4436 -1 2093 3087 1367 1514 2429 5105 3410 2599 2208 3166 2039 3613 2511 1693 3088 3454 4431 2060 3494 2674 1577 1919 1977 -1 -1 1684 3711 2092 2881 3085 1681 4465 1400 2991 3551 2715 2116 3774 -1 1503 -1 4141
3522 3799 2490 1414 1429 2389 3525 3798 1955 -1 1889 1449 2902 2175 2462 2355 3577 2007 2586 3296 1881 342 1619 2503 1295 1842 2419 1340 2509 5535 3040 2051 2271 361 -1 457 44 3739 3819 2881 2867 1902 1017 1713 1794 2810 1320 1851 1484 2668 2107 2336 2851 2609 -1 2492 3441 -1 310 2624 738 2417 1726 3457 2788 2456 1058 2016 1574 2436 2702 3291 2911 2989 3935 2963 2167 1524 1717 1545 2586 -1 -1 1134 2561 942 1731 372 1762 3026 850 1003 2619 932 789 2658 -1 605 -1 2358
3268 3644 1514 399 2139 4239 3144 2418 2051 -1 2065 2994 2869 2586 2785 1622 3673 2418 1610 3974 1790 1887 886 1527 2089 1138 3288 1839 1494 4866 1188 3515 3364 2340 -1 1343 2102 3160 3622 3440 2163 1714 2908 2272 2665 3682 2114 2487 780 2991 2203 2254 4155 3702 -1 2034 4237 -1 2368 1648 1624 2708 2758 2788 2702 1988 2151 2446 2076 1759 1518 2522 2723 1137 5161 2389 3862 820 831 3150 2639 -1 -1 2513 2992 2035 2824 2430 2510 2404 2229 3061 2397 2756 2484 3669 -1 2150 -1 3126
2749 6629 3895 5774 6532 4905 6475 6967 4432 -1 5488 5853 6568 6283 5486 6586 6054 6115 3991 6425 4677 4630 6378 4228 5655 4857 6756 4540 5936 7247 5798 6711 5286 4721 -1 5216 4803 6222 4445 5821 5882 6252 5466 4653 5500 6320 5680 5625 4499 5692 4584 4955 6363 5439 -1 4735 6618 -1 5069 4029 5497 5409 6014 3611 7305 4972 3888 6347 5934 5468 5487 4903 7199 7169 6603 5955 6884 4539 4732 6203 5187 -1 -1 4894 5373 3772 4561 5059 4891 5407 4610 5690 5449 5691 5506 5488 -1 4893 -1 5827
1760 3214 2476 3118 3117 1490 3060 5137 2788 -1 2073 3298 3153 3054 2763 3324 4410 2929 2347 4080 2451 1989 2991 2809 2393 1442 3592 2801 3440 5320 3720 3296 1871 2525 -1 1829 2208 2807 4120 3287 2467 3040 2051 2119 3166 3134 2418 2791 1084 2969 2940 1766 4306 2024 -1 2140 4021 -1 2256 2610 2110 2814 2824 4491 3995 1557 473 2932 2672 2063 2351 3259 4009 3856 5315 2693 4113 1124 1317 2788 2001 -1 -1 2260 2161 357 1146 1644 2777 3988 2497 2275 2034 2878 2735 2073 -1 2252 -1 3392
4476 4976 3343 3895 2031 4863 5682 4159 3339 -1 1725 1285 4442 2763 2808 4022 3939 3697 2898 4916 1664 2511 4687 1645 3091 3204 4753 3126 1368 3980 3429 4074 3633 3096 -1 3591 3931 4733 4165 4728 3736 2985 3813 3560 3049 3156 3116 4553 2846 3014 2469 3235 3555 3786 -1 3863 3351 -1 3836 762 3585 2845 3006 5338 4276 3577 1942 1966 3370 3581 3445 3127 4191 4564 5035 3391 4765 2886 3079 4141 3463 -1 -1 2918 2106 2119 2908 3406 3382 3993 3019 4037 3503 4373 3387 3835 -1 2774 -1 4264
2934 3801 209 2088 2901 2865 4374 3281 746 -1 2607 2167 3055 2597 1651 2573 2368 2429 305 2739 991 944 1837 542 1969 1836 3070 854 2250 3561 2112 3215 2945 1035 -1 1530 1117 4141 2641 2135 3144 1899 2090 967 919 1999 1994 3185 2158 1857 898 1269 2524 3283 -1 1049 2932 -1 1383 343 1811 1723 2328 2345 3619 2808 1566 2690 2248 887 1801 1217 3513 3483 4362 2269 3198 1245 1101 2011 1501 -1 -1 1208 1687 1616 2350 2540 1205 826 924 2515 3127 2005 1820 3277 -1 1207 -1 1246
4155 3961 3218 2103 3324 3180 4848 4122 2649 -1 3459 3019 4448 3741 2544 3772 4271 3573 2208 3861 3359 2897 3161 3231 2841 2842 3192 3285 3102 5714 2892 4267 3225 2306 -1 2402 1989 4530 3493 3576 3867 3418 2962 2870 3739 4420 2866 4191 2484 2750 2801 2141 4796 4473 -1 1921 3940 -1 2255 2496 2683 2595 3510 4492 2037 1338 3003 3700 1426 3463 2673 3120 4427 2841 5096 3141 4112 2524 2535 2500 3404 -1 -1 3111 3840 2887 3676 3412 3108 1754 2827 2957 2226 2877 2734 2820 -1 3160 -1 4303
2852 3399 127 2006 2511 3060 4196 2879 664 -1 2205 1765 2927 2375 1398 2498 2286 2207 223 2587 589 542 2290 140 1567 2329 2668 452 1848 3479 2030 2813 2863 953 -1 1128 715 4011 2239 2053 3062 2392 1688 885 1412 2492 1592 2929 2076 1604 816 867 3017 3201 -1 647 2850 -1 981 261 1409 1321 1926 2838 3217 2406 1484 2446 1846 1380 1399 1135 3111 3081 3960 1867 2796 1738 1019 2504 1419 -1 -1 1126 1605 1534 1948 2138 1123 1319 842 2433 3045 1603 1418 2875 -1 805 -1 1739
2018 4306 3059 2488 2669 3168 2494 4272 3596 -1 2363 1923 3260 2649 3426 4106 4902 2481 3155 4165 3700 816 4228 2876 1769 2916 3713 3704 3404 5211 3514 3195 3345 1435 -1 3303 3451 4213 2944 4643 3544 4040 3525 3696 2298 3794 1794 2325 2558 1793 3432 2895 5252 3683 -1 3383 4162 -1 3263 1993 3201 3939 2200 5114 3419 3235 2132 2604 2048 3537 3176 3765 3385 3463 4409 3770 3070 2598 2791 3390 3660 -1 -1 1608 3337 2016 2805 3118 2631 3724 1324 3579 3693 3333 1692 3350 -1 1079 -1 4866
3453 2671 2935 2364 2545 3044 4752 4148 3472 -1 2239 1799 2199 2445 2754 4277 4778 2277 3031 2981 2817 692 4104 2705 1645 2792 1940 1968 2521 5885 3390 3071 3221 1311 -1 3127 3327 3930 4111 4519 3420 3916 3401 3572 2174 3102 1670 2201 2434 2960 3308 1439 3479 3559 -1 3259 4038 -1 2980 3069 3408 3450 2076 4990 3021 3111 2008 2480 1924 3413 1377 3641 3261 3339 4285 3646 2946 2474 2667 3266 1969 -1 -1 1484 3511 1892 2681 2710 2507 3550 1200 3341 3400 1560 1568 3226 -1 955 -1 4742
3689 5658 4390 3292 4390 5217 830 5311 3177 -1 1529 5134 923 4120 3457 4262 4799 3952 2736 4609 1541 2865 3526 4380 3404 2250 3737 4474 1245 5852 3924 3951 4414 3340 -1 2364 3178 5719 4814 4566 4961 3809 3747 3398 2926 4400 3429 1662 3673 3663 3329 2926 5726 5485 -1 3110 4903 -1 3444 4415 2645 3469 3700 5524 5054 2527 1746 3467 2615 1301 3862 3648 4885 3873 4912 3626 5119 1659 1852 3689 3024 -1 -1 2795 4711 3818 4607 3760 3259 2943 3229 4146 2588 4066 3741 4690 -1 3128 -1 4472
4252 2670 2498 1383 2474 5223 4128 3402 3035 -1 2168 1728 3853 3206 3251 2606 4382 3402 2594 3922 2107 2508 1870 2088 2728 2122 4177 2823 1811 4423 2172 4154 4076 3127 -1 2327 3031 4144 2202 2285 3147 2698 3892 3256 3492 3599 2753 3471 1764 3334 2912 3183 3881 4229 -1 2963 3794 -1 3297 1205 2608 2782 3449 3772 3686 2380 2385 2409 3007 2743 2502 3506 3707 2121 5478 3328 4762 1804 1815 3187 3464 -1 -1 3300 2549 2562 3351 3414 3494 3388 3016 4045 3381 3740 3384 1529 -1 2771 -1 4110
4550 4428 3536 3542 4054 4451 5763 5713 2362 -1 4637 4197 3900 4146 3650 4223 3984 3978 1921 3939 687 2735 4391 3549 3292 4132 3833 3861 391 5529 3523 3097 4561 2651 -1 3229 2967 4363 4712 3751 3366 4674 3940 2583 2072 4250 2763 4599 3774 3561 2514 3119 5372 4899 -1 2899 5531 -1 3233 3670 3510 3573 3769 5640 4722 3844 3348 4306 3017 4733 3078 2833 4954 4430 4058 3592 4989 3814 2717 3164 3117 -1 -1 1941 4851 3232 2360 4334 2405 4728 2540 4131 3600 3453 3611 3287 -1 2998 -1 4541
3295 3980 3435 2864 3549 3025 3298 4648 3329 -1 2571 3068 3831 2733 2640 2128 4082 2565 2888 3069 1654 1192 1392 2993 2436 1928 2841 1113 3151 5763 3018 3862 3406 1811 -1 230 3034 4342 3869 3952 3452 1675 2216 3550 1567 3691 2461 3277 2619 2742 3481 2109 2624 3559 -1 2966 3214 -1 83 2545 511 2190 1874 4656 3082 2383 2008 3466 2471 3598 2756 3800 3059 3432 4108 2736 1940 2599 2335 2595 2635 -1 -1 1984 3174 1892 2681 2229 1535 2799 1700 2860 3271 705 562 3196 -1 1455 -1 3557
4461 4738 3429 2353 2368 3328 4464 4737 2894 -1 2828 2388 3398 3114 3401 3294 4516 2946 3525 4235 2820 1281 2558 3442 2234 2781 3358 2279 3448 6474 3979 2990 3172 1300 -1 1396 983 4678 4758 2516 3806 2841 1956 2652 2733 3749 2259 2790 2423 3607 3046 3275 3790 3548 -1 3431 4380 -1 1249 3563 1677 3356 2665 4396 3727 3395 1997 2955 2513 3375 2576 4230 3850 3928 4874 3902 3106 2463 2656 2484 3168 -1 -1 2073 3500 1881 2670 1311 2701 3965 1789 1942 3558 1871 1728 3597 -1 1544 -1 3297
3922 3575 2328 1757 3497 2437 4145 3541 2865 -1 2816 2999 2724 1918 2805 3670 4171 1750 2424 3434 2969 85 3734 2588 2739 2185 2982 2973 2673 5680 3018 4039 2614 704 -1 2572 2720 3810 4162 4133 2813 3783 2794 2965 1567 3153 2764 3534 1827 3011 2701 2472 4521 2952 -1 2652 4507 -1 2986 2462 2853 3326 1469 4678 4341 2504 1401 2359 3018 2806 2697 3336 2654 3027 5421 3039 2339 1867 2060 2659 2929 -1 -1 877 2904 1285 2074 2387 1900 3840 593 3018 2962 2602 961 2619 -1 348 -1 4135
2415 4277 3265 2694 1705 3374 4254 4295 3000 -1 2997 3936 3661 1296 985 3817 4110 1128 3361 4371 3367 1022 3674 1556 2886 3122 3919 3395 3610 4995 3955 3237 3176 1641 -1 2512 2777 3462 2342 4389 2460 3957 3356 3221 2504 1333 2911 4471 2764 1191 3152 2778 4906 3015 -1 2709 3146 -1 2365 2967 2793 2640 2406 5545 3950 3251 1485 3296 3165 3743 3218 3035 3591 3964 3589 3186 3276 2682 2215 3596 200 -1 -1 1814 3499 2222 3011 3324 2837 3667 1530 3955 3046 2987 1898 3136 -1 1285 -1 4512
4583 5235 3457 4315 2396 4724 4997 6209 2922 -1 4270 4363 4763 4432 3628 3827 4544 4264 3553 4735 3295 2833 3091 3470 3797 3627 742 2812 4850 6809 4717 3018 3285 3262 -1 1929 2945 2732 4808 4311 4101 3374 3454 3143 3266 4412 3822 4765 4318 3712 3074 3097 4323 5258 -1 2877 4676 -1 1782 3591 2210 3551 3573 4758 4641 3942 3707 4917 4030 4710 3629 4465 4758 5093 5807 4097 3639 4298 4034 2512 3677 -1 -1 3625 4873 3591 4380 3928 3234 4358 3341 4559 4335 2404 2261 4895 -1 3096 -1 3659
3322 4919 3722 3151 2798 3195 4507 4935 3165 -1 2688 2248 4118 3312 2957 4382 4787 3144 2724 2683 2627 1479 3646 2608 3524 2370 4376 3721 2331 4943 2267 4950 3576 2098 -1 2484 3718 4512 3456 4554 4172 3475 2850 3386 816 3305 3549 3719 2789 2305 3317 3471 4518 3729 -1 3650 4047 -1 2691 1725 2765 3808 2863 4184 4187 3067 2178 2929 3155 3768 3694 3636 4048 4421 4670 3746 3733 1779 1972 1908 3616 -1 -1 2271 2596 2062 2851 3349 1149 3483 1987 3980 3739 3313 2355 3778 -1 1742 -1 4191
3585 2803 2083 2073 2677 2753 3912 3857 2538 -1 2371 1931 2331 2095 1632 3986 3277 1927 2097 3113 863 401 3645 2355 1777 2501 2072 2100 2653 5435 2845 3203 853 1020 -1 2483 2070 2050 2989 3858 3129 3928 1033 2759 1883 1980 1802 2333 2143 1838 1807 1571 3611 3268 -1 2923 3003 -1 2336 2217 2764 3287 1236 2326 3153 2820 1717 2612 2056 2452 1509 3009 2421 2794 4234 3355 2655 2183 2376 2975 2101 -1 -1 1193 3220 1601 2390 2398 2216 3595 909 3029 2853 1692 1277 2935 -1 664 -1 1227
4898 4532 3144 2029 3769 3943 4774 4048 3681 -1 3695 4505 4230 3285 3638 3252 5303 3117 3240 4940 2053 1591 2516 3157 3719 2768 4488 3469 3124 6496 2818 3924 4120 2210 -1 2973 3732 4790 4995 5070 3793 3344 4300 3902 3073 3986 3744 4117 2410 3844 3833 3884 5785 4458 -1 3664 5799 -1 3998 3278 3254 4338 2426 4418 4332 3618 2907 3865 3706 3389 3148 4152 3611 2767 5424 4019 3722 2450 2461 4165 4269 -1 -1 2383 4410 2791 3580 3893 3406 4034 2099 4524 920 4108 2467 4125 -1 1854 -1 4756
5607 5012 2882 1767 3507 5607 4512 3786 3419 -1 4802 4362 4237 4483 4153 4388 5041 4315 2978 5342 3158 3255 3873 2895 3457 2506 4656 3207 2862 6234 2556 4883 4732 3708 -1 2711 3470 4528 4990 4534 3531 3082 4276 3366 4048 5140 3482 3855 2148 4359 3571 3622 5599 5070 -1 3402 5605 -1 3736 3016 2992 4076 4126 4156 5059 3356 3519 3814 3444 3127 3415 3890 4091 2505 6529 3757 5230 2188 2199 4518 4007 -1 -1 3881 4360 3403 4192 3798 3878 3772 3597 4429 3765 4358 3852 5037 -1 3518 -1 4494
2769 2978 2240 2151 2881 3792 3961 4228 2777 -1 1837 2970 2937 765 810 3017 3579 2397 2336 4075 1902 1440 2755 2573 2086 1206 3111 1128 3204 5084 1431 3060 1635 1098 -1 1593 2852 3089 2167 4151 2231 2804 1815 2983 2922 1158 2111 2555 848 1016 2846 1530 2974 1788 -1 2814 2346 -1 2020 2374 1874 1840 2275 3365 3736 2231 237 2696 2319 1827 2115 3248 3460 3620 5154 2386 3694 888 1081 2552 1469 -1 -1 2232 1925 121 910 1408 2541 2647 1143 2039 1798 2642 2316 1837 -1 1703 -1 2266
3260 4623 3654 2539 2550 4219 5011 3810 3845 -1 3754 3397 3455 2141 1830 2779 3590 1973 3669 3712 2624 1867 3902 1296 1848 3278 4531 3623 3634 3631 3296 3274 3776 2486 -1 2740 3338 4292 3187 4722 3305 2636 3879 4066 1845 2178 1873 4627 2920 2036 2120 2929 3902 3860 -1 3270 2108 -1 2593 413 3021 1602 2517 4928 3498 2687 1636 4078 2127 3899 3255 3880 3702 3277 4434 2148 4073 2960 2971 2937 1045 -1 -1 2659 1757 2262 3051 3549 2178 2882 2375 3658 3197 3215 2695 3966 -1 2130 -1 3896
4474 4634 3936 3365 3811 4045 5204 5149 3830 -1 3947 4607 4332 3387 2992 3672 5452 3219 3389 5042 2155 1693 3869 3647 4347 3793 4590 4581 4281 3162 3399 4433 4222 2312 -1 3915 4328 5418 4349 5219 3344 3931 4402 4051 3175 4743 2870 4980 3435 3198 3982 2460 5528 4560 -1 4260 5066 -1 4214 4070 2767 4934 2528 5216 5597 4112 1167 3967 3124 4414 4305 4301 3713 4086 5526 4647 3947 3475 3668 3927 4537 -1 -1 2485 4512 2893 3682 3731 3508 4615 2201 4362 2728 4210 2569 4227 -1 1956 -1 4117
2382 3981 2728 2163 3211 4204 3336 3377 2082 -1 2079 3405 3130 378 2542 3642 3192 210 2824 3625 2449 491 2971 638 2711 2355 3388 3155 3258 6080 3424 3311 2258 1110 -1 1809 1859 3779 3899 3471 1542 3254 2438 2303 1973 3323 2736 3704 2233 2748 2234 1860 4111 3358 -1 1791 3095 -1 2125 2862 2090 2465 1875 4693 4361 3550 567 2765 2990 3212 2543 2117 3060 3433 5471 3011 2745 1764 1297 3065 2837 -1 -1 1283 2581 1691 2446 2793 2306 3869 999 3339 2128 2747 1367 3025 -1 754 -1 3594
3861 3696 2449 1878 2059 2558 4266 3662 2986 -1 1753 1313 2766 2039 2836 3791 4292 1871 2545 3555 3090 206 3618 2709 1159 2306 3103 3094 2794 5399 2904 2585 2735 825 -1 2693 2841 3603 3950 4033 2934 3430 2915 3086 1688 3184 1184 1715 1948 3042 2822 2593 4642 3073 -1 2773 3552 -1 2653 2583 2974 3329 1590 4504 2809 2625 1522 1994 1438 2927 2566 3155 2775 2853 3799 3160 2460 1988 2181 2780 3050 -1 -1 998 3025 1406 2195 2508 2021 3961 714 2969 3083 2723 1082 2740 -1 469 -1 4256
4877 3128 2556 3913 3928 4466 6024 5628 3093 -1 4388 3948 4731 4568 3252 4854 4715 4400 2652 5015 3336 2841 4118 2889 3794 3874 4918 3201 4597 5908 4459 4550 1326 2860 -1 2956 2543 5022 4609 4482 4025 4401 1506 3314 4161 3600 3819 4350 3983 3458 3245 2863 5350 5015 -1 3396 3476 -1 2809 2690 3237 4070 3709 3946 4767 4068 3557 4515 4073 2925 3909 3564 4894 5267 6434 4251 4666 3283 3448 3248 3848 -1 -1 3555 4034 3441 4230 2871 3552 4068 3271 3502 4259 3431 3288 5136 -1 3104 -1 2847
2313 3774 2864 1517 3189 2492 3628 3974 3261 -1 2576 3316 2606 1899 830 1930 4162 1731 2820 2019 1984 1522 1722 2159 999 1945 3171 1443 2612 5239 2564 2425 2374 464 -1 560 147 3443 2187 3873 2556 2005 1120 3482 1897 2913 1024 2818 1587 1036 3221 299 2954 2712 -1 79 2904 -1 413 2793 841 753 1668 3560 2649 1838 1161 2119 1278 2539 831 3289 2853 2513 3759 1299 2270 1627 1820 2925 1721 -1 -1 2314 2664 1045 1834 1570 1865 3129 1964 2201 2722 1035 892 2761 -1 1785 -1 2461
4417 3704 3968 3172 3578 4077 5283 5181 3969 -1 3272 2832 3232 3478 3787 2146 4357 3310 3528 3778 3639 1725 3377 3703 2678 3465 1254 1388 3426 6038 3362 4104 3797 2119 -1 2215 1802 4963 4551 4896 4172 3660 2775 4190 1911 4135 2703 3234 3242 3400 4121 2472 2899 3177 -1 3241 4858 -1 2068 2820 2496 3915 3109 5215 3357 2658 2816 3513 2746 4194 2410 4440 4294 4161 5318 4398 3925 2874 3067 3003 2910 -1 -1 2517 3691 2700 3489 3743 2244 3074 2233 4277 3546 980 2547 3298 -1 1988 -1 4116
4275 4348 3438 2377 3800 4806 4736 4548 3835 -1 3479 3890 3180 3101 3618 2504 5457 2933 3394 4646 3558 2752 3627 3361 1573 3072 4256 3348 3472 5813 3318 2999 3501 2649 -1 2465 3063 4017 4364 4447 3130 3598 3681 4056 3802 4374 1598 4363 2714 3824 3987 3215 4859 3654 -1 2995 1833 -1 2318 3367 2746 1327 2242 4720 3223 2412 2103 4304 1852 3693 2980 4306 3427 3267 6170 1873 3798 2754 2809 4418 2295 -1 -1 3544 2719 1987 2776 3274 3770 2607 2538 3383 3364 2940 2420 3691 -1 3015 -1 3621
2889 5516 2042 3474 3484 5045 4519 4715 2579 -1 3262 4000 4888 3075 3633 4578 2695 2907 2138 4572 2824 2777 4293 2201 3647 3902 3166 2687 4083 4536 3945 4874 4331 2421 -1 3363 2950 5156 4474 3968 4239 3541 3923 2800 3647 4415 3672 5164 3544 3839 2731 3102 1968 4669 -1 2882 3907 -1 3216 1318 3644 3401 3902 3751 5163 4113 2541 4076 3926 3615 3634 3050 4595 4674 6195 3947 5031 3584 2934 4739 1979 -1 -1 3041 2662 3002 3791 4104 3038 3554 2757 2842 4102 2786 3653 4718 -1 2721 -1 3974
4113 3669 1855 1284 3024 3991 4564 4927 2392 -1 2343 3171 2251 3292 2332 3197 3698 3124 1951 3983 2637 2064 3261 2188 2266 1712 2700 2500 2379 5207 3567 3566 2141 231 -1 2099 2247 3337 3689 3781 2340 3310 2321 2613 2116 2680 2291 3061 1354 2538 2228 2221 4576 2479 -1 2179 4291 -1 2513 1989 2380 2853 2935 4761 3868 3085 928 1886 2545 2333 2224 2863 4120 3960 5657 2566 4039 1394 1587 3058 2456 -1 -1 404 2431 812 1601 1914 2449 3367 120 2545 2489 2937 2661 2528 -1 2327 -1 3662
3095 3967 2158 1043 2264 3274 3788 3062 2695 -1 3022 3638 3388 2681 1484 2712 4317 2513 2254 2801 2299 1837 2504 2171 1781 1782 3932 2225 2138 4857 1832 3207 2165 1246 -1 1342 929 3470 2841 3333 2807 2358 1902 2165 2679 3695 1806 3131 1424 1690 2847 1081 3736 3413 -1 861 2880 -1 1195 2292 1623 1535 2450 3432 3431 278 1943 2901 366 2403 1613 3166 3367 1781 4036 2081 3052 1464 1475 1440 2503 -1 -1 2629 3110 1827 2616 2352 2647 694 2345 1897 1166 1817 1674 3534 -1 2100 -1 3243
5395 4996 3801 2541 4281 5419 5438 4712 4338 -1 4289 4054 4197 3391 4278 4932 5644 3223 3897 4810 3932 1558 4196 3821 3761 3280 4455 4133 3636 5977 3366 4459 4087 2177 -1 3485 4193 5283 3535 4611 4286 4008 4267 4559 3040 4626 1762 4629 2922 2384 4174 3945 5139 4425 -1 4125 4530 -1 4459 3531 3766 4799 2942 5082 4679 4166 2874 3832 2016 3901 4170 4637 4127 3431 2790 4512 3812 2962 2973 4132 4402 -1 -1 2350 4377 2758 3547 3860 3373 4582 2066 3547 4435 4075 2434 3855 -1 1821 -1 5420
3685 3090 960 2199 1925 3893 2590 3712 1497 -1 3012 2598 3760 3208 2231 3331 3119 3040 1056 3420 1422 1375 3123 973 2400 2381 3501 1285 2681 4312 634 3646 2810 1786 -1 1961 1548 4403 3068 2886 3406 3225 2521 1718 2245 3325 2425 3422 2023 2437 1649 1700 3677 3148 -1 1480 3683 -1 1814 1094 2242 2154 2759 2234 4050 1434 1597 3279 1522 2213 2232 1968 2169 583 4793 2700 3629 2063 1852 2596 2252 -1 -1 1959 2438 1481 2270 1876 1956 1850 1675 2507 2322 2436 2251 3197 -1 1638 -1 2572
3403 4158 3686 2685 2126 3795 4675 4716 3421 -1 3418 3791 3916 1717 2287 3240 4531 1549 3782 3359 3441 1443 2935 1977 2309 3113 1808 1836 3780 6486 3810 3735 3542 1632 -1 2017 1604 3798 3644 4810 2881 3462 2577 3642 2359 3057 2334 4275 2755 2493 3573 1756 610 3880 -1 1536 2569 -1 1870 3268 2298 2063 2827 5017 3805 3106 1906 3287 2588 3734 3715 3456 3237 3970 5216 2609 3697 2795 2636 3451 621 -1 -1 2235 3455 2213 3002 3027 2692 3343 1951 3658 3467 1428 2319 3929 -1 1706 -1 3918
4606 3849 3151 2580 4320 3260 4419 4364 3045 -1 3162 3822 3466 2602 2920 4493 4667 2434 2604 4257 1370 908 4557 2862 3562 3008 3805 3796 3496 6212 3352 4862 3437 1527 -1 3395 3328 4633 4277 4434 3636 4606 3617 3266 2390 3268 3587 4357 2650 3126 3197 2981 5119 3775 -1 3260 5081 -1 3594 3285 3676 3934 1743 3614 5164 3327 2224 3182 3841 3629 3520 3516 2928 3301 4741 3862 3162 2690 2883 3482 3579 -1 -1 1700 3727 2108 2897 3210 2723 4568 1416 3841 3360 3425 1784 3442 -1 1171 -1 2515
2752 4206 3009 2438 2085 2482 3794 4222 2452 -1 3065 3680 3405 2599 2244 4316 4074 2431 2011 1970 3443 766 3983 3269 3385 2434 3663 3654 3533 6312 1554 4288 2863 1385 -1 2821 3005 3799 2743 3841 3459 4032 2137 2673 103 2592 2929 3783 2076 1592 2604 2758 4347 3016 -1 2937 4405 -1 3248 3143 3102 3611 2150 4577 3474 2354 1465 3040 2442 3055 2981 2923 3335 3708 3957 3685 3020 2116 2309 1195 2903 -1 -1 1558 3153 1349 2138 2636 436 2770 1274 3267 3026 3283 1642 3065 -1 1029 -1 3478
2492 4763 3516 2945 3368 4383 5333 4427 3819 -1 3065 3436 3912 3106 1009 1689 4341 2938 3378 3871 3602 1273 1886 3697 3927 3065 3061 3195 3519 6101 3291 3261 3802 1892 -1 3452 3426 4998 2366 5204 4001 1948 3982 4040 1840 4341 3436 2997 2707 1215 3400 478 4706 4140 -1 3358 3083 -1 3692 2883 784 4032 2657 5372 3702 4091 2589 3547 3690 3686 3029 3468 3842 4215 3938 4227 3527 2747 2940 3096 3701 -1 -1 2065 3784 2473 3254 1749 2337 3857 1781 2380 4081 2787 2149 3807 -1 1536 -1 4785
