eta_i_P, eta_i_BC, eta_i_R, pi_i_P, pi_i_BC, pi_i_R, C__P_1_0_0, C__BC_1_0_0, C__R_1_0_0, C__P_0_0_0, C__BC_0_0_0, C__R_0_0_0, C__P_0_1_0, C__BC_0_1_0, C__R_0_1_0, C__P_0_1_1, C__BC_0_1_1, C__R_0_1_1, C__P_1_1_1, C__BC_1_1_1, C__R_1_1_1, C__P_1_0_1, C__BC_1_0_1, C__R_1_0_1, eta_f_P, eta_f_BC, eta_f_R, pi_f_P, pi_f_BC, pi_f_R, fit
1, 0, 0, 1.0, 0.0, 1.0, -0.16339869281045752, -0.7717778546070986, -1.4879191804340037, -1.4493068078180995, 0.29069767441860467, -1.4879191804340037, -0.8074911760443015, 1.76013599062662, 0.4098360655737705, 0.16339869281045752, -0.1394098803666748, 1.0183120855921333, -1.00360381595537, -0.04267777097556696, 1.0183120855921333, 1.3747418388396977, -1.024333158980436, -0.4098360655737705, 1, 0, 0, 1.0, 0.0, 1.0, 8.881784197001252e-16
