eta_i_v1, eta_i_v2, pi_i_v1, pi_i_v2, C__v1_0_0, C__v2_0_0, C__v1_1_0, C__v2_1_0, C__v1_1_1, C__v2_1_1, C__v1_0_1, C__v2_0_1, eta_f_v1, eta_f_v2, pi_f_v1, pi_f_v2, fit
0, 0, 0.0, 1.0, 0.2000034, -0.20005287, 1.78216951, 0.14285681, -0.1249933, 0.12501972, -0.52991188, -0.249994, 0, 0, 0.0, 1.0, 0.0010849